# "BaMM.dat" produced by dat_write() from R2admb Sat Jun 13 19:11:43 2026
# altitude 
 2168 

# aspect 
 226 

# DST 
 -1 

# Latitude 
 45.15857 

# Longitude 
 -113.1975 

# Slope 
 1.249682 

# SolarConst 
 1367 

# TimeZone 
 -6 

# Transmiss 
 0.8 

# Area 
 1 

# Depth 
 0.104 

# Salinity 
 0.01 

# alphaP 
 1 

# alphaGK 
 0.9972 

# SMeasFlag 
 0 

# LightSatFlag 
 1 

# SScale 
 0.2762658 

# RKstep 
 2 

# n_irr 
 1863 

# n_tC 
 1863 

# n_O2conc 
 1863 

# n_d18O 
 2 

# irr 
 0 0 0 0 0 0 0 0 0 0 0 0 0 0 0 0 0 0 0 0 0 0 0 0 0 0 0 0 0 0 0 0 0 0 0 0 0 0 0 0 0 0 0 0 0 0 0 0 0 0 0 0 0 0 0 0 0 0 0 0 0 0 0 0 0 0 0 0 0 0 0 0 0 0 0 0 0 0 0 0 0 0 0 0 0 0 0 0 0 0 0 0 0 0 0 0 0 0 0 0 0 0 0 0 0 0 0 0 0 0 0 0 0 0 0 0 0 0 0 0 0 0 0 0 0 0 0 0 0 0 0 0 0 0 0 0 0 0 0 0 0 0 0 0 0 0 0 0 0 0 0 0 0 0 0 0 0 0 0 0 0 0 0 0 0 0 0 0 0 0 0 0 0 0 0 0 0 0 0 0 0 0 0 0 0 0 0 0 0 0 0 0 0 0 0 0 0 0 0 0 0 0 0 0 0 0 0 0 0 0 0 0 0 0 0 0 0 0 0 0 0 0 0 0 0 0 0 0 0 0 0 0 0 0 0 0 0 0 0 0 0 0 0 0 0 0 0 0 0 0 0 0 0 0 0 0 0 0 0 0 0 0 0 0 0 0 0 0 0 0 0 0 0 0 0 0 0 0 0 0 0 0 0 0 0 0 0 0 0 0 0 0 0 0 0 0 0 0 0 0 0 0 0 0 0 0 0 0 0 0 0 0 0 0 0 0 0 0 0 0 0 0 0 0 0 0 0 0 0 0 0 0 0 0 0 0 0 0 0 0 0 0 0 0 0 0 0 0 0 0 0 0 0 0 0 0 0 0 0 0 0 0 0 0 0 0 0 0 0 0 0 0 0 0 0 0 0 0 0 0 0 0 0 0 0 0 0 0 0 0 0 0 0 0 0 0 0 0 0 0 0 0 0 0 0 0 0 0 0 0 0 0 0 0 0 0 0 0 0 0 0 0 0 0 0 0 0 0 0 0 0 0 0 0 0 0 0 0 0 0 0 0 0 0 0 0 0 0 0 0 0 0 0 0 0 0 0 0 0 0 0 0 0 0 0 0 0 0 0 0 0 0 0 0 0 0 0 0 0 0 0 0 0 0 0 0 0 0 0 0 0 0 0 0 0 0 0 0 0 0 0 0 0 0 0 0 0 0 0 0 0 0 0 0 0 0 0 0 0 0 0 0 0 0 0 0 0 0 0 0 0 0 0 0 0 0 0 0 0 0 0 0 0 0 0 0 0 0 0 0 0 0 0 0 0 0 0 0 0 0 0 0 0 0 0 0 0 0 0 0 0 0 0 0 0 0 0 0 0 0 0 0 0 0 0 0 0 0 0 0 0 0 0 0 0 0 0 0 0 0 0 0 0 0 0 0 0 0 0 0 0 0 0 0 0 0 0 0 0 0 0 0 0 0 0 0 0 0 0 0 0 0 0 0 0 0 0 0 0 0 0 0 0 0 0 0 0 0 0 0 0 0 0 0 0 0 0 0 0 0 0 0 0 0 0 0 0 0 0 0 0 0 0 0 0 0 0 0 0 0 0 0 0 0 0 0 0 0 0 0 0 0 0 0 0 0 0 0 0 0 0 0 0 0 0 0 0 0 0 0 0 0 0 0 0 0 0 0 0 0 0 0 0 0 0 0 0 0 0 0 0 0 0 0 0 0 0 0 0 0 0 0 0 0 0 0 0 0 0 0 0 0 0 0 0 0 0 0 0 0 0 0 0 0 0 0 0 0 0 0 0 0 0 0 0 0 0 0 0 0 0 0 0 0 0 0 0 0 0 0 0 0 0 0 0 0 0 0 0 0 0 0 0 0 0 0 0 0 0 0 0 0 0 0 0 0 0 0 0 0 0 0 0 0 0 0 0 0 0 0 0 0 0 0 0 0 0 0 0 0 0 0 0 0 0 0 0 0 0 0 0 0 0 0 0 0 0 0 0 0 0 0 0 0 0 0 0 0 0 0 0 0 0 0 0 0 0 0 0 0 0 0 0 0 0 0 0 0 0 0 0 0 0 0 0 0 0 0 0 0 0 0 0 0 0 0 0 0 0 0 0 0 0 0 0 0 0 0 0 0 0 0 0 0 0 0 0 0 0 0 0 0 0 0 0 0 0 0 0 0 0 0 0 0 0 0 0 0 0 0 0 0 0 0 0 0 0 0 0 0 0 0 0 0 0 0 0 0 0 0 0 0 0 0 0 0 0 0 0 0 0 0 0 0 0 0 0 0 0 0 0 0 0 0 0 0 0 0 0 0 0 0 0 0 0 0 0 0 0 0 0 0 0 0 0 0 0 0 0 0 0 0 0 0 0 0 0 0 0 0 0 0 0 0 0 0 0 0 0 0 0 0 0 0 0 0 0 0 0 0 0 0 0 0 0 0 0 0 0 0 0 0 0 0 0 0 0 0 0 0 0 0 0 0 0 0 0 0 0 0 0 0 0 0 0 0 0 0 0 0 0 0 0 0 0 0 0 0 0 0 0 0 0 0 0 0 0 0 0 0 0 0 0 0 0 0 0 0 0 0 0 0 0 0 0 0 0 0 0 0 0 0 0 0 0 0 0 0 0 0 0 0 0 0 0 0 0 0 0 0 0 0 0 0 0 0 0 0 0 0 0 0 0 0 0 0 0 0 0 0 0 0 0 0 0 0 0 0 0 0 0 0 0 0 0 0 0 0 0 0 0 0 0 0 0 0 0 0 0 0 0 0 0 0 0 0 0 0 0 0 0 0 0 0 0 0 0 0 0 0 0 0 0 0 0 0 0 0 0 0 0 0 0 0 0 0 0 0 0 0 0 0 0 0 0 0 0 0 0 0 0 0 0 0 0 0 0 0 0 0 0 0 0 0 0 0 0 0 0 0 0 0 0 0 0 0 0 0 0 0 0 0 0 0 0 0 0 0 0 0 0 0 0 0 0 0 0 0 0 0 0 0 0 0 0 0 0 0 0 0 0 0 0 0 0 0 0 0 0 0 0 0 0 0 0 0 0 0 0 0 0 0 0 0 0 0 0 0 0 0 0 0 0 0 0 0 0 0 0 0 0 0 0 0 0 0 0 0 0 0 0 0 0 0 0 0 0 0 0 0 0 0 0 0 0 0 0 0 0 0 0 0 0 0 0 0 0 0 0 0 0 0 0 0 0 0 0 0 0 0 0 0 0 0 0 0 0 0 0 0 0 0 0 0 0 0 0 0 0 0 0 0 0 0 0 0 0 0 0 0 0 0 0 0 0 0 0 0 0 0 0 0 0 0 0 0 0 0 0 0 0 0 0 0 0 0 0 0 0 0 0 0 0 0 0 0 0 0 0 0 0 0 0 0 0 0 0 0 0 0 0 0 0 0 0 0 0 0 0 0 0 0 0 0 0 0 0 0 0 0 0 0 0 0 0 0 0 0 0 0 0 0 0 0 0 0 0 0 0 0 0 0 0 0 0 0 0 0 0 0 0 0 0 0 0 0 0 0 0 0 0 0 0 0 0 0 0 0 0 0 0 0 0 0 0 0 0 0 0 0 0 0 0 0 0 0 0 0 0 0 0 0 0 0 0 0 0 0 0 0 0 0 0 0 0 0 0 0 0 0 0 0 0 0 0 0 0 0 0 0 0 0 0 0 0 0 0 0 0 0 0 0 0 0 0 0 0 0 0 0 0 0 0 0 0 0 0 0 0 0 0 0 0 0 0 0 0 0 0 0 0 0 0 0 0 0 0 0 0 0 0 0 0 0 0 0 0 0 0 0 0 0 0 0 0 0 0 0 0 0 0 0 0 0 0 0 0 0 0 0 0 0 0 0 0 0 0 0 0 0 0 0 0 0 0 0 0 0 0 0 0 0 0 0 0 0 0 0 0 0 0 0 0 0 0 0 0 0 0 0 0 0 0 0 0 0 0 0 0 0 0 0 0 0 0 0 0 0 0 0 0 0 0 0 0 0 0 0 0 0 0 0 0 0 0 0 0 0 0 0 0 0 0 0 0 0 0 0 0 0 0 0 0 0 0 0 0 0 0 0 0 0 0 0 0 0 0 0 0 0 0 0 0 0 0 0 0 0 0 0 0 0 0 0 0 0 0 0 0 0 0 0 0 0 0 0 0 0 0 0 0 0 0 0 0 0 0 0 0 0 0 0 0 0 0 0 0 0 0 0 0 0 0 0 0 0 0 0 0 0 0 0 0 0 0 0 0 0 0 0 0 0 0 

# DOY 
 227 227 227 227 227 227 227 227 227 227 227 227 227 227 227 227 227 227 227 227 227 227 227 227 227 227 227 227 227 227 227 227 227 227 227 227 227 227 227 227 227 227 227 227 227 227 227 227 227 227 227 227 227 227 227 227 227 227 227 227 227 227 227 227 227 227 227 227 227 227 227 227 227 227 227 227 227 227 227 227 227 227 227 227 227 227 227 227 227 227 227 227 227 227 227 227 227 227 227 227 227 227 227 227 227 227 227 227 227 227 227 227 227 227 227 227 227 227 227 227 227 227 227 227 227 227 227 227 227 227 227 227 227 227 227 227 227 227 227 227 227 227 227 227 228 228 228 228 228 228 228 228 228 228 228 228 228 228 228 228 228 228 228 228 228 228 228 228 228 228 228 228 228 228 228 228 228 228 228 228 228 228 228 228 228 228 228 228 228 228 228 228 228 228 228 228 228 228 228 228 228 228 228 228 228 228 228 228 228 228 228 228 228 228 228 228 228 228 228 228 228 228 228 228 228 228 228 228 228 228 228 228 228 228 228 228 228 228 228 228 228 228 228 228 228 228 228 228 228 228 228 228 228 228 228 228 228 228 228 228 228 228 228 228 228 228 228 228 228 228 228 228 228 228 228 228 228 228 228 228 228 228 228 228 228 228 228 229 229 229 229 229 229 229 229 229 229 229 229 229 229 229 229 229 229 229 229 229 229 229 229 229 229 229 229 229 229 229 229 229 229 229 229 229 229 229 229 229 229 229 229 229 229 229 229 229 229 229 229 229 229 229 229 229 229 229 229 229 229 229 229 229 229 229 229 229 229 229 229 229 229 229 229 229 229 229 229 229 229 229 229 229 229 229 229 229 229 229 229 229 229 229 229 229 229 229 229 229 229 229 229 229 229 229 229 229 229 229 229 229 229 229 229 229 229 229 229 229 229 229 229 229 229 229 229 229 229 229 229 229 229 229 229 229 229 229 229 229 230 230 230 230 230 230 230 230 230 230 230 230 230 230 230 230 230 230 230 230 230 230 230 230 230 230 230 230 230 230 230 230 230 230 230 230 230 230 230 230 230 230 230 230 230 230 230 230 230 230 230 230 230 230 230 230 230 230 230 230 230 230 230 230 230 230 230 230 230 230 230 230 230 230 230 230 230 230 230 230 230 230 230 230 230 230 230 230 230 230 230 230 230 230 230 230 230 230 230 230 230 230 230 230 230 230 230 230 230 230 230 230 230 230 230 230 230 230 230 230 230 230 230 230 230 230 230 230 230 230 230 230 230 230 230 230 230 230 230 230 230 230 231 231 231 231 231 231 231 231 231 231 231 231 231 231 231 231 231 231 231 231 231 231 231 231 231 231 231 231 231 231 231 231 231 231 231 231 231 231 231 231 231 231 231 231 231 231 231 231 231 231 231 231 231 231 231 231 231 231 231 231 231 231 231 231 231 231 231 231 231 231 231 231 231 231 231 231 231 231 231 231 231 231 231 231 231 231 231 231 231 231 231 231 231 231 231 231 231 231 231 231 231 231 231 231 231 231 231 231 231 231 231 231 231 231 231 231 231 231 231 231 231 231 231 231 231 231 231 231 231 231 231 231 231 231 231 231 231 231 231 231 231 231 231 231 232 232 232 232 232 232 232 232 232 232 232 232 232 232 232 232 232 232 232 232 232 232 232 232 232 232 232 232 232 232 232 232 232 232 232 232 232 232 232 232 232 232 232 232 232 232 232 232 232 232 232 232 232 232 232 232 232 232 232 232 232 232 232 232 232 232 232 232 232 232 232 232 232 232 232 232 232 232 232 232 232 232 232 232 232 232 232 232 232 232 232 232 232 232 232 232 232 232 232 232 232 232 232 232 232 232 232 232 232 232 232 232 232 232 232 232 232 232 232 232 232 232 232 232 232 232 232 232 232 232 232 232 232 232 232 232 232 232 232 232 232 232 232 232 233 233 233 233 233 233 233 233 233 233 233 233 233 233 233 233 233 233 233 233 233 233 233 233 233 233 233 233 233 233 233 233 233 233 233 233 233 233 233 233 233 233 233 233 233 233 233 233 233 233 233 233 233 233 233 233 233 233 233 233 233 233 233 233 233 233 233 233 233 233 233 233 233 233 233 233 233 233 233 233 233 233 233 233 233 233 233 233 233 233 233 233 233 233 233 233 233 233 233 233 233 233 233 233 233 233 233 233 233 233 233 233 233 233 233 233 233 233 233 233 233 233 233 233 233 233 233 233 233 233 233 233 233 233 233 233 233 233 233 233 233 233 233 234 234 234 234 234 234 234 234 234 234 234 234 234 234 234 234 234 234 234 234 234 234 234 234 234 234 234 234 234 234 234 234 234 234 234 234 234 234 234 234 234 234 234 234 234 234 234 234 234 234 234 234 234 234 234 234 234 234 234 234 234 234 234 234 234 234 234 234 234 234 234 234 234 234 234 234 234 234 234 234 234 234 234 234 234 234 234 234 234 234 234 234 234 234 234 234 234 234 234 234 234 234 234 234 234 234 234 234 234 234 234 234 234 234 234 234 234 234 234 234 234 234 234 234 234 234 234 234 234 234 234 234 234 234 234 234 234 234 234 234 234 234 234 234 235 235 235 235 235 235 235 235 235 235 235 235 235 235 235 235 235 235 235 235 235 235 235 235 235 235 235 235 235 235 235 235 235 235 235 235 235 235 235 235 235 235 235 235 235 235 235 235 235 235 235 235 235 235 235 235 235 235 235 235 235 235 235 235 235 235 235 235 235 235 235 235 235 235 235 235 235 235 235 235 235 235 235 235 235 235 235 235 235 235 235 235 235 235 235 235 235 235 235 235 235 235 235 235 235 235 235 235 235 235 235 235 235 235 235 235 235 235 235 235 235 235 235 235 235 235 235 235 235 235 235 235 235 235 235 235 235 235 235 235 235 235 235 235 236 236 236 236 236 236 236 236 236 236 236 236 236 236 236 236 236 236 236 236 236 236 236 236 236 236 236 236 236 236 236 236 236 236 236 236 236 236 236 236 236 236 236 236 236 236 236 236 236 236 236 236 236 236 236 236 236 236 236 236 236 236 236 236 236 236 236 236 236 236 236 236 236 236 236 236 236 236 236 236 236 236 236 236 236 236 236 236 236 236 236 236 236 236 236 236 236 236 236 236 236 236 236 236 236 236 236 236 236 236 236 236 236 236 236 236 236 236 236 236 236 236 236 236 236 236 236 236 236 236 236 236 236 236 236 236 236 236 236 236 236 236 236 236 237 237 237 237 237 237 237 237 237 237 237 237 237 237 237 237 237 237 237 237 237 237 237 237 237 237 237 237 237 237 237 237 237 237 237 237 237 237 237 237 237 237 237 237 237 237 237 237 237 237 237 237 237 237 237 237 237 237 237 237 237 237 237 237 237 237 237 237 237 237 237 237 237 237 237 237 237 237 237 237 237 237 237 237 237 237 237 237 237 237 237 237 237 237 237 237 237 237 237 237 237 237 237 237 237 237 237 237 237 237 237 237 237 237 237 237 237 237 237 237 237 237 237 237 237 237 237 237 237 237 237 237 237 237 237 237 237 237 237 237 237 237 237 237 238 238 238 238 238 238 238 238 238 238 238 238 238 238 238 238 238 238 238 238 238 238 238 238 238 238 238 238 238 238 238 238 238 238 238 238 238 238 238 238 238 238 238 238 238 238 238 238 238 238 238 238 238 238 238 238 238 238 238 238 238 238 238 238 238 238 238 238 238 238 238 238 238 238 238 238 238 238 238 238 238 238 238 238 238 238 238 238 238 238 238 238 238 238 238 238 238 238 238 238 238 238 238 238 238 238 238 238 238 238 238 238 238 238 238 238 238 238 238 238 238 238 238 238 238 238 238 238 238 238 238 238 238 238 238 238 238 238 238 238 238 238 238 239 239 239 239 239 239 239 239 239 239 239 239 239 239 239 239 239 239 239 239 239 239 239 239 239 239 239 239 239 239 239 239 239 239 239 239 239 239 239 239 239 239 239 239 239 239 239 239 239 239 239 239 239 239 239 239 239 239 239 239 239 239 239 239 239 239 239 239 239 239 239 239 239 239 239 239 239 239 239 239 239 239 239 239 239 239 239 239 239 239 239 239 239 239 239 239 239 239 239 239 239 239 239 239 239 239 239 239 239 239 239 239 239 239 239 239 239 239 239 239 239 239 239 239 239 239 239 239 239 239 239 239 239 239 239 239 239 239 239 239 239 239 239 

# TOD 
 0.1 0.2666667 0.4333333 0.6 0.7666667 0.9333333 1.1 1.266667 1.433333 1.6 1.766667 1.933333 2.1 2.266667 2.433333 2.6 2.766667 2.933333 3.1 3.266667 3.433333 3.6 3.766667 3.933333 4.1 4.266667 4.433333 4.6 4.766667 4.933333 5.1 5.266667 5.433333 5.6 5.766667 5.933333 6.1 6.266667 6.433333 6.6 6.766667 6.933333 7.1 7.266667 7.433333 7.6 7.766667 7.933333 8.1 8.266667 8.433333 8.6 8.766667 8.933333 9.1 9.266667 9.433333 9.6 9.766667 9.933333 10.1 10.26667 10.43333 10.6 10.76667 10.93333 11.1 11.26667 11.43333 11.6 11.76667 11.93333 12.1 12.26667 12.43333 12.6 12.76667 12.93333 13.1 13.26667 13.43333 13.6 13.76667 13.93333 14.1 14.26667 14.43333 14.6 14.76667 14.93333 15.1 15.26667 15.43333 15.6 15.76667 15.93333 16.1 16.26667 16.43333 16.6 16.76667 16.93333 17.1 17.26667 17.43333 17.6 17.76667 17.93333 18.1 18.26667 18.43333 18.6 18.76667 18.93333 19.1 19.26667 19.43333 19.6 19.76667 19.93333 20.1 20.26667 20.43333 20.6 20.76667 20.93333 21.1 21.26667 21.43333 21.6 21.76667 21.93333 22.1 22.26667 22.43333 22.6 22.76667 22.93333 23.1 23.26667 23.43333 23.6 23.76667 23.93333 0.1 0.2666667 0.4333333 0.6 0.7666667 0.9333333 1.1 1.266667 1.433333 1.6 1.766667 1.933333 2.1 2.266667 2.433333 2.6 2.766667 2.933333 3.1 3.266667 3.433333 3.6 3.766667 3.933333 4.1 4.266667 4.433333 4.6 4.766667 4.933333 5.1 5.266667 5.433333 5.6 5.766667 5.933333 6.1 6.266667 6.433333 6.6 6.766667 6.933333 7.1 7.266667 7.433333 7.6 7.766667 7.933333 8.1 8.266667 8.433333 8.6 8.766667 8.933333 9.1 9.266667 9.433333 9.6 9.766667 9.933333 10.1 10.26667 10.43333 10.6 10.76667 10.93333 11.1 11.26667 11.43333 11.6 11.76667 11.93333 12.1 12.26667 12.43333 12.6 12.76667 12.93333 13.1 13.26667 13.43333 13.6 13.76667 13.93333 14.1 14.26667 14.43333 14.6 14.76667 14.93333 15.1 15.26667 15.43333 15.6 15.76667 15.93333 16.1 16.26667 16.43333 16.6 16.76667 16.93333 17.1 17.26667 17.43333 17.6 17.76667 17.93333 18.1 18.26667 18.43333 18.6 18.76667 18.93333 19.1 19.26667 19.43333 19.6 19.76667 20.1 20.26667 20.43333 20.6 20.76667 20.93333 21.1 21.26667 21.43333 21.6 21.76667 21.93333 22.1 22.26667 22.43333 22.6 22.76667 22.93333 23.1 23.26667 23.43333 23.6 23.76667 23.93333 0.1 0.2666667 0.4333333 0.6 0.7666667 0.9333333 1.1 1.266667 1.433333 1.6 1.766667 1.933333 2.1 2.266667 2.433333 2.6 2.766667 2.933333 3.1 3.266667 3.433333 3.6 3.766667 3.933333 4.1 4.266667 4.433333 4.6 4.766667 4.933333 5.1 5.266667 5.433333 5.6 5.766667 5.933333 6.1 6.266667 6.433333 6.6 6.766667 6.933333 7.1 7.266667 7.433333 7.6 7.766667 7.933333 8.1 8.266667 8.433333 8.6 8.766667 8.933333 9.1 9.266667 9.433333 9.6 9.766667 10.1 10.26667 10.43333 10.6 10.76667 10.93333 11.1 11.26667 11.43333 11.6 11.76667 11.93333 12.1 12.26667 12.43333 12.6 12.76667 12.93333 13.1 13.26667 13.43333 13.6 13.76667 13.93333 14.1 14.26667 14.43333 14.6 14.93333 15.1 15.26667 15.43333 15.6 15.76667 15.93333 16.1 16.26667 16.43333 16.6 16.76667 16.93333 17.1 17.26667 17.43333 17.6 17.76667 17.93333 18.1 18.26667 18.43333 18.6 18.76667 18.93333 19.1 19.26667 19.43333 19.6 19.76667 19.93333 20.26667 20.43333 20.6 20.76667 20.93333 21.1 21.26667 21.43333 21.6 21.76667 21.93333 22.1 22.26667 22.43333 22.6 22.76667 22.93333 23.1 23.26667 23.43333 23.6 23.76667 23.93333 0.1 0.2666667 0.4333333 0.6 0.7666667 0.9333333 1.1 1.266667 1.433333 1.6 1.766667 1.933333 2.1 2.266667 2.433333 2.6 2.766667 2.933333 3.1 3.266667 3.433333 3.6 3.766667 3.933333 4.1 4.266667 4.433333 4.6 4.766667 4.933333 5.1 5.266667 5.433333 5.6 5.766667 5.933333 6.1 6.266667 6.433333 6.6 6.766667 6.933333 7.1 7.266667 7.433333 7.6 7.766667 7.933333 8.1 8.266667 8.433333 8.6 8.766667 8.933333 9.266667 9.433333 9.6 9.766667 9.933333 10.1 10.26667 10.43333 10.6 10.76667 10.93333 11.1 11.26667 11.43333 11.6 11.76667 11.93333 12.1 12.26667 12.43333 12.6 12.76667 12.93333 13.1 13.26667 13.43333 13.6 13.76667 13.93333 14.1 14.26667 14.43333 14.6 14.76667 14.93333 15.1 15.26667 15.43333 15.6 15.76667 15.93333 16.1 16.26667 16.6 16.76667 16.93333 17.1 17.26667 17.43333 17.6 17.76667 17.93333 18.1 18.26667 18.43333 18.6 18.76667 18.93333 19.1 19.26667 19.43333 19.6 19.76667 19.93333 20.1 20.26667 20.43333 20.6 20.76667 20.93333 21.1 21.26667 21.43333 21.6 21.76667 21.93333 22.1 22.26667 22.43333 22.6 22.76667 22.93333 23.1 23.26667 23.43333 23.6 23.76667 23.93333 0.1 0.2666667 0.4333333 0.6 0.7666667 0.9333333 1.1 1.266667 1.433333 1.6 1.766667 1.933333 2.1 2.266667 2.433333 2.6 2.766667 2.933333 3.1 3.266667 3.433333 3.6 3.766667 3.933333 4.1 4.266667 4.433333 4.6 4.766667 4.933333 5.1 5.266667 5.433333 5.6 5.766667 5.933333 6.1 6.266667 6.433333 6.6 6.766667 6.933333 7.1 7.266667 7.433333 7.6 7.766667 7.933333 8.1 8.266667 8.433333 8.6 8.766667 8.933333 9.1 9.266667 9.433333 9.6 9.766667 9.933333 10.1 10.26667 10.43333 10.6 10.76667 10.93333 11.1 11.26667 11.43333 11.6 11.76667 11.93333 12.1 12.26667 12.43333 12.6 12.76667 12.93333 13.1 13.26667 13.43333 13.6 13.76667 13.93333 14.1 14.26667 14.43333 14.6 14.76667 14.93333 15.1 15.26667 15.43333 15.6 15.76667 15.93333 16.1 16.26667 16.43333 16.6 16.76667 16.93333 17.1 17.26667 17.43333 17.6 17.76667 17.93333 18.1 18.26667 18.43333 18.6 18.76667 18.93333 19.1 19.26667 19.43333 19.6 19.76667 19.93333 20.1 20.26667 20.43333 20.6 20.76667 20.93333 21.1 21.26667 21.43333 21.6 21.76667 21.93333 22.1 22.26667 22.43333 22.6 22.76667 22.93333 23.1 23.26667 23.43333 23.6 23.76667 23.93333 0.1 0.2666667 0.4333333 0.6 0.7666667 0.9333333 1.1 1.266667 1.433333 1.6 1.766667 1.933333 2.1 2.266667 2.433333 2.6 2.766667 2.933333 3.1 3.266667 3.433333 3.6 3.766667 3.933333 4.1 4.266667 4.433333 4.6 4.766667 4.933333 5.1 5.266667 5.433333 5.6 5.766667 5.933333 6.1 6.266667 6.433333 6.6 6.766667 6.933333 7.1 7.266667 7.433333 7.6 7.766667 7.933333 8.1 8.266667 8.433333 8.6 8.766667 8.933333 9.1 9.266667 9.433333 9.6 9.766667 9.933333 10.1 10.26667 10.43333 10.6 10.76667 10.93333 11.1 11.26667 11.43333 11.6 11.76667 11.93333 12.1 12.26667 12.43333 12.6 12.76667 12.93333 13.1 13.26667 13.43333 13.6 13.76667 13.93333 14.1 14.26667 14.43333 14.6 14.76667 14.93333 15.1 15.26667 15.43333 15.6 15.76667 15.93333 16.1 16.26667 16.43333 16.6 16.76667 16.93333 17.1 17.26667 17.43333 17.6 17.76667 17.93333 18.1 18.26667 18.43333 18.6 18.76667 18.93333 19.1 19.26667 19.43333 19.6 19.76667 19.93333 20.1 20.26667 20.43333 20.6 20.76667 20.93333 21.1 21.26667 21.43333 21.6 21.76667 21.93333 22.1 22.26667 22.43333 22.6 22.76667 22.93333 23.1 23.26667 23.43333 23.6 23.76667 23.93333 0.1 0.2666667 0.4333333 0.6 0.7666667 0.9333333 1.1 1.266667 1.433333 1.6 1.766667 1.933333 2.1 2.266667 2.433333 2.6 2.766667 2.933333 3.1 3.266667 3.433333 3.6 3.766667 3.933333 4.1 4.266667 4.433333 4.6 4.766667 4.933333 5.1 5.266667 5.433333 5.6 5.766667 5.933333 6.1 6.266667 6.433333 6.6 6.766667 6.933333 7.1 7.266667 7.433333 7.6 7.766667 7.933333 8.1 8.266667 8.433333 8.6 8.766667 8.933333 9.1 9.266667 9.433333 9.766667 9.933333 10.1 10.26667 10.43333 10.6 10.76667 10.93333 11.1 11.26667 11.43333 11.6 11.76667 11.93333 12.1 12.26667 12.43333 12.6 12.76667 12.93333 13.1 13.26667 13.43333 13.6 13.76667 13.93333 14.1 14.26667 14.43333 14.6 14.76667 14.93333 15.1 15.26667 15.43333 15.6 15.76667 15.93333 16.1 16.26667 16.43333 16.6 16.76667 16.93333 17.1 17.26667 17.43333 17.6 17.76667 17.93333 18.1 18.26667 18.43333 18.6 18.76667 18.93333 19.1 19.26667 19.43333 19.6 19.76667 19.93333 20.1 20.26667 20.43333 20.6 20.76667 20.93333 21.1 21.26667 21.43333 21.6 21.76667 21.93333 22.1 22.26667 22.43333 22.6 22.76667 22.93333 23.1 23.26667 23.43333 23.6 23.76667 23.93333 0.1 0.2666667 0.4333333 0.6 0.7666667 0.9333333 1.1 1.266667 1.433333 1.6 1.766667 1.933333 2.1 2.266667 2.433333 2.6 2.766667 2.933333 3.1 3.266667 3.433333 3.6 3.766667 3.933333 4.1 4.266667 4.433333 4.6 4.766667 4.933333 5.1 5.266667 5.433333 5.6 5.766667 5.933333 6.1 6.266667 6.433333 6.6 6.766667 6.933333 7.1 7.266667 7.433333 7.6 7.766667 7.933333 8.1 8.266667 8.433333 8.6 8.766667 8.933333 9.1 9.266667 9.433333 9.6 9.766667 9.933333 10.1 10.26667 10.43333 10.6 10.76667 10.93333 11.1 11.26667 11.43333 11.6 11.76667 11.93333 12.1 12.26667 12.43333 12.6 12.76667 12.93333 13.1 13.26667 13.43333 13.6 13.76667 13.93333 14.1 14.26667 14.43333 14.6 14.76667 14.93333 15.1 15.26667 15.43333 15.6 15.76667 15.93333 16.1 16.26667 16.43333 16.6 16.76667 16.93333 17.1 17.26667 17.43333 17.6 17.76667 17.93333 18.1 18.26667 18.43333 18.6 18.76667 18.93333 19.1 19.26667 19.43333 19.6 19.76667 19.93333 20.1 20.26667 20.43333 20.6 20.76667 20.93333 21.1 21.26667 21.43333 21.6 21.76667 21.93333 22.1 22.26667 22.43333 22.6 22.76667 22.93333 23.1 23.26667 23.43333 23.6 23.76667 23.93333 0.1 0.2666667 0.4333333 0.6 0.7666667 0.9333333 1.1 1.266667 1.433333 1.6 1.766667 1.933333 2.1 2.266667 2.433333 2.6 2.766667 2.933333 3.1 3.266667 3.433333 3.6 3.766667 3.933333 4.1 4.266667 4.433333 4.6 4.766667 4.933333 5.1 5.266667 5.433333 5.6 5.766667 5.933333 6.1 6.266667 6.433333 6.6 6.766667 6.933333 7.1 7.266667 7.433333 7.6 7.766667 7.933333 8.1 8.266667 8.433333 8.6 8.766667 8.933333 9.1 9.266667 9.433333 9.6 9.766667 9.933333 10.1 10.26667 10.43333 10.6 10.76667 10.93333 11.1 11.26667 11.43333 11.6 11.76667 11.93333 12.1 12.26667 12.43333 12.6 12.76667 12.93333 13.1 13.26667 13.43333 13.6 13.76667 13.93333 14.1 14.26667 14.43333 14.6 14.76667 14.93333 15.1 15.26667 15.43333 15.6 15.76667 15.93333 16.1 16.26667 16.43333 16.6 16.76667 16.93333 17.1 17.26667 17.43333 17.6 17.76667 17.93333 18.1 18.26667 18.43333 18.6 18.76667 18.93333 19.1 19.26667 19.43333 19.6 19.76667 19.93333 20.1 20.26667 20.43333 20.6 20.76667 20.93333 21.1 21.26667 21.43333 21.6 21.76667 21.93333 22.1 22.26667 22.43333 22.6 22.76667 22.93333 23.1 23.26667 23.43333 23.6 23.76667 23.93333 0.1 0.2666667 0.4333333 0.6 0.7666667 0.9333333 1.1 1.266667 1.433333 1.6 1.766667 1.933333 2.1 2.266667 2.433333 2.6 2.766667 2.933333 3.1 3.266667 3.433333 3.6 3.766667 3.933333 4.1 4.266667 4.433333 4.6 4.766667 4.933333 5.1 5.266667 5.433333 5.6 5.766667 5.933333 6.1 6.266667 6.433333 6.6 6.766667 6.933333 7.1 7.266667 7.433333 7.6 7.766667 7.933333 8.1 8.266667 8.433333 8.6 8.766667 8.933333 9.1 9.266667 9.433333 9.6 9.766667 9.933333 10.1 10.26667 10.43333 10.6 10.76667 10.93333 11.1 11.26667 11.43333 11.6 11.76667 11.93333 12.1 12.26667 12.43333 12.6 12.76667 12.93333 13.1 13.26667 13.43333 13.6 13.76667 13.93333 14.1 14.26667 14.43333 14.6 14.76667 14.93333 15.1 15.26667 15.43333 15.6 15.76667 15.93333 16.1 16.26667 16.43333 16.6 16.76667 16.93333 17.1 17.26667 17.43333 17.6 17.76667 17.93333 18.1 18.26667 18.43333 18.6 18.76667 18.93333 19.1 19.26667 19.43333 19.6 19.76667 19.93333 20.1 20.26667 20.43333 20.6 20.76667 20.93333 21.1 21.26667 21.43333 21.6 21.76667 21.93333 22.1 22.26667 22.43333 22.6 22.76667 22.93333 23.1 23.26667 23.43333 23.6 23.76667 23.93333 0.1 0.2666667 0.4333333 0.6 0.7666667 0.9333333 1.1 1.266667 1.433333 1.6 1.766667 1.933333 2.1 2.266667 2.433333 2.6 2.766667 2.933333 3.1 3.266667 3.433333 3.6 3.766667 3.933333 4.1 4.266667 4.433333 4.6 4.766667 4.933333 5.1 5.266667 5.433333 5.6 5.766667 5.933333 6.1 6.266667 6.433333 6.6 6.766667 6.933333 7.1 7.266667 7.433333 7.6 7.766667 7.933333 8.1 8.266667 8.433333 8.6 8.766667 8.933333 9.1 9.266667 9.433333 9.6 9.766667 9.933333 10.1 10.26667 10.43333 10.6 10.76667 10.93333 11.1 11.26667 11.43333 11.6 11.76667 11.93333 12.1 12.26667 12.43333 12.6 12.76667 12.93333 13.1 13.26667 13.43333 13.6 13.76667 13.93333 14.1 14.26667 14.43333 14.6 14.76667 14.93333 15.1 15.26667 15.43333 15.6 15.76667 15.93333 16.1 16.26667 16.43333 16.6 16.76667 16.93333 17.1 17.26667 17.43333 17.6 17.76667 17.93333 18.1 18.26667 18.43333 18.6 18.76667 18.93333 19.1 19.26667 19.43333 19.6 19.76667 19.93333 20.1 20.26667 20.43333 20.6 20.76667 20.93333 21.1 21.26667 21.43333 21.6 21.76667 21.93333 22.1 22.26667 22.43333 22.6 22.76667 22.93333 23.1 23.26667 23.43333 23.6 23.76667 23.93333 0.1 0.2666667 0.4333333 0.6 0.7666667 0.9333333 1.1 1.266667 1.433333 1.6 1.766667 1.933333 2.1 2.266667 2.433333 2.6 2.766667 2.933333 3.1 3.266667 3.433333 3.6 3.766667 3.933333 4.1 4.266667 4.433333 4.6 4.766667 4.933333 5.1 5.266667 5.433333 5.6 5.766667 5.933333 6.1 6.266667 6.433333 6.6 6.766667 6.933333 7.1 7.266667 7.433333 7.6 7.766667 7.933333 8.1 8.266667 8.433333 8.6 8.766667 8.933333 9.1 9.266667 9.433333 9.6 9.766667 9.933333 10.1 10.26667 10.43333 10.6 10.76667 10.93333 11.26667 11.43333 11.6 11.76667 11.93333 12.1 12.26667 12.43333 12.6 12.76667 12.93333 13.1 13.26667 13.43333 13.6 13.76667 13.93333 14.1 14.26667 14.43333 14.6 14.76667 14.93333 15.1 15.26667 15.43333 15.6 15.76667 15.93333 16.1 16.26667 16.43333 16.6 16.76667 16.93333 17.1 17.26667 17.43333 17.6 17.76667 17.93333 18.1 18.26667 18.43333 18.6 18.76667 18.93333 19.1 19.26667 19.43333 19.6 19.76667 19.93333 20.1 20.26667 20.43333 20.6 20.76667 20.93333 21.1 21.26667 21.43333 21.6 21.76667 21.93333 22.1 22.26667 22.43333 22.6 22.76667 22.93333 23.1 23.26667 23.43333 23.6 23.76667 23.93333 0.1 0.2666667 0.4333333 0.6 0.7666667 0.9333333 1.1 1.266667 1.433333 1.6 1.766667 1.933333 2.1 2.266667 2.433333 2.6 2.766667 2.933333 3.1 3.266667 3.433333 3.6 3.766667 3.933333 4.1 4.266667 4.433333 4.6 4.766667 4.933333 5.1 5.266667 5.433333 5.6 5.766667 5.933333 6.1 6.266667 6.433333 6.6 6.766667 6.933333 7.1 7.266667 7.433333 7.6 7.766667 7.933333 8.1 8.266667 8.433333 8.6 8.766667 8.933333 9.1 9.266667 9.433333 9.6 9.766667 9.933333 10.1 10.26667 10.43333 10.6 10.76667 10.93333 11.1 11.26667 11.43333 11.6 11.76667 11.93333 12.1 12.26667 12.43333 12.6 12.76667 12.93333 13.1 13.43333 13.6 13.76667 13.93333 14.1 14.26667 14.43333 14.6 14.76667 14.93333 15.1 15.26667 15.43333 15.6 15.76667 15.93333 16.1 16.26667 16.43333 16.6 16.76667 16.93333 17.1 17.26667 17.43333 17.6 17.76667 17.93333 18.1 18.26667 18.43333 18.6 18.76667 18.93333 19.1 19.26667 19.43333 19.6 19.76667 19.93333 20.1 20.26667 20.43333 20.6 20.76667 20.93333 21.1 21.26667 21.43333 21.6 21.76667 21.93333 22.1 22.26667 22.43333 22.6 22.76667 22.93333 23.1 23.26667 23.43333 23.6 23.76667 23.93333 

# Interval 
 0 0.1666667 0.3333333 0.5 0.6666667 0.8333333 1 1.166667 1.333333 1.5 1.666667 1.833333 2 2.166667 2.333333 2.5 2.666667 2.833333 3 3.166667 3.333333 3.5 3.666667 3.833333 4 4.166667 4.333333 4.5 4.666667 4.833333 5 5.166667 5.333333 5.5 5.666667 5.833333 6 6.166667 6.333333 6.5 6.666667 6.833333 7 7.166667 7.333333 7.5 7.666667 7.833333 8 8.166667 8.333333 8.5 8.666667 8.833333 9 9.166667 9.333333 9.5 9.666667 9.833333 10 10.16667 10.33333 10.5 10.66667 10.83333 11 11.16667 11.33333 11.5 11.66667 11.83333 12 12.16667 12.33333 12.5 12.66667 12.83333 13 13.16667 13.33333 13.5 13.66667 13.83333 14 14.16667 14.33333 14.5 14.66667 14.83333 15 15.16667 15.33333 15.5 15.66667 15.83333 16 16.16667 16.33333 16.5 16.66667 16.83333 17 17.16667 17.33333 17.5 17.66667 17.83333 18 18.16667 18.33333 18.5 18.66667 18.83333 19 19.16667 19.33333 19.5 19.66667 19.83333 20 20.16667 20.33333 20.5 20.66667 20.83333 21 21.16667 21.33333 21.5 21.66667 21.83333 22 22.16667 22.33333 22.5 22.66667 22.83333 23 23.16667 23.33333 23.5 23.66667 23.83333 24 24.16667 24.33333 24.5 24.66667 24.83333 25 25.16667 25.33333 25.5 25.66667 25.83333 26 26.16667 26.33333 26.5 26.66667 26.83333 27 27.16667 27.33333 27.5 27.66667 27.83333 28 28.16667 28.33333 28.5 28.66667 28.83333 29 29.16667 29.33333 29.5 29.66667 29.83333 30 30.16667 30.33333 30.5 30.66667 30.83333 31 31.16667 31.33333 31.5 31.66667 31.83333 32 32.16667 32.33333 32.5 32.66667 32.83333 33 33.16667 33.33333 33.5 33.66667 33.83333 34 34.16667 34.33333 34.5 34.66667 34.83333 35 35.16667 35.33333 35.5 35.66667 35.83333 36 36.16667 36.33333 36.5 36.66667 36.83333 37 37.16667 37.33333 37.5 37.66667 37.83333 38 38.16667 38.33333 38.5 38.66667 38.83333 39 39.16667 39.33333 39.5 39.66667 39.83333 40 40.16667 40.33333 40.5 40.66667 40.83333 41 41.16667 41.33333 41.5 41.66667 41.83333 42 42.16667 42.33333 42.5 42.66667 42.83333 43 43.16667 43.33333 43.5 43.66667 44 44.16667 44.33333 44.5 44.66667 44.83333 45 45.16667 45.33333 45.5 45.66667 45.83333 46 46.16667 46.33333 46.5 46.66667 46.83333 47 47.16667 47.33333 47.5 47.66667 47.83333 48 48.16667 48.33333 48.5 48.66667 48.83333 49 49.16667 49.33333 49.5 49.66667 49.83333 50 50.16667 50.33333 50.5 50.66667 50.83333 51 51.16667 51.33333 51.5 51.66667 51.83333 52 52.16667 52.33333 52.5 52.66667 52.83333 53 53.16667 53.33333 53.5 53.66667 53.83333 54 54.16667 54.33333 54.5 54.66667 54.83333 55 55.16667 55.33333 55.5 55.66667 55.83333 56 56.16667 56.33333 56.5 56.66667 56.83333 57 57.16667 57.33333 57.5 57.66667 58 58.16667 58.33333 58.5 58.66667 58.83333 59 59.16667 59.33333 59.5 59.66667 59.83333 60 60.16667 60.33333 60.5 60.66667 60.83333 61 61.16667 61.33333 61.5 61.66667 61.83333 62 62.16667 62.33333 62.5 62.83333 63 63.16667 63.33333 63.5 63.66667 63.83333 64 64.16667 64.33333 64.5 64.66667 64.83333 65 65.16667 65.33333 65.5 65.66667 65.83333 66 66.16667 66.33333 66.5 66.66667 66.83333 67 67.16667 67.33333 67.5 67.66667 67.83333 68.16667 68.33333 68.5 68.66667 68.83333 69 69.16667 69.33333 69.5 69.66667 69.83333 70 70.16667 70.33333 70.5 70.66667 70.83333 71 71.16667 71.33333 71.5 71.66667 71.83333 72 72.16667 72.33333 72.5 72.66667 72.83333 73 73.16667 73.33333 73.5 73.66667 73.83333 74 74.16667 74.33333 74.5 74.66667 74.83333 75 75.16667 75.33333 75.5 75.66667 75.83333 76 76.16667 76.33333 76.5 76.66667 76.83333 77 77.16667 77.33333 77.5 77.66667 77.83333 78 78.16667 78.33333 78.5 78.66667 78.83333 79 79.16667 79.33333 79.5 79.66667 79.83333 80 80.16667 80.33333 80.5 80.66667 80.83333 81.16667 81.33333 81.5 81.66667 81.83333 82 82.16667 82.33333 82.5 82.66667 82.83333 83 83.16667 83.33333 83.5 83.66667 83.83333 84 84.16667 84.33333 84.5 84.66667 84.83333 85 85.16667 85.33333 85.5 85.66667 85.83333 86 86.16667 86.33333 86.5 86.66667 86.83333 87 87.16667 87.33333 87.5 87.66667 87.83333 88 88.16667 88.5 88.66667 88.83333 89 89.16667 89.33333 89.5 89.66667 89.83333 90 90.16667 90.33333 90.5 90.66667 90.83333 91 91.16667 91.33333 91.5 91.66667 91.83333 92 92.16667 92.33333 92.5 92.66667 92.83333 93 93.16667 93.33333 93.5 93.66667 93.83333 94 94.16667 94.33333 94.5 94.66667 94.83333 95 95.16667 95.33333 95.5 95.66667 95.83333 96 96.16667 96.33333 96.5 96.66667 96.83333 97 97.16667 97.33333 97.5 97.66667 97.83333 98 98.16667 98.33333 98.5 98.66667 98.83333 99 99.16667 99.33333 99.5 99.66667 99.83333 100 100.1667 100.3333 100.5 100.6667 100.8333 101 101.1667 101.3333 101.5 101.6667 101.8333 102 102.1667 102.3333 102.5 102.6667 102.8333 103 103.1667 103.3333 103.5 103.6667 103.8333 104 104.1667 104.3333 104.5 104.6667 104.8333 105 105.1667 105.3333 105.5 105.6667 105.8333 106 106.1667 106.3333 106.5 106.6667 106.8333 107 107.1667 107.3333 107.5 107.6667 107.8333 108 108.1667 108.3333 108.5 108.6667 108.8333 109 109.1667 109.3333 109.5 109.6667 109.8333 110 110.1667 110.3333 110.5 110.6667 110.8333 111 111.1667 111.3333 111.5 111.6667 111.8333 112 112.1667 112.3333 112.5 112.6667 112.8333 113 113.1667 113.3333 113.5 113.6667 113.8333 114 114.1667 114.3333 114.5 114.6667 114.8333 115 115.1667 115.3333 115.5 115.6667 115.8333 116 116.1667 116.3333 116.5 116.6667 116.8333 117 117.1667 117.3333 117.5 117.6667 117.8333 118 118.1667 118.3333 118.5 118.6667 118.8333 119 119.1667 119.3333 119.5 119.6667 119.8333 120 120.1667 120.3333 120.5 120.6667 120.8333 121 121.1667 121.3333 121.5 121.6667 121.8333 122 122.1667 122.3333 122.5 122.6667 122.8333 123 123.1667 123.3333 123.5 123.6667 123.8333 124 124.1667 124.3333 124.5 124.6667 124.8333 125 125.1667 125.3333 125.5 125.6667 125.8333 126 126.1667 126.3333 126.5 126.6667 126.8333 127 127.1667 127.3333 127.5 127.6667 127.8333 128 128.1667 128.3333 128.5 128.6667 128.8333 129 129.1667 129.3333 129.5 129.6667 129.8333 130 130.1667 130.3333 130.5 130.6667 130.8333 131 131.1667 131.3333 131.5 131.6667 131.8333 132 132.1667 132.3333 132.5 132.6667 132.8333 133 133.1667 133.3333 133.5 133.6667 133.8333 134 134.1667 134.3333 134.5 134.6667 134.8333 135 135.1667 135.3333 135.5 135.6667 135.8333 136 136.1667 136.3333 136.5 136.6667 136.8333 137 137.1667 137.3333 137.5 137.6667 137.8333 138 138.1667 138.3333 138.5 138.6667 138.8333 139 139.1667 139.3333 139.5 139.6667 139.8333 140 140.1667 140.3333 140.5 140.6667 140.8333 141 141.1667 141.3333 141.5 141.6667 141.8333 142 142.1667 142.3333 142.5 142.6667 142.8333 143 143.1667 143.3333 143.5 143.6667 143.8333 144 144.1667 144.3333 144.5 144.6667 144.8333 145 145.1667 145.3333 145.5 145.6667 145.8333 146 146.1667 146.3333 146.5 146.6667 146.8333 147 147.1667 147.3333 147.5 147.6667 147.8333 148 148.1667 148.3333 148.5 148.6667 148.8333 149 149.1667 149.3333 149.5 149.6667 149.8333 150 150.1667 150.3333 150.5 150.6667 150.8333 151 151.1667 151.3333 151.5 151.6667 151.8333 152 152.1667 152.3333 152.5 152.6667 152.8333 153 153.1667 153.3333 153.6667 153.8333 154 154.1667 154.3333 154.5 154.6667 154.8333 155 155.1667 155.3333 155.5 155.6667 155.8333 156 156.1667 156.3333 156.5 156.6667 156.8333 157 157.1667 157.3333 157.5 157.6667 157.8333 158 158.1667 158.3333 158.5 158.6667 158.8333 159 159.1667 159.3333 159.5 159.6667 159.8333 160 160.1667 160.3333 160.5 160.6667 160.8333 161 161.1667 161.3333 161.5 161.6667 161.8333 162 162.1667 162.3333 162.5 162.6667 162.8333 163 163.1667 163.3333 163.5 163.6667 163.8333 164 164.1667 164.3333 164.5 164.6667 164.8333 165 165.1667 165.3333 165.5 165.6667 165.8333 166 166.1667 166.3333 166.5 166.6667 166.8333 167 167.1667 167.3333 167.5 167.6667 167.8333 168 168.1667 168.3333 168.5 168.6667 168.8333 169 169.1667 169.3333 169.5 169.6667 169.8333 170 170.1667 170.3333 170.5 170.6667 170.8333 171 171.1667 171.3333 171.5 171.6667 171.8333 172 172.1667 172.3333 172.5 172.6667 172.8333 173 173.1667 173.3333 173.5 173.6667 173.8333 174 174.1667 174.3333 174.5 174.6667 174.8333 175 175.1667 175.3333 175.5 175.6667 175.8333 176 176.1667 176.3333 176.5 176.6667 176.8333 177 177.1667 177.3333 177.5 177.6667 177.8333 178 178.1667 178.3333 178.5 178.6667 178.8333 179 179.1667 179.3333 179.5 179.6667 179.8333 180 180.1667 180.3333 180.5 180.6667 180.8333 181 181.1667 181.3333 181.5 181.6667 181.8333 182 182.1667 182.3333 182.5 182.6667 182.8333 183 183.1667 183.3333 183.5 183.6667 183.8333 184 184.1667 184.3333 184.5 184.6667 184.8333 185 185.1667 185.3333 185.5 185.6667 185.8333 186 186.1667 186.3333 186.5 186.6667 186.8333 187 187.1667 187.3333 187.5 187.6667 187.8333 188 188.1667 188.3333 188.5 188.6667 188.8333 189 189.1667 189.3333 189.5 189.6667 189.8333 190 190.1667 190.3333 190.5 190.6667 190.8333 191 191.1667 191.3333 191.5 191.6667 191.8333 192 192.1667 192.3333 192.5 192.6667 192.8333 193 193.1667 193.3333 193.5 193.6667 193.8333 194 194.1667 194.3333 194.5 194.6667 194.8333 195 195.1667 195.3333 195.5 195.6667 195.8333 196 196.1667 196.3333 196.5 196.6667 196.8333 197 197.1667 197.3333 197.5 197.6667 197.8333 198 198.1667 198.3333 198.5 198.6667 198.8333 199 199.1667 199.3333 199.5 199.6667 199.8333 200 200.1667 200.3333 200.5 200.6667 200.8333 201 201.1667 201.3333 201.5 201.6667 201.8333 202 202.1667 202.3333 202.5 202.6667 202.8333 203 203.1667 203.3333 203.5 203.6667 203.8333 204 204.1667 204.3333 204.5 204.6667 204.8333 205 205.1667 205.3333 205.5 205.6667 205.8333 206 206.1667 206.3333 206.5 206.6667 206.8333 207 207.1667 207.3333 207.5 207.6667 207.8333 208 208.1667 208.3333 208.5 208.6667 208.8333 209 209.1667 209.3333 209.5 209.6667 209.8333 210 210.1667 210.3333 210.5 210.6667 210.8333 211 211.1667 211.3333 211.5 211.6667 211.8333 212 212.1667 212.3333 212.5 212.6667 212.8333 213 213.1667 213.3333 213.5 213.6667 213.8333 214 214.1667 214.3333 214.5 214.6667 214.8333 215 215.1667 215.3333 215.5 215.6667 215.8333 216 216.1667 216.3333 216.5 216.6667 216.8333 217 217.1667 217.3333 217.5 217.6667 217.8333 218 218.1667 218.3333 218.5 218.6667 218.8333 219 219.1667 219.3333 219.5 219.6667 219.8333 220 220.1667 220.3333 220.5 220.6667 220.8333 221 221.1667 221.3333 221.5 221.6667 221.8333 222 222.1667 222.3333 222.5 222.6667 222.8333 223 223.1667 223.3333 223.5 223.6667 223.8333 224 224.1667 224.3333 224.5 224.6667 224.8333 225 225.1667 225.3333 225.5 225.6667 225.8333 226 226.1667 226.3333 226.5 226.6667 226.8333 227 227.1667 227.3333 227.5 227.6667 227.8333 228 228.1667 228.3333 228.5 228.6667 228.8333 229 229.1667 229.3333 229.5 229.6667 229.8333 230 230.1667 230.3333 230.5 230.6667 230.8333 231 231.1667 231.3333 231.5 231.6667 231.8333 232 232.1667 232.3333 232.5 232.6667 232.8333 233 233.1667 233.3333 233.5 233.6667 233.8333 234 234.1667 234.3333 234.5 234.6667 234.8333 235 235.1667 235.3333 235.5 235.6667 235.8333 236 236.1667 236.3333 236.5 236.6667 236.8333 237 237.1667 237.3333 237.5 237.6667 237.8333 238 238.1667 238.3333 238.5 238.6667 238.8333 239 239.1667 239.3333 239.5 239.6667 239.8333 240 240.1667 240.3333 240.5 240.6667 240.8333 241 241.1667 241.3333 241.5 241.6667 241.8333 242 242.1667 242.3333 242.5 242.6667 242.8333 243 243.1667 243.3333 243.5 243.6667 243.8333 244 244.1667 244.3333 244.5 244.6667 244.8333 245 245.1667 245.3333 245.5 245.6667 245.8333 246 246.1667 246.3333 246.5 246.6667 246.8333 247 247.1667 247.3333 247.5 247.6667 247.8333 248 248.1667 248.3333 248.5 248.6667 248.8333 249 249.1667 249.3333 249.5 249.6667 249.8333 250 250.1667 250.3333 250.5 250.6667 250.8333 251 251.1667 251.3333 251.5 251.6667 251.8333 252 252.1667 252.3333 252.5 252.6667 252.8333 253 253.1667 253.3333 253.5 253.6667 253.8333 254 254.1667 254.3333 254.5 254.6667 254.8333 255 255.1667 255.3333 255.5 255.6667 255.8333 256 256.1667 256.3333 256.5 256.6667 256.8333 257 257.1667 257.3333 257.5 257.6667 257.8333 258 258.1667 258.3333 258.5 258.6667 258.8333 259 259.1667 259.3333 259.5 259.6667 259.8333 260 260.1667 260.3333 260.5 260.6667 260.8333 261 261.1667 261.3333 261.5 261.6667 261.8333 262 262.1667 262.3333 262.5 262.6667 262.8333 263 263.1667 263.3333 263.5 263.6667 263.8333 264 264.1667 264.3333 264.5 264.6667 264.8333 265 265.1667 265.3333 265.5 265.6667 265.8333 266 266.1667 266.3333 266.5 266.6667 266.8333 267 267.1667 267.3333 267.5 267.6667 267.8333 268 268.1667 268.3333 268.5 268.6667 268.8333 269 269.1667 269.3333 269.5 269.6667 269.8333 270 270.1667 270.3333 270.5 270.6667 270.8333 271 271.1667 271.3333 271.5 271.6667 271.8333 272 272.1667 272.3333 272.5 272.6667 272.8333 273 273.1667 273.3333 273.5 273.6667 273.8333 274 274.1667 274.3333 274.5 274.6667 274.8333 275.1667 275.3333 275.5 275.6667 275.8333 276 276.1667 276.3333 276.5 276.6667 276.8333 277 277.1667 277.3333 277.5 277.6667 277.8333 278 278.1667 278.3333 278.5 278.6667 278.8333 279 279.1667 279.3333 279.5 279.6667 279.8333 280 280.1667 280.3333 280.5 280.6667 280.8333 281 281.1667 281.3333 281.5 281.6667 281.8333 282 282.1667 282.3333 282.5 282.6667 282.8333 283 283.1667 283.3333 283.5 283.6667 283.8333 284 284.1667 284.3333 284.5 284.6667 284.8333 285 285.1667 285.3333 285.5 285.6667 285.8333 286 286.1667 286.3333 286.5 286.6667 286.8333 287 287.1667 287.3333 287.5 287.6667 287.8333 288 288.1667 288.3333 288.5 288.6667 288.8333 289 289.1667 289.3333 289.5 289.6667 289.8333 290 290.1667 290.3333 290.5 290.6667 290.8333 291 291.1667 291.3333 291.5 291.6667 291.8333 292 292.1667 292.3333 292.5 292.6667 292.8333 293 293.1667 293.3333 293.5 293.6667 293.8333 294 294.1667 294.3333 294.5 294.6667 294.8333 295 295.1667 295.3333 295.5 295.6667 295.8333 296 296.1667 296.3333 296.5 296.6667 296.8333 297 297.1667 297.3333 297.5 297.6667 297.8333 298 298.1667 298.3333 298.5 298.6667 298.8333 299 299.1667 299.3333 299.5 299.6667 299.8333 300 300.1667 300.3333 300.5 300.6667 300.8333 301 301.3333 301.5 301.6667 301.8333 302 302.1667 302.3333 302.5 302.6667 302.8333 303 303.1667 303.3333 303.5 303.6667 303.8333 304 304.1667 304.3333 304.5 304.6667 304.8333 305 305.1667 305.3333 305.5 305.6667 305.8333 306 306.1667 306.3333 306.5 306.6667 306.8333 307 307.1667 307.3333 307.5 307.6667 307.8333 308 308.1667 308.3333 308.5 308.6667 308.8333 309 309.1667 309.3333 309.5 309.6667 309.8333 310 310.1667 310.3333 310.5 310.6667 310.8333 311 311.1667 311.3333 311.5 311.6667 311.8333 

# temp 
 15.099 14.978 14.849 14.754 14.642 14.538 14.452 14.322 14.235 14.105 13.992 13.905 13.809 13.696 13.565 13.487 13.355 13.303 13.171 13.049 12.987 12.899 12.82 12.705 12.626 12.546 12.449 12.37 12.299 12.21 12.139 12.059 11.988 11.899 11.819 11.747 11.667 11.604 11.497 11.443 11.389 11.335 11.281 11.228 11.219 11.192 11.183 11.237 11.281 11.335 11.425 11.479 11.577 11.676 11.783 11.899 12.006 12.174 12.316 12.467 12.67 12.882 13.093 13.294 13.513 13.757 14.018 14.348 14.616 14.909 15.159 15.322 15.485 15.614 15.99 16.297 16.331 16.365 16.705 17.036 17.349 17.695 18.007 18.285 18.529 18.798 19.084 19.344 19.545 19.662 19.938 20.173 20.398 20.532 20.674 20.716 20.841 20.967 21.017 21.1 21.142 21.05 21.059 21.034 21 20.967 20.883 20.716 20.607 20.549 20.382 20.231 19.997 19.838 19.645 19.503 19.352 19.209 19.067 18.949 18.756 18.605 18.47 18.319 18.167 18.066 17.915 17.788 17.662 17.569 17.442 17.366 17.298 17.197 17.086 17.002 16.908 16.815 16.722 16.603 16.543 16.45 16.365 16.297 16.169 16.118 15.99 15.87 15.81 15.699 15.571 15.459 15.374 15.271 15.159 15.038 14.927 14.797 14.711 14.521 14.46 14.4 14.279 14.183 14.079 13.966 13.879 13.792 13.687 13.591 13.478 13.382 13.268 13.18 13.084 13.005 12.908 12.785 12.732 12.626 12.529 12.449 12.343 12.272 12.201 12.139 12.059 11.988 11.97 11.943 11.925 11.917 11.908 11.917 11.943 12.05 12.166 12.166 12.307 12.423 12.555 12.697 12.811 13.005 13.171 13.382 13.574 13.792 14.027 14.287 14.547 14.823 15.09 15.322 15.614 15.947 16.263 16.424 16.713 17.061 17.205 17.577 17.923 17.957 17.873 17.771 17.738 18.033 18.201 18.243 18.588 18.84 19.109 19.344 19.511 19.394 19.486 19.327 19.209 19.05 18.832 18.681 18.538 18.344 18.142 17.982 17.957 17.889 17.932 17.915 17.889 17.906 17.788 17.687 17.552 17.4 17.29 17.214 17.12 17.078 16.976 16.824 16.764 16.569 16.501 16.39 16.305 16.211 16.135 16.066 16.007 15.904 15.836 15.75 15.639 15.562 15.416 15.339 15.245 15.125 15.021 14.918 14.832 14.72 14.616 14.512 14.409 14.279 14.201 14.105 14.001 13.914 13.801 13.705 13.626 13.513 13.434 13.329 13.25 13.136 13.031 12.943 12.846 12.758 12.652 12.573 12.476 12.405 12.29 12.201 12.121 12.059 11.961 11.872 11.81 11.729 11.64 11.613 11.497 11.47 11.425 11.407 11.353 11.335 11.299 11.254 11.228 11.219 11.192 11.183 11.156 11.165 11.174 11.183 11.228 11.263 11.281 11.326 11.407 11.479 11.533 11.595 11.667 11.738 11.792 11.863 12.023 12.148 12.272 12.352 12.44 12.52 12.608 12.679 12.82 13.084 13.39 13.513 13.67 13.949 14.322 14.754 15.09 15.296 15.596 15.836 16.211 16.509 16.543 16.535 16.433 16.314 16.254 16.22 16.781 16.993 17.044 17.324 17.569 17.771 17.982 17.991 17.813 17.543 17.214 17.095 16.9 16.739 16.671 16.543 16.552 16.62 16.654 16.603 16.518 16.416 16.314 16.211 16.084 15.964 15.853 15.708 15.588 15.476 15.399 15.176 15.064 14.927 14.84 14.72 14.642 14.564 14.469 14.383 14.287 14.183 14.079 13.983 13.914 13.836 13.748 13.696 13.644 13.583 13.504 13.452 13.399 13.338 13.277 13.198 13.154 13.057 13.013 12.926 12.838 12.776 12.705 12.617 12.538 12.467 12.37 12.316 12.245 12.148 12.068 11.997 11.943 11.872 11.774 11.72 11.631 11.55 11.488 11.434 11.362 11.272 11.201 11.165 11.075 11.038 10.966 10.912 10.849 10.813 10.731 10.704 10.65 10.577 10.532 10.486 10.477 10.405 10.405 10.35 10.386 10.432 10.468 10.541 10.604 10.686 10.777 10.894 11.102 11.065 11.245 11.407 11.461 11.631 11.872 12.077 12.334 12.538 12.802 13.022 13.338 13.583 13.897 14.183 14.486 14.754 15.064 15.365 15.648 15.93 16.22 16.518 16.824 17.137 17.433 17.746 18.033 18.311 18.605 18.849 19.033 19.243 19.453 19.712 19.88 20.055 20.248 20.164 20.156 19.988 19.762 19.511 19.511 19.561 19.62 19.595 19.411 19.386 19.377 19.235 19.226 19.151 19.042 18.907 18.773 18.613 18.403 18.201 17.999 17.847 17.662 17.493 17.391 17.298 17.18 17.061 16.9 16.764 16.637 16.501 16.365 16.254 16.101 15.998 15.87 15.759 15.622 15.519 15.408 15.305 15.21 15.09 14.952 14.84 14.754 14.668 14.556 14.469 14.348 14.218 14.131 13.975 13.87 13.731 13.644 13.539 13.425 13.303 13.215 13.11 13.005 12.908 12.776 12.67 12.582 12.493 12.414 12.29 12.21 12.103 12.006 11.908 11.836 11.729 11.658 11.559 11.497 11.38 11.299 11.237 11.165 11.093 11.02 10.957 10.885 10.822 10.777 10.731 10.686 10.623 10.604 10.613 10.604 10.632 10.632 10.659 10.731 10.804 10.903 11.029 11.129 11.237 11.344 11.488 11.658 11.819 11.988 12.192 12.352 12.591 12.846 13.013 13.303 13.591 13.87 14.166 14.486 14.789 15.082 15.399 15.733 16.024 16.382 16.645 16.942 17.222 17.526 17.78 18.1 18.386 18.655 18.891 19.142 19.377 19.612 19.821 20.039 20.198 20.348 20.474 20.641 20.758 20.917 20.95 21.042 21.059 21.05 21.042 21.025 20.967 20.942 20.85 20.749 20.674 20.582 20.423 20.265 20.097 19.922 19.712 19.494 19.302 19.142 18.907 18.739 18.58 18.403 18.201 18.033 17.839 17.678 17.493 17.315 17.146 16.976 16.824 16.679 16.518 16.356 16.211 16.084 15.947 15.802 15.673 15.554 15.416 15.296 15.185 15.056 14.952 14.832 14.702 14.607 14.478 14.348 14.261 14.14 14.044 13.949 13.836 13.722 13.618 13.522 13.417 13.355 13.277 13.198 13.084 13.031 12.926 12.838 12.767 12.714 12.635 12.529 12.467 12.378 12.299 12.228 12.157 12.059 11.997 11.908 11.854 11.747 11.685 11.604 11.542 11.443 11.425 11.353 11.29 11.263 11.228 11.219 11.228 11.228 11.228 11.272 11.344 11.407 11.488 11.55 11.64 11.747 11.881 11.997 12.13 12.281 12.467 12.652 12.855 13.093 13.233 13.39 13.382 13.513 13.6 13.931 14.365 14.685 15.03 15.313 15.588 15.862 16.143 16.433 16.773 17.12 17.374 17.678 18.041 18.361 18.681 18.983 19.084 19.1 19.335 19.553 19.804 19.913 19.829 19.721 19.478 19.293 19.142 19.243 19.209 19.478 19.679 19.704 19.754 19.813 19.62 19.52 19.52 19.494 19.427 19.31 19.209 19.058 18.958 18.84 18.739 18.605 18.428 18.277 18.134 17.974 17.788 17.577 17.526 17.4 17.29 17.18 17.036 16.934 16.832 16.747 16.645 16.552 16.458 16.365 16.254 16.169 16.109 16.007 15.938 15.879 15.793 15.699 15.596 15.502 15.399 15.279 15.219 15.116 15.013 14.901 14.815 14.746 14.642 14.547 14.478 14.374 14.287 14.201 14.079 13.992 13.914 13.801 13.731 13.626 13.522 13.434 13.347 13.25 13.189 13.084 12.987 12.89 12.82 12.749 12.652 12.591 12.511 12.396 12.361 12.281 12.157 12.103 12.059 11.979 11.89 11.845 11.765 11.694 11.631 11.586 11.542 11.542 11.524 11.595 11.622 11.658 11.72 11.801 11.899 11.979 12.068 12.192 12.476 12.617 12.811 13.005 13.18 13.39 13.6 13.827 14.096 14.305 14.538 14.849 15.107 15.339 15.648 15.913 16.194 16.458 16.739 16.985 17.298 17.569 17.864 18.109 18.386 18.63 18.916 19.159 19.386 19.595 19.804 19.972 20.122 20.281 20.44 20.549 20.666 20.758 20.833 20.866 20.891 20.908 20.9 20.891 20.85 20.783 20.708 20.632 20.515 20.39 20.239 20.114 19.896 19.729 19.536 19.327 19.176 19 18.84 18.681 18.479 18.336 18.159 17.932 17.746 17.602 17.391 17.205 17.044 16.849 16.722 16.543 16.382 16.203 16.092 15.947 15.776 15.648 15.502 15.374 15.271 15.159 15.021 14.884 14.771 14.616 14.504 14.391 14.27 14.166 14.044 13.931 13.809 13.687 13.583 13.46 13.364 13.242 13.136 13.022 12.917 12.829 12.767 12.644 12.555 12.449 12.361 12.263 12.183 12.086 12.006 11.908 11.765 11.72 11.658 11.55 11.47 11.389 11.344 11.228 11.165 11.102 11.02 10.957 10.894 10.804 10.749 10.686 10.641 10.586 10.559 10.495 10.514 10.559 10.568 10.613 10.668 10.731 10.822 10.912 11.02 11.111 11.245 11.353 11.479 11.667 11.863 12.006 12.219 12.423 12.626 12.864 13.101 13.382 13.626 13.879 14.175 14.434 14.737 15.004 15.279 15.554 15.844 16.16 16.416 16.671 16.959 17.23 17.51 17.763 18.033 18.26 18.521 18.723 18.933 19.126 19.302 19.444 19.603 19.695 19.838 19.93 20.022 20.072 20.122 20.131 20.147 20.097 20.064 19.997 19.922 19.855 19.737 19.628 19.444 19.26 19.084 18.924 18.689 18.529 18.336 18.159 17.974 17.788 17.619 17.45 17.307 17.163 16.942 16.781 16.594 16.407 16.237 16.092 15.913 15.785 15.622 15.476 15.365 15.253 15.116 14.978 14.84 14.711 14.573 14.46 14.348 14.227 14.088 13.957 13.853 13.74 13.609 13.513 13.399 13.32 13.224 13.101 12.996 12.908 12.776 12.652 12.555 12.423 12.325 12.228 12.059 12.014 11.917 11.819 11.738 11.631 11.542 11.434 11.335 11.237 11.165 11.111 10.966 10.876 10.804 10.677 10.604 10.523 10.423 10.35 10.286 10.195 10.095 10.03 9.966 9.866 9.838 9.755 9.737 9.682 9.673 9.7 9.728 9.765 9.829 9.902 9.957 10.04 10.122 10.241 10.377 10.495 10.641 10.777 10.975 11.129 11.353 11.559 11.792 12.014 12.281 12.555 12.802 13.066 13.382 13.653 13.966 14.244 14.547 14.832 15.125 15.416 15.691 16.007 16.331 16.603 16.883 17.171 17.442 17.687 17.932 18.142 18.319 18.462 18.664 18.798 18.874 18.983 19.084 19.184 19.285 19.386 19.427 19.486 19.494 19.511 19.469 19.436 19.411 19.335 19.26 19.159 19.033 18.899 18.748 18.613 18.487 18.319 18.167 17.974 17.881 17.704 17.526 17.349 17.197 17.027 16.841 16.662 16.509 16.356 16.203 16.049 15.904 15.733 15.622 15.451 15.331 15.193 15.073 14.944 14.849 14.711 14.607 14.495 14.348 14.279 14.157 14.053 13.966 13.844 13.74 13.67 13.557 13.434 13.338 13.215 13.145 13.049 12.952 12.846 12.723 12.573 12.511 12.44 12.307 12.237 12.166 12.077 11.979 11.908 11.792 11.72 11.64 11.559 11.488 11.398 11.308 11.245 11.147 11.084 11.02 10.948 10.876 10.786 10.722 10.659 10.577 10.532 10.441 10.423 10.368 10.259 10.259 10.231 10.213 10.241 10.241 10.259 10.332 10.386 10.468 10.577 10.604 10.731 10.858 10.984 11.12 11.29 11.443 11.631 11.836 12.006 12.272 12.502 12.767 12.899 13.224 13.513 13.809 14.018 14.313 14.625 14.884 15.176 15.425 15.75 16.084 16.365 16.662 16.951 17.197 17.459 17.67 17.729 17.898 17.974 18.201 18.26 18.403 18.563 18.739 18.882 19 19.142 19.201 19.302 19.377 19.469 19.486 19.52 19.52 19.486 19.427 19.335 19.235 19.117 19.008 18.891 18.748 18.58 18.42 18.277 18.066 17.94 17.78 17.602 17.425 17.273 17.112 16.934 16.747 16.586 16.416 16.228 16.058 15.879 15.691 15.554 15.382 15.236 15.099 14.935 14.806 14.677 14.556 14.391 14.287 14.149 14.018 13.905 13.792 13.618 13.548 13.452 13.355 13.224 13.119 13.022 12.926 12.838 12.705 12.626 12.538 12.449 12.334 12.245 12.148 12.077 11.952 11.872 11.801 11.667 11.604 11.488 11.407 11.29 11.228 11.129 11.075 10.984 10.876 10.795 10.722 10.623 10.523 10.477 10.395 10.314 10.259 10.177 10.104 10.021 9.948 9.921 9.847 9.765 9.737 9.719 9.691 9.709 9.7 9.792 9.838 9.902 9.957 10.049 10.168 10.259 10.414 10.532 10.668 10.849 11.038 11.237 11.38 11.559 11.801 12.086 12.387 12.652 12.917 13.18 13.504 13.783 14.079 14.348 14.651 14.978 15.305 15.554 15.862 16.152 16.407 16.671 16.959 17.222 17.459 17.662 17.915 18.109 18.294 18.479 18.597 18.765 18.941 19.025 19.176 19.318 19.36 19.436 19.302 19.226 19.176 19.209 19.176 19.142 19.1 19.025 18.958 18.857 18.723 18.63 18.479 18.361 18.26 18.109 17.932 17.864 17.712 17.577 17.425 17.281 17.129 16.993 16.815 16.671 16.509 16.348 16.194 16.058 15.947 15.759 15.614 15.485 15.348 15.21 15.073 14.944 14.884 14.737 14.625 14.504 14.426 14.331 14.261 14.166 14.079 14.01 13.94 13.827 13.783 13.696 13.653 13.6 13.53 13.452 13.373 13.294 13.198 13.145 13.049 12.987 12.89 12.829 12.767 12.67 12.582 12.511 12.476 12.37 12.307 12.21 12.201 12.068 11.997 11.917 11.845 11.774 11.72 11.64 11.55 11.479 11.443 11.407 11.317 11.317 11.299 11.228 11.219 11.201 11.219 11.183 11.21 11.192 11.219 11.219 11.219 11.237 11.237 11.272 11.29 11.362 11.398 11.461 11.524 11.604 11.72 11.774 11.863 11.934 12.023 12.157 12.626 12.838 13.163 13.382 13.626 13.792 14.079 14.365 14.443 14.746 15.125 15.296 15.476 15.921 16.211 16.526 16.815 16.841 17.002 17.214 17.425 17.645 17.856 18.007 18.21 18.369 18.42 18.529 18.664 18.714 18.706 18.672 18.605 18.529 18.47 18.378 18.319 18.26 18.21 18.167 18.1 18.007 17.948 17.881 17.813 17.754 17.653 17.577 17.518 17.4 17.29 17.188 17.053 16.951 16.858 16.73 16.637 16.526 16.424 16.339 16.237 16.169 16.032 15.99 15.913 15.785 15.733 15.648 15.579 15.511 15.425 15.382 15.305 15.236 15.176 15.099 15.013 14.927 14.832 14.78 14.694 14.616 14.564 14.469 14.417 14.357 14.296 14.235 14.183 14.149 14.088 14.027 13.975 13.94 13.914 13.879 13.818 13.775 13.766 13.705 13.687 13.635 13.574 13.591 13.53 13.495 13.46 13.443 13.425 13.39 13.347 13.312 13.312 13.285 13.242 13.233 13.224 13.189 13.163 13.163 13.136 13.11 13.093 13.04 12.987 12.987 12.952 12.943 12.934 12.873 12.882 12.864 12.864 12.838 12.846 12.855 12.864 12.855 12.846 12.846 12.855 12.829 12.838 12.873 12.864 12.926 12.917 12.961 12.978 13.013 12.996 13.031 13.101 13.119 13.136 13.163 13.171 13.207 13.215 13.285 13.338 13.39 13.417 13.425 13.495 13.548 13.661 13.722 13.809 13.844 13.87 13.862 13.818 13.827 13.801 13.827 13.879 13.897 13.94 13.931 13.905 13.897 13.818 13.897 13.809 13.809 13.783 13.74 13.705 13.661 13.644 13.591 13.539 13.539 13.478 13.487 13.425 13.355 13.373 13.277 13.25 13.25 13.198 13.171 13.128 13.101 13.075 13.049 13.013 12.987 12.97 12.943 12.908 12.873 12.838 12.82 12.793 12.767 12.705 12.679 

# DOY 
 227 227 227 227 227 227 227 227 227 227 227 227 227 227 227 227 227 227 227 227 227 227 227 227 227 227 227 227 227 227 227 227 227 227 227 227 227 227 227 227 227 227 227 227 227 227 227 227 227 227 227 227 227 227 227 227 227 227 227 227 227 227 227 227 227 227 227 227 227 227 227 227 227 227 227 227 227 227 227 227 227 227 227 227 227 227 227 227 227 227 227 227 227 227 227 227 227 227 227 227 227 227 227 227 227 227 227 227 227 227 227 227 227 227 227 227 227 227 227 227 227 227 227 227 227 227 227 227 227 227 227 227 227 227 227 227 227 227 227 227 227 227 227 227 228 228 228 228 228 228 228 228 228 228 228 228 228 228 228 228 228 228 228 228 228 228 228 228 228 228 228 228 228 228 228 228 228 228 228 228 228 228 228 228 228 228 228 228 228 228 228 228 228 228 228 228 228 228 228 228 228 228 228 228 228 228 228 228 228 228 228 228 228 228 228 228 228 228 228 228 228 228 228 228 228 228 228 228 228 228 228 228 228 228 228 228 228 228 228 228 228 228 228 228 228 228 228 228 228 228 228 228 228 228 228 228 228 228 228 228 228 228 228 228 228 228 228 228 228 228 228 228 228 228 228 228 228 228 228 228 228 228 228 228 228 228 228 229 229 229 229 229 229 229 229 229 229 229 229 229 229 229 229 229 229 229 229 229 229 229 229 229 229 229 229 229 229 229 229 229 229 229 229 229 229 229 229 229 229 229 229 229 229 229 229 229 229 229 229 229 229 229 229 229 229 229 229 229 229 229 229 229 229 229 229 229 229 229 229 229 229 229 229 229 229 229 229 229 229 229 229 229 229 229 229 229 229 229 229 229 229 229 229 229 229 229 229 229 229 229 229 229 229 229 229 229 229 229 229 229 229 229 229 229 229 229 229 229 229 229 229 229 229 229 229 229 229 229 229 229 229 229 229 229 229 229 229 229 230 230 230 230 230 230 230 230 230 230 230 230 230 230 230 230 230 230 230 230 230 230 230 230 230 230 230 230 230 230 230 230 230 230 230 230 230 230 230 230 230 230 230 230 230 230 230 230 230 230 230 230 230 230 230 230 230 230 230 230 230 230 230 230 230 230 230 230 230 230 230 230 230 230 230 230 230 230 230 230 230 230 230 230 230 230 230 230 230 230 230 230 230 230 230 230 230 230 230 230 230 230 230 230 230 230 230 230 230 230 230 230 230 230 230 230 230 230 230 230 230 230 230 230 230 230 230 230 230 230 230 230 230 230 230 230 230 230 230 230 230 230 231 231 231 231 231 231 231 231 231 231 231 231 231 231 231 231 231 231 231 231 231 231 231 231 231 231 231 231 231 231 231 231 231 231 231 231 231 231 231 231 231 231 231 231 231 231 231 231 231 231 231 231 231 231 231 231 231 231 231 231 231 231 231 231 231 231 231 231 231 231 231 231 231 231 231 231 231 231 231 231 231 231 231 231 231 231 231 231 231 231 231 231 231 231 231 231 231 231 231 231 231 231 231 231 231 231 231 231 231 231 231 231 231 231 231 231 231 231 231 231 231 231 231 231 231 231 231 231 231 231 231 231 231 231 231 231 231 231 231 231 231 231 231 231 232 232 232 232 232 232 232 232 232 232 232 232 232 232 232 232 232 232 232 232 232 232 232 232 232 232 232 232 232 232 232 232 232 232 232 232 232 232 232 232 232 232 232 232 232 232 232 232 232 232 232 232 232 232 232 232 232 232 232 232 232 232 232 232 232 232 232 232 232 232 232 232 232 232 232 232 232 232 232 232 232 232 232 232 232 232 232 232 232 232 232 232 232 232 232 232 232 232 232 232 232 232 232 232 232 232 232 232 232 232 232 232 232 232 232 232 232 232 232 232 232 232 232 232 232 232 232 232 232 232 232 232 232 232 232 232 232 232 232 232 232 232 232 232 233 233 233 233 233 233 233 233 233 233 233 233 233 233 233 233 233 233 233 233 233 233 233 233 233 233 233 233 233 233 233 233 233 233 233 233 233 233 233 233 233 233 233 233 233 233 233 233 233 233 233 233 233 233 233 233 233 233 233 233 233 233 233 233 233 233 233 233 233 233 233 233 233 233 233 233 233 233 233 233 233 233 233 233 233 233 233 233 233 233 233 233 233 233 233 233 233 233 233 233 233 233 233 233 233 233 233 233 233 233 233 233 233 233 233 233 233 233 233 233 233 233 233 233 233 233 233 233 233 233 233 233 233 233 233 233 233 233 233 233 233 233 233 234 234 234 234 234 234 234 234 234 234 234 234 234 234 234 234 234 234 234 234 234 234 234 234 234 234 234 234 234 234 234 234 234 234 234 234 234 234 234 234 234 234 234 234 234 234 234 234 234 234 234 234 234 234 234 234 234 234 234 234 234 234 234 234 234 234 234 234 234 234 234 234 234 234 234 234 234 234 234 234 234 234 234 234 234 234 234 234 234 234 234 234 234 234 234 234 234 234 234 234 234 234 234 234 234 234 234 234 234 234 234 234 234 234 234 234 234 234 234 234 234 234 234 234 234 234 234 234 234 234 234 234 234 234 234 234 234 234 234 234 234 234 234 234 235 235 235 235 235 235 235 235 235 235 235 235 235 235 235 235 235 235 235 235 235 235 235 235 235 235 235 235 235 235 235 235 235 235 235 235 235 235 235 235 235 235 235 235 235 235 235 235 235 235 235 235 235 235 235 235 235 235 235 235 235 235 235 235 235 235 235 235 235 235 235 235 235 235 235 235 235 235 235 235 235 235 235 235 235 235 235 235 235 235 235 235 235 235 235 235 235 235 235 235 235 235 235 235 235 235 235 235 235 235 235 235 235 235 235 235 235 235 235 235 235 235 235 235 235 235 235 235 235 235 235 235 235 235 235 235 235 235 235 235 235 235 235 235 236 236 236 236 236 236 236 236 236 236 236 236 236 236 236 236 236 236 236 236 236 236 236 236 236 236 236 236 236 236 236 236 236 236 236 236 236 236 236 236 236 236 236 236 236 236 236 236 236 236 236 236 236 236 236 236 236 236 236 236 236 236 236 236 236 236 236 236 236 236 236 236 236 236 236 236 236 236 236 236 236 236 236 236 236 236 236 236 236 236 236 236 236 236 236 236 236 236 236 236 236 236 236 236 236 236 236 236 236 236 236 236 236 236 236 236 236 236 236 236 236 236 236 236 236 236 236 236 236 236 236 236 236 236 236 236 236 236 236 236 236 236 236 236 237 237 237 237 237 237 237 237 237 237 237 237 237 237 237 237 237 237 237 237 237 237 237 237 237 237 237 237 237 237 237 237 237 237 237 237 237 237 237 237 237 237 237 237 237 237 237 237 237 237 237 237 237 237 237 237 237 237 237 237 237 237 237 237 237 237 237 237 237 237 237 237 237 237 237 237 237 237 237 237 237 237 237 237 237 237 237 237 237 237 237 237 237 237 237 237 237 237 237 237 237 237 237 237 237 237 237 237 237 237 237 237 237 237 237 237 237 237 237 237 237 237 237 237 237 237 237 237 237 237 237 237 237 237 237 237 237 237 237 237 237 237 237 237 238 238 238 238 238 238 238 238 238 238 238 238 238 238 238 238 238 238 238 238 238 238 238 238 238 238 238 238 238 238 238 238 238 238 238 238 238 238 238 238 238 238 238 238 238 238 238 238 238 238 238 238 238 238 238 238 238 238 238 238 238 238 238 238 238 238 238 238 238 238 238 238 238 238 238 238 238 238 238 238 238 238 238 238 238 238 238 238 238 238 238 238 238 238 238 238 238 238 238 238 238 238 238 238 238 238 238 238 238 238 238 238 238 238 238 238 238 238 238 238 238 238 238 238 238 238 238 238 238 238 238 238 238 238 238 238 238 238 238 238 238 238 238 239 239 239 239 239 239 239 239 239 239 239 239 239 239 239 239 239 239 239 239 239 239 239 239 239 239 239 239 239 239 239 239 239 239 239 239 239 239 239 239 239 239 239 239 239 239 239 239 239 239 239 239 239 239 239 239 239 239 239 239 239 239 239 239 239 239 239 239 239 239 239 239 239 239 239 239 239 239 239 239 239 239 239 239 239 239 239 239 239 239 239 239 239 239 239 239 239 239 239 239 239 239 239 239 239 239 239 239 239 239 239 239 239 239 239 239 239 239 239 239 239 239 239 239 239 239 239 239 239 239 239 239 239 239 239 239 239 239 239 239 239 239 239 

# TOD 
 0.1 0.2666667 0.4333333 0.6 0.7666667 0.9333333 1.1 1.266667 1.433333 1.6 1.766667 1.933333 2.1 2.266667 2.433333 2.6 2.766667 2.933333 3.1 3.266667 3.433333 3.6 3.766667 3.933333 4.1 4.266667 4.433333 4.6 4.766667 4.933333 5.1 5.266667 5.433333 5.6 5.766667 5.933333 6.1 6.266667 6.433333 6.6 6.766667 6.933333 7.1 7.266667 7.433333 7.6 7.766667 7.933333 8.1 8.266667 8.433333 8.6 8.766667 8.933333 9.1 9.266667 9.433333 9.6 9.766667 9.933333 10.1 10.26667 10.43333 10.6 10.76667 10.93333 11.1 11.26667 11.43333 11.6 11.76667 11.93333 12.1 12.26667 12.43333 12.6 12.76667 12.93333 13.1 13.26667 13.43333 13.6 13.76667 13.93333 14.1 14.26667 14.43333 14.6 14.76667 14.93333 15.1 15.26667 15.43333 15.6 15.76667 15.93333 16.1 16.26667 16.43333 16.6 16.76667 16.93333 17.1 17.26667 17.43333 17.6 17.76667 17.93333 18.1 18.26667 18.43333 18.6 18.76667 18.93333 19.1 19.26667 19.43333 19.6 19.76667 19.93333 20.1 20.26667 20.43333 20.6 20.76667 20.93333 21.1 21.26667 21.43333 21.6 21.76667 21.93333 22.1 22.26667 22.43333 22.6 22.76667 22.93333 23.1 23.26667 23.43333 23.6 23.76667 23.93333 0.1 0.2666667 0.4333333 0.6 0.7666667 0.9333333 1.1 1.266667 1.433333 1.6 1.766667 1.933333 2.1 2.266667 2.433333 2.6 2.766667 2.933333 3.1 3.266667 3.433333 3.6 3.766667 3.933333 4.1 4.266667 4.433333 4.6 4.766667 4.933333 5.1 5.266667 5.433333 5.6 5.766667 5.933333 6.1 6.266667 6.433333 6.6 6.766667 6.933333 7.1 7.266667 7.433333 7.6 7.766667 7.933333 8.1 8.266667 8.433333 8.6 8.766667 8.933333 9.1 9.266667 9.433333 9.6 9.766667 9.933333 10.1 10.26667 10.43333 10.6 10.76667 10.93333 11.1 11.26667 11.43333 11.6 11.76667 11.93333 12.1 12.26667 12.43333 12.6 12.76667 12.93333 13.1 13.26667 13.43333 13.6 13.76667 13.93333 14.1 14.26667 14.43333 14.6 14.76667 14.93333 15.1 15.26667 15.43333 15.6 15.76667 15.93333 16.1 16.26667 16.43333 16.6 16.76667 16.93333 17.1 17.26667 17.43333 17.6 17.76667 17.93333 18.1 18.26667 18.43333 18.6 18.76667 18.93333 19.1 19.26667 19.43333 19.6 19.76667 20.1 20.26667 20.43333 20.6 20.76667 20.93333 21.1 21.26667 21.43333 21.6 21.76667 21.93333 22.1 22.26667 22.43333 22.6 22.76667 22.93333 23.1 23.26667 23.43333 23.6 23.76667 23.93333 0.1 0.2666667 0.4333333 0.6 0.7666667 0.9333333 1.1 1.266667 1.433333 1.6 1.766667 1.933333 2.1 2.266667 2.433333 2.6 2.766667 2.933333 3.1 3.266667 3.433333 3.6 3.766667 3.933333 4.1 4.266667 4.433333 4.6 4.766667 4.933333 5.1 5.266667 5.433333 5.6 5.766667 5.933333 6.1 6.266667 6.433333 6.6 6.766667 6.933333 7.1 7.266667 7.433333 7.6 7.766667 7.933333 8.1 8.266667 8.433333 8.6 8.766667 8.933333 9.1 9.266667 9.433333 9.6 9.766667 10.1 10.26667 10.43333 10.6 10.76667 10.93333 11.1 11.26667 11.43333 11.6 11.76667 11.93333 12.1 12.26667 12.43333 12.6 12.76667 12.93333 13.1 13.26667 13.43333 13.6 13.76667 13.93333 14.1 14.26667 14.43333 14.6 14.93333 15.1 15.26667 15.43333 15.6 15.76667 15.93333 16.1 16.26667 16.43333 16.6 16.76667 16.93333 17.1 17.26667 17.43333 17.6 17.76667 17.93333 18.1 18.26667 18.43333 18.6 18.76667 18.93333 19.1 19.26667 19.43333 19.6 19.76667 19.93333 20.26667 20.43333 20.6 20.76667 20.93333 21.1 21.26667 21.43333 21.6 21.76667 21.93333 22.1 22.26667 22.43333 22.6 22.76667 22.93333 23.1 23.26667 23.43333 23.6 23.76667 23.93333 0.1 0.2666667 0.4333333 0.6 0.7666667 0.9333333 1.1 1.266667 1.433333 1.6 1.766667 1.933333 2.1 2.266667 2.433333 2.6 2.766667 2.933333 3.1 3.266667 3.433333 3.6 3.766667 3.933333 4.1 4.266667 4.433333 4.6 4.766667 4.933333 5.1 5.266667 5.433333 5.6 5.766667 5.933333 6.1 6.266667 6.433333 6.6 6.766667 6.933333 7.1 7.266667 7.433333 7.6 7.766667 7.933333 8.1 8.266667 8.433333 8.6 8.766667 8.933333 9.266667 9.433333 9.6 9.766667 9.933333 10.1 10.26667 10.43333 10.6 10.76667 10.93333 11.1 11.26667 11.43333 11.6 11.76667 11.93333 12.1 12.26667 12.43333 12.6 12.76667 12.93333 13.1 13.26667 13.43333 13.6 13.76667 13.93333 14.1 14.26667 14.43333 14.6 14.76667 14.93333 15.1 15.26667 15.43333 15.6 15.76667 15.93333 16.1 16.26667 16.6 16.76667 16.93333 17.1 17.26667 17.43333 17.6 17.76667 17.93333 18.1 18.26667 18.43333 18.6 18.76667 18.93333 19.1 19.26667 19.43333 19.6 19.76667 19.93333 20.1 20.26667 20.43333 20.6 20.76667 20.93333 21.1 21.26667 21.43333 21.6 21.76667 21.93333 22.1 22.26667 22.43333 22.6 22.76667 22.93333 23.1 23.26667 23.43333 23.6 23.76667 23.93333 0.1 0.2666667 0.4333333 0.6 0.7666667 0.9333333 1.1 1.266667 1.433333 1.6 1.766667 1.933333 2.1 2.266667 2.433333 2.6 2.766667 2.933333 3.1 3.266667 3.433333 3.6 3.766667 3.933333 4.1 4.266667 4.433333 4.6 4.766667 4.933333 5.1 5.266667 5.433333 5.6 5.766667 5.933333 6.1 6.266667 6.433333 6.6 6.766667 6.933333 7.1 7.266667 7.433333 7.6 7.766667 7.933333 8.1 8.266667 8.433333 8.6 8.766667 8.933333 9.1 9.266667 9.433333 9.6 9.766667 9.933333 10.1 10.26667 10.43333 10.6 10.76667 10.93333 11.1 11.26667 11.43333 11.6 11.76667 11.93333 12.1 12.26667 12.43333 12.6 12.76667 12.93333 13.1 13.26667 13.43333 13.6 13.76667 13.93333 14.1 14.26667 14.43333 14.6 14.76667 14.93333 15.1 15.26667 15.43333 15.6 15.76667 15.93333 16.1 16.26667 16.43333 16.6 16.76667 16.93333 17.1 17.26667 17.43333 17.6 17.76667 17.93333 18.1 18.26667 18.43333 18.6 18.76667 18.93333 19.1 19.26667 19.43333 19.6 19.76667 19.93333 20.1 20.26667 20.43333 20.6 20.76667 20.93333 21.1 21.26667 21.43333 21.6 21.76667 21.93333 22.1 22.26667 22.43333 22.6 22.76667 22.93333 23.1 23.26667 23.43333 23.6 23.76667 23.93333 0.1 0.2666667 0.4333333 0.6 0.7666667 0.9333333 1.1 1.266667 1.433333 1.6 1.766667 1.933333 2.1 2.266667 2.433333 2.6 2.766667 2.933333 3.1 3.266667 3.433333 3.6 3.766667 3.933333 4.1 4.266667 4.433333 4.6 4.766667 4.933333 5.1 5.266667 5.433333 5.6 5.766667 5.933333 6.1 6.266667 6.433333 6.6 6.766667 6.933333 7.1 7.266667 7.433333 7.6 7.766667 7.933333 8.1 8.266667 8.433333 8.6 8.766667 8.933333 9.1 9.266667 9.433333 9.6 9.766667 9.933333 10.1 10.26667 10.43333 10.6 10.76667 10.93333 11.1 11.26667 11.43333 11.6 11.76667 11.93333 12.1 12.26667 12.43333 12.6 12.76667 12.93333 13.1 13.26667 13.43333 13.6 13.76667 13.93333 14.1 14.26667 14.43333 14.6 14.76667 14.93333 15.1 15.26667 15.43333 15.6 15.76667 15.93333 16.1 16.26667 16.43333 16.6 16.76667 16.93333 17.1 17.26667 17.43333 17.6 17.76667 17.93333 18.1 18.26667 18.43333 18.6 18.76667 18.93333 19.1 19.26667 19.43333 19.6 19.76667 19.93333 20.1 20.26667 20.43333 20.6 20.76667 20.93333 21.1 21.26667 21.43333 21.6 21.76667 21.93333 22.1 22.26667 22.43333 22.6 22.76667 22.93333 23.1 23.26667 23.43333 23.6 23.76667 23.93333 0.1 0.2666667 0.4333333 0.6 0.7666667 0.9333333 1.1 1.266667 1.433333 1.6 1.766667 1.933333 2.1 2.266667 2.433333 2.6 2.766667 2.933333 3.1 3.266667 3.433333 3.6 3.766667 3.933333 4.1 4.266667 4.433333 4.6 4.766667 4.933333 5.1 5.266667 5.433333 5.6 5.766667 5.933333 6.1 6.266667 6.433333 6.6 6.766667 6.933333 7.1 7.266667 7.433333 7.6 7.766667 7.933333 8.1 8.266667 8.433333 8.6 8.766667 8.933333 9.1 9.266667 9.433333 9.766667 9.933333 10.1 10.26667 10.43333 10.6 10.76667 10.93333 11.1 11.26667 11.43333 11.6 11.76667 11.93333 12.1 12.26667 12.43333 12.6 12.76667 12.93333 13.1 13.26667 13.43333 13.6 13.76667 13.93333 14.1 14.26667 14.43333 14.6 14.76667 14.93333 15.1 15.26667 15.43333 15.6 15.76667 15.93333 16.1 16.26667 16.43333 16.6 16.76667 16.93333 17.1 17.26667 17.43333 17.6 17.76667 17.93333 18.1 18.26667 18.43333 18.6 18.76667 18.93333 19.1 19.26667 19.43333 19.6 19.76667 19.93333 20.1 20.26667 20.43333 20.6 20.76667 20.93333 21.1 21.26667 21.43333 21.6 21.76667 21.93333 22.1 22.26667 22.43333 22.6 22.76667 22.93333 23.1 23.26667 23.43333 23.6 23.76667 23.93333 0.1 0.2666667 0.4333333 0.6 0.7666667 0.9333333 1.1 1.266667 1.433333 1.6 1.766667 1.933333 2.1 2.266667 2.433333 2.6 2.766667 2.933333 3.1 3.266667 3.433333 3.6 3.766667 3.933333 4.1 4.266667 4.433333 4.6 4.766667 4.933333 5.1 5.266667 5.433333 5.6 5.766667 5.933333 6.1 6.266667 6.433333 6.6 6.766667 6.933333 7.1 7.266667 7.433333 7.6 7.766667 7.933333 8.1 8.266667 8.433333 8.6 8.766667 8.933333 9.1 9.266667 9.433333 9.6 9.766667 9.933333 10.1 10.26667 10.43333 10.6 10.76667 10.93333 11.1 11.26667 11.43333 11.6 11.76667 11.93333 12.1 12.26667 12.43333 12.6 12.76667 12.93333 13.1 13.26667 13.43333 13.6 13.76667 13.93333 14.1 14.26667 14.43333 14.6 14.76667 14.93333 15.1 15.26667 15.43333 15.6 15.76667 15.93333 16.1 16.26667 16.43333 16.6 16.76667 16.93333 17.1 17.26667 17.43333 17.6 17.76667 17.93333 18.1 18.26667 18.43333 18.6 18.76667 18.93333 19.1 19.26667 19.43333 19.6 19.76667 19.93333 20.1 20.26667 20.43333 20.6 20.76667 20.93333 21.1 21.26667 21.43333 21.6 21.76667 21.93333 22.1 22.26667 22.43333 22.6 22.76667 22.93333 23.1 23.26667 23.43333 23.6 23.76667 23.93333 0.1 0.2666667 0.4333333 0.6 0.7666667 0.9333333 1.1 1.266667 1.433333 1.6 1.766667 1.933333 2.1 2.266667 2.433333 2.6 2.766667 2.933333 3.1 3.266667 3.433333 3.6 3.766667 3.933333 4.1 4.266667 4.433333 4.6 4.766667 4.933333 5.1 5.266667 5.433333 5.6 5.766667 5.933333 6.1 6.266667 6.433333 6.6 6.766667 6.933333 7.1 7.266667 7.433333 7.6 7.766667 7.933333 8.1 8.266667 8.433333 8.6 8.766667 8.933333 9.1 9.266667 9.433333 9.6 9.766667 9.933333 10.1 10.26667 10.43333 10.6 10.76667 10.93333 11.1 11.26667 11.43333 11.6 11.76667 11.93333 12.1 12.26667 12.43333 12.6 12.76667 12.93333 13.1 13.26667 13.43333 13.6 13.76667 13.93333 14.1 14.26667 14.43333 14.6 14.76667 14.93333 15.1 15.26667 15.43333 15.6 15.76667 15.93333 16.1 16.26667 16.43333 16.6 16.76667 16.93333 17.1 17.26667 17.43333 17.6 17.76667 17.93333 18.1 18.26667 18.43333 18.6 18.76667 18.93333 19.1 19.26667 19.43333 19.6 19.76667 19.93333 20.1 20.26667 20.43333 20.6 20.76667 20.93333 21.1 21.26667 21.43333 21.6 21.76667 21.93333 22.1 22.26667 22.43333 22.6 22.76667 22.93333 23.1 23.26667 23.43333 23.6 23.76667 23.93333 0.1 0.2666667 0.4333333 0.6 0.7666667 0.9333333 1.1 1.266667 1.433333 1.6 1.766667 1.933333 2.1 2.266667 2.433333 2.6 2.766667 2.933333 3.1 3.266667 3.433333 3.6 3.766667 3.933333 4.1 4.266667 4.433333 4.6 4.766667 4.933333 5.1 5.266667 5.433333 5.6 5.766667 5.933333 6.1 6.266667 6.433333 6.6 6.766667 6.933333 7.1 7.266667 7.433333 7.6 7.766667 7.933333 8.1 8.266667 8.433333 8.6 8.766667 8.933333 9.1 9.266667 9.433333 9.6 9.766667 9.933333 10.1 10.26667 10.43333 10.6 10.76667 10.93333 11.1 11.26667 11.43333 11.6 11.76667 11.93333 12.1 12.26667 12.43333 12.6 12.76667 12.93333 13.1 13.26667 13.43333 13.6 13.76667 13.93333 14.1 14.26667 14.43333 14.6 14.76667 14.93333 15.1 15.26667 15.43333 15.6 15.76667 15.93333 16.1 16.26667 16.43333 16.6 16.76667 16.93333 17.1 17.26667 17.43333 17.6 17.76667 17.93333 18.1 18.26667 18.43333 18.6 18.76667 18.93333 19.1 19.26667 19.43333 19.6 19.76667 19.93333 20.1 20.26667 20.43333 20.6 20.76667 20.93333 21.1 21.26667 21.43333 21.6 21.76667 21.93333 22.1 22.26667 22.43333 22.6 22.76667 22.93333 23.1 23.26667 23.43333 23.6 23.76667 23.93333 0.1 0.2666667 0.4333333 0.6 0.7666667 0.9333333 1.1 1.266667 1.433333 1.6 1.766667 1.933333 2.1 2.266667 2.433333 2.6 2.766667 2.933333 3.1 3.266667 3.433333 3.6 3.766667 3.933333 4.1 4.266667 4.433333 4.6 4.766667 4.933333 5.1 5.266667 5.433333 5.6 5.766667 5.933333 6.1 6.266667 6.433333 6.6 6.766667 6.933333 7.1 7.266667 7.433333 7.6 7.766667 7.933333 8.1 8.266667 8.433333 8.6 8.766667 8.933333 9.1 9.266667 9.433333 9.6 9.766667 9.933333 10.1 10.26667 10.43333 10.6 10.76667 10.93333 11.1 11.26667 11.43333 11.6 11.76667 11.93333 12.1 12.26667 12.43333 12.6 12.76667 12.93333 13.1 13.26667 13.43333 13.6 13.76667 13.93333 14.1 14.26667 14.43333 14.6 14.76667 14.93333 15.1 15.26667 15.43333 15.6 15.76667 15.93333 16.1 16.26667 16.43333 16.6 16.76667 16.93333 17.1 17.26667 17.43333 17.6 17.76667 17.93333 18.1 18.26667 18.43333 18.6 18.76667 18.93333 19.1 19.26667 19.43333 19.6 19.76667 19.93333 20.1 20.26667 20.43333 20.6 20.76667 20.93333 21.1 21.26667 21.43333 21.6 21.76667 21.93333 22.1 22.26667 22.43333 22.6 22.76667 22.93333 23.1 23.26667 23.43333 23.6 23.76667 23.93333 0.1 0.2666667 0.4333333 0.6 0.7666667 0.9333333 1.1 1.266667 1.433333 1.6 1.766667 1.933333 2.1 2.266667 2.433333 2.6 2.766667 2.933333 3.1 3.266667 3.433333 3.6 3.766667 3.933333 4.1 4.266667 4.433333 4.6 4.766667 4.933333 5.1 5.266667 5.433333 5.6 5.766667 5.933333 6.1 6.266667 6.433333 6.6 6.766667 6.933333 7.1 7.266667 7.433333 7.6 7.766667 7.933333 8.1 8.266667 8.433333 8.6 8.766667 8.933333 9.1 9.266667 9.433333 9.6 9.766667 9.933333 10.1 10.26667 10.43333 10.6 10.76667 10.93333 11.26667 11.43333 11.6 11.76667 11.93333 12.1 12.26667 12.43333 12.6 12.76667 12.93333 13.1 13.26667 13.43333 13.6 13.76667 13.93333 14.1 14.26667 14.43333 14.6 14.76667 14.93333 15.1 15.26667 15.43333 15.6 15.76667 15.93333 16.1 16.26667 16.43333 16.6 16.76667 16.93333 17.1 17.26667 17.43333 17.6 17.76667 17.93333 18.1 18.26667 18.43333 18.6 18.76667 18.93333 19.1 19.26667 19.43333 19.6 19.76667 19.93333 20.1 20.26667 20.43333 20.6 20.76667 20.93333 21.1 21.26667 21.43333 21.6 21.76667 21.93333 22.1 22.26667 22.43333 22.6 22.76667 22.93333 23.1 23.26667 23.43333 23.6 23.76667 23.93333 0.1 0.2666667 0.4333333 0.6 0.7666667 0.9333333 1.1 1.266667 1.433333 1.6 1.766667 1.933333 2.1 2.266667 2.433333 2.6 2.766667 2.933333 3.1 3.266667 3.433333 3.6 3.766667 3.933333 4.1 4.266667 4.433333 4.6 4.766667 4.933333 5.1 5.266667 5.433333 5.6 5.766667 5.933333 6.1 6.266667 6.433333 6.6 6.766667 6.933333 7.1 7.266667 7.433333 7.6 7.766667 7.933333 8.1 8.266667 8.433333 8.6 8.766667 8.933333 9.1 9.266667 9.433333 9.6 9.766667 9.933333 10.1 10.26667 10.43333 10.6 10.76667 10.93333 11.1 11.26667 11.43333 11.6 11.76667 11.93333 12.1 12.26667 12.43333 12.6 12.76667 12.93333 13.1 13.43333 13.6 13.76667 13.93333 14.1 14.26667 14.43333 14.6 14.76667 14.93333 15.1 15.26667 15.43333 15.6 15.76667 15.93333 16.1 16.26667 16.43333 16.6 16.76667 16.93333 17.1 17.26667 17.43333 17.6 17.76667 17.93333 18.1 18.26667 18.43333 18.6 18.76667 18.93333 19.1 19.26667 19.43333 19.6 19.76667 19.93333 20.1 20.26667 20.43333 20.6 20.76667 20.93333 21.1 21.26667 21.43333 21.6 21.76667 21.93333 22.1 22.26667 22.43333 22.6 22.76667 22.93333 23.1 23.26667 23.43333 23.6 23.76667 23.93333 

# Interval 
 0 0.1666667 0.3333333 0.5 0.6666667 0.8333333 1 1.166667 1.333333 1.5 1.666667 1.833333 2 2.166667 2.333333 2.5 2.666667 2.833333 3 3.166667 3.333333 3.5 3.666667 3.833333 4 4.166667 4.333333 4.5 4.666667 4.833333 5 5.166667 5.333333 5.5 5.666667 5.833333 6 6.166667 6.333333 6.5 6.666667 6.833333 7 7.166667 7.333333 7.5 7.666667 7.833333 8 8.166667 8.333333 8.5 8.666667 8.833333 9 9.166667 9.333333 9.5 9.666667 9.833333 10 10.16667 10.33333 10.5 10.66667 10.83333 11 11.16667 11.33333 11.5 11.66667 11.83333 12 12.16667 12.33333 12.5 12.66667 12.83333 13 13.16667 13.33333 13.5 13.66667 13.83333 14 14.16667 14.33333 14.5 14.66667 14.83333 15 15.16667 15.33333 15.5 15.66667 15.83333 16 16.16667 16.33333 16.5 16.66667 16.83333 17 17.16667 17.33333 17.5 17.66667 17.83333 18 18.16667 18.33333 18.5 18.66667 18.83333 19 19.16667 19.33333 19.5 19.66667 19.83333 20 20.16667 20.33333 20.5 20.66667 20.83333 21 21.16667 21.33333 21.5 21.66667 21.83333 22 22.16667 22.33333 22.5 22.66667 22.83333 23 23.16667 23.33333 23.5 23.66667 23.83333 24 24.16667 24.33333 24.5 24.66667 24.83333 25 25.16667 25.33333 25.5 25.66667 25.83333 26 26.16667 26.33333 26.5 26.66667 26.83333 27 27.16667 27.33333 27.5 27.66667 27.83333 28 28.16667 28.33333 28.5 28.66667 28.83333 29 29.16667 29.33333 29.5 29.66667 29.83333 30 30.16667 30.33333 30.5 30.66667 30.83333 31 31.16667 31.33333 31.5 31.66667 31.83333 32 32.16667 32.33333 32.5 32.66667 32.83333 33 33.16667 33.33333 33.5 33.66667 33.83333 34 34.16667 34.33333 34.5 34.66667 34.83333 35 35.16667 35.33333 35.5 35.66667 35.83333 36 36.16667 36.33333 36.5 36.66667 36.83333 37 37.16667 37.33333 37.5 37.66667 37.83333 38 38.16667 38.33333 38.5 38.66667 38.83333 39 39.16667 39.33333 39.5 39.66667 39.83333 40 40.16667 40.33333 40.5 40.66667 40.83333 41 41.16667 41.33333 41.5 41.66667 41.83333 42 42.16667 42.33333 42.5 42.66667 42.83333 43 43.16667 43.33333 43.5 43.66667 44 44.16667 44.33333 44.5 44.66667 44.83333 45 45.16667 45.33333 45.5 45.66667 45.83333 46 46.16667 46.33333 46.5 46.66667 46.83333 47 47.16667 47.33333 47.5 47.66667 47.83333 48 48.16667 48.33333 48.5 48.66667 48.83333 49 49.16667 49.33333 49.5 49.66667 49.83333 50 50.16667 50.33333 50.5 50.66667 50.83333 51 51.16667 51.33333 51.5 51.66667 51.83333 52 52.16667 52.33333 52.5 52.66667 52.83333 53 53.16667 53.33333 53.5 53.66667 53.83333 54 54.16667 54.33333 54.5 54.66667 54.83333 55 55.16667 55.33333 55.5 55.66667 55.83333 56 56.16667 56.33333 56.5 56.66667 56.83333 57 57.16667 57.33333 57.5 57.66667 58 58.16667 58.33333 58.5 58.66667 58.83333 59 59.16667 59.33333 59.5 59.66667 59.83333 60 60.16667 60.33333 60.5 60.66667 60.83333 61 61.16667 61.33333 61.5 61.66667 61.83333 62 62.16667 62.33333 62.5 62.83333 63 63.16667 63.33333 63.5 63.66667 63.83333 64 64.16667 64.33333 64.5 64.66667 64.83333 65 65.16667 65.33333 65.5 65.66667 65.83333 66 66.16667 66.33333 66.5 66.66667 66.83333 67 67.16667 67.33333 67.5 67.66667 67.83333 68.16667 68.33333 68.5 68.66667 68.83333 69 69.16667 69.33333 69.5 69.66667 69.83333 70 70.16667 70.33333 70.5 70.66667 70.83333 71 71.16667 71.33333 71.5 71.66667 71.83333 72 72.16667 72.33333 72.5 72.66667 72.83333 73 73.16667 73.33333 73.5 73.66667 73.83333 74 74.16667 74.33333 74.5 74.66667 74.83333 75 75.16667 75.33333 75.5 75.66667 75.83333 76 76.16667 76.33333 76.5 76.66667 76.83333 77 77.16667 77.33333 77.5 77.66667 77.83333 78 78.16667 78.33333 78.5 78.66667 78.83333 79 79.16667 79.33333 79.5 79.66667 79.83333 80 80.16667 80.33333 80.5 80.66667 80.83333 81.16667 81.33333 81.5 81.66667 81.83333 82 82.16667 82.33333 82.5 82.66667 82.83333 83 83.16667 83.33333 83.5 83.66667 83.83333 84 84.16667 84.33333 84.5 84.66667 84.83333 85 85.16667 85.33333 85.5 85.66667 85.83333 86 86.16667 86.33333 86.5 86.66667 86.83333 87 87.16667 87.33333 87.5 87.66667 87.83333 88 88.16667 88.5 88.66667 88.83333 89 89.16667 89.33333 89.5 89.66667 89.83333 90 90.16667 90.33333 90.5 90.66667 90.83333 91 91.16667 91.33333 91.5 91.66667 91.83333 92 92.16667 92.33333 92.5 92.66667 92.83333 93 93.16667 93.33333 93.5 93.66667 93.83333 94 94.16667 94.33333 94.5 94.66667 94.83333 95 95.16667 95.33333 95.5 95.66667 95.83333 96 96.16667 96.33333 96.5 96.66667 96.83333 97 97.16667 97.33333 97.5 97.66667 97.83333 98 98.16667 98.33333 98.5 98.66667 98.83333 99 99.16667 99.33333 99.5 99.66667 99.83333 100 100.1667 100.3333 100.5 100.6667 100.8333 101 101.1667 101.3333 101.5 101.6667 101.8333 102 102.1667 102.3333 102.5 102.6667 102.8333 103 103.1667 103.3333 103.5 103.6667 103.8333 104 104.1667 104.3333 104.5 104.6667 104.8333 105 105.1667 105.3333 105.5 105.6667 105.8333 106 106.1667 106.3333 106.5 106.6667 106.8333 107 107.1667 107.3333 107.5 107.6667 107.8333 108 108.1667 108.3333 108.5 108.6667 108.8333 109 109.1667 109.3333 109.5 109.6667 109.8333 110 110.1667 110.3333 110.5 110.6667 110.8333 111 111.1667 111.3333 111.5 111.6667 111.8333 112 112.1667 112.3333 112.5 112.6667 112.8333 113 113.1667 113.3333 113.5 113.6667 113.8333 114 114.1667 114.3333 114.5 114.6667 114.8333 115 115.1667 115.3333 115.5 115.6667 115.8333 116 116.1667 116.3333 116.5 116.6667 116.8333 117 117.1667 117.3333 117.5 117.6667 117.8333 118 118.1667 118.3333 118.5 118.6667 118.8333 119 119.1667 119.3333 119.5 119.6667 119.8333 120 120.1667 120.3333 120.5 120.6667 120.8333 121 121.1667 121.3333 121.5 121.6667 121.8333 122 122.1667 122.3333 122.5 122.6667 122.8333 123 123.1667 123.3333 123.5 123.6667 123.8333 124 124.1667 124.3333 124.5 124.6667 124.8333 125 125.1667 125.3333 125.5 125.6667 125.8333 126 126.1667 126.3333 126.5 126.6667 126.8333 127 127.1667 127.3333 127.5 127.6667 127.8333 128 128.1667 128.3333 128.5 128.6667 128.8333 129 129.1667 129.3333 129.5 129.6667 129.8333 130 130.1667 130.3333 130.5 130.6667 130.8333 131 131.1667 131.3333 131.5 131.6667 131.8333 132 132.1667 132.3333 132.5 132.6667 132.8333 133 133.1667 133.3333 133.5 133.6667 133.8333 134 134.1667 134.3333 134.5 134.6667 134.8333 135 135.1667 135.3333 135.5 135.6667 135.8333 136 136.1667 136.3333 136.5 136.6667 136.8333 137 137.1667 137.3333 137.5 137.6667 137.8333 138 138.1667 138.3333 138.5 138.6667 138.8333 139 139.1667 139.3333 139.5 139.6667 139.8333 140 140.1667 140.3333 140.5 140.6667 140.8333 141 141.1667 141.3333 141.5 141.6667 141.8333 142 142.1667 142.3333 142.5 142.6667 142.8333 143 143.1667 143.3333 143.5 143.6667 143.8333 144 144.1667 144.3333 144.5 144.6667 144.8333 145 145.1667 145.3333 145.5 145.6667 145.8333 146 146.1667 146.3333 146.5 146.6667 146.8333 147 147.1667 147.3333 147.5 147.6667 147.8333 148 148.1667 148.3333 148.5 148.6667 148.8333 149 149.1667 149.3333 149.5 149.6667 149.8333 150 150.1667 150.3333 150.5 150.6667 150.8333 151 151.1667 151.3333 151.5 151.6667 151.8333 152 152.1667 152.3333 152.5 152.6667 152.8333 153 153.1667 153.3333 153.6667 153.8333 154 154.1667 154.3333 154.5 154.6667 154.8333 155 155.1667 155.3333 155.5 155.6667 155.8333 156 156.1667 156.3333 156.5 156.6667 156.8333 157 157.1667 157.3333 157.5 157.6667 157.8333 158 158.1667 158.3333 158.5 158.6667 158.8333 159 159.1667 159.3333 159.5 159.6667 159.8333 160 160.1667 160.3333 160.5 160.6667 160.8333 161 161.1667 161.3333 161.5 161.6667 161.8333 162 162.1667 162.3333 162.5 162.6667 162.8333 163 163.1667 163.3333 163.5 163.6667 163.8333 164 164.1667 164.3333 164.5 164.6667 164.8333 165 165.1667 165.3333 165.5 165.6667 165.8333 166 166.1667 166.3333 166.5 166.6667 166.8333 167 167.1667 167.3333 167.5 167.6667 167.8333 168 168.1667 168.3333 168.5 168.6667 168.8333 169 169.1667 169.3333 169.5 169.6667 169.8333 170 170.1667 170.3333 170.5 170.6667 170.8333 171 171.1667 171.3333 171.5 171.6667 171.8333 172 172.1667 172.3333 172.5 172.6667 172.8333 173 173.1667 173.3333 173.5 173.6667 173.8333 174 174.1667 174.3333 174.5 174.6667 174.8333 175 175.1667 175.3333 175.5 175.6667 175.8333 176 176.1667 176.3333 176.5 176.6667 176.8333 177 177.1667 177.3333 177.5 177.6667 177.8333 178 178.1667 178.3333 178.5 178.6667 178.8333 179 179.1667 179.3333 179.5 179.6667 179.8333 180 180.1667 180.3333 180.5 180.6667 180.8333 181 181.1667 181.3333 181.5 181.6667 181.8333 182 182.1667 182.3333 182.5 182.6667 182.8333 183 183.1667 183.3333 183.5 183.6667 183.8333 184 184.1667 184.3333 184.5 184.6667 184.8333 185 185.1667 185.3333 185.5 185.6667 185.8333 186 186.1667 186.3333 186.5 186.6667 186.8333 187 187.1667 187.3333 187.5 187.6667 187.8333 188 188.1667 188.3333 188.5 188.6667 188.8333 189 189.1667 189.3333 189.5 189.6667 189.8333 190 190.1667 190.3333 190.5 190.6667 190.8333 191 191.1667 191.3333 191.5 191.6667 191.8333 192 192.1667 192.3333 192.5 192.6667 192.8333 193 193.1667 193.3333 193.5 193.6667 193.8333 194 194.1667 194.3333 194.5 194.6667 194.8333 195 195.1667 195.3333 195.5 195.6667 195.8333 196 196.1667 196.3333 196.5 196.6667 196.8333 197 197.1667 197.3333 197.5 197.6667 197.8333 198 198.1667 198.3333 198.5 198.6667 198.8333 199 199.1667 199.3333 199.5 199.6667 199.8333 200 200.1667 200.3333 200.5 200.6667 200.8333 201 201.1667 201.3333 201.5 201.6667 201.8333 202 202.1667 202.3333 202.5 202.6667 202.8333 203 203.1667 203.3333 203.5 203.6667 203.8333 204 204.1667 204.3333 204.5 204.6667 204.8333 205 205.1667 205.3333 205.5 205.6667 205.8333 206 206.1667 206.3333 206.5 206.6667 206.8333 207 207.1667 207.3333 207.5 207.6667 207.8333 208 208.1667 208.3333 208.5 208.6667 208.8333 209 209.1667 209.3333 209.5 209.6667 209.8333 210 210.1667 210.3333 210.5 210.6667 210.8333 211 211.1667 211.3333 211.5 211.6667 211.8333 212 212.1667 212.3333 212.5 212.6667 212.8333 213 213.1667 213.3333 213.5 213.6667 213.8333 214 214.1667 214.3333 214.5 214.6667 214.8333 215 215.1667 215.3333 215.5 215.6667 215.8333 216 216.1667 216.3333 216.5 216.6667 216.8333 217 217.1667 217.3333 217.5 217.6667 217.8333 218 218.1667 218.3333 218.5 218.6667 218.8333 219 219.1667 219.3333 219.5 219.6667 219.8333 220 220.1667 220.3333 220.5 220.6667 220.8333 221 221.1667 221.3333 221.5 221.6667 221.8333 222 222.1667 222.3333 222.5 222.6667 222.8333 223 223.1667 223.3333 223.5 223.6667 223.8333 224 224.1667 224.3333 224.5 224.6667 224.8333 225 225.1667 225.3333 225.5 225.6667 225.8333 226 226.1667 226.3333 226.5 226.6667 226.8333 227 227.1667 227.3333 227.5 227.6667 227.8333 228 228.1667 228.3333 228.5 228.6667 228.8333 229 229.1667 229.3333 229.5 229.6667 229.8333 230 230.1667 230.3333 230.5 230.6667 230.8333 231 231.1667 231.3333 231.5 231.6667 231.8333 232 232.1667 232.3333 232.5 232.6667 232.8333 233 233.1667 233.3333 233.5 233.6667 233.8333 234 234.1667 234.3333 234.5 234.6667 234.8333 235 235.1667 235.3333 235.5 235.6667 235.8333 236 236.1667 236.3333 236.5 236.6667 236.8333 237 237.1667 237.3333 237.5 237.6667 237.8333 238 238.1667 238.3333 238.5 238.6667 238.8333 239 239.1667 239.3333 239.5 239.6667 239.8333 240 240.1667 240.3333 240.5 240.6667 240.8333 241 241.1667 241.3333 241.5 241.6667 241.8333 242 242.1667 242.3333 242.5 242.6667 242.8333 243 243.1667 243.3333 243.5 243.6667 243.8333 244 244.1667 244.3333 244.5 244.6667 244.8333 245 245.1667 245.3333 245.5 245.6667 245.8333 246 246.1667 246.3333 246.5 246.6667 246.8333 247 247.1667 247.3333 247.5 247.6667 247.8333 248 248.1667 248.3333 248.5 248.6667 248.8333 249 249.1667 249.3333 249.5 249.6667 249.8333 250 250.1667 250.3333 250.5 250.6667 250.8333 251 251.1667 251.3333 251.5 251.6667 251.8333 252 252.1667 252.3333 252.5 252.6667 252.8333 253 253.1667 253.3333 253.5 253.6667 253.8333 254 254.1667 254.3333 254.5 254.6667 254.8333 255 255.1667 255.3333 255.5 255.6667 255.8333 256 256.1667 256.3333 256.5 256.6667 256.8333 257 257.1667 257.3333 257.5 257.6667 257.8333 258 258.1667 258.3333 258.5 258.6667 258.8333 259 259.1667 259.3333 259.5 259.6667 259.8333 260 260.1667 260.3333 260.5 260.6667 260.8333 261 261.1667 261.3333 261.5 261.6667 261.8333 262 262.1667 262.3333 262.5 262.6667 262.8333 263 263.1667 263.3333 263.5 263.6667 263.8333 264 264.1667 264.3333 264.5 264.6667 264.8333 265 265.1667 265.3333 265.5 265.6667 265.8333 266 266.1667 266.3333 266.5 266.6667 266.8333 267 267.1667 267.3333 267.5 267.6667 267.8333 268 268.1667 268.3333 268.5 268.6667 268.8333 269 269.1667 269.3333 269.5 269.6667 269.8333 270 270.1667 270.3333 270.5 270.6667 270.8333 271 271.1667 271.3333 271.5 271.6667 271.8333 272 272.1667 272.3333 272.5 272.6667 272.8333 273 273.1667 273.3333 273.5 273.6667 273.8333 274 274.1667 274.3333 274.5 274.6667 274.8333 275.1667 275.3333 275.5 275.6667 275.8333 276 276.1667 276.3333 276.5 276.6667 276.8333 277 277.1667 277.3333 277.5 277.6667 277.8333 278 278.1667 278.3333 278.5 278.6667 278.8333 279 279.1667 279.3333 279.5 279.6667 279.8333 280 280.1667 280.3333 280.5 280.6667 280.8333 281 281.1667 281.3333 281.5 281.6667 281.8333 282 282.1667 282.3333 282.5 282.6667 282.8333 283 283.1667 283.3333 283.5 283.6667 283.8333 284 284.1667 284.3333 284.5 284.6667 284.8333 285 285.1667 285.3333 285.5 285.6667 285.8333 286 286.1667 286.3333 286.5 286.6667 286.8333 287 287.1667 287.3333 287.5 287.6667 287.8333 288 288.1667 288.3333 288.5 288.6667 288.8333 289 289.1667 289.3333 289.5 289.6667 289.8333 290 290.1667 290.3333 290.5 290.6667 290.8333 291 291.1667 291.3333 291.5 291.6667 291.8333 292 292.1667 292.3333 292.5 292.6667 292.8333 293 293.1667 293.3333 293.5 293.6667 293.8333 294 294.1667 294.3333 294.5 294.6667 294.8333 295 295.1667 295.3333 295.5 295.6667 295.8333 296 296.1667 296.3333 296.5 296.6667 296.8333 297 297.1667 297.3333 297.5 297.6667 297.8333 298 298.1667 298.3333 298.5 298.6667 298.8333 299 299.1667 299.3333 299.5 299.6667 299.8333 300 300.1667 300.3333 300.5 300.6667 300.8333 301 301.3333 301.5 301.6667 301.8333 302 302.1667 302.3333 302.5 302.6667 302.8333 303 303.1667 303.3333 303.5 303.6667 303.8333 304 304.1667 304.3333 304.5 304.6667 304.8333 305 305.1667 305.3333 305.5 305.6667 305.8333 306 306.1667 306.3333 306.5 306.6667 306.8333 307 307.1667 307.3333 307.5 307.6667 307.8333 308 308.1667 308.3333 308.5 308.6667 308.8333 309 309.1667 309.3333 309.5 309.6667 309.8333 310 310.1667 310.3333 310.5 310.6667 310.8333 311 311.1667 311.3333 311.5 311.6667 311.8333 

# O2data 
 7.675 7.702 7.728 7.74 7.765 7.803 7.802 7.832 7.832 7.866 7.899 7.906 7.93 7.929 7.992 7.992 8.018 8.02 8.057 8.103 8.105 8.123 8.126 8.16 8.173 8.201 8.228 8.234 8.247 8.27 8.29 8.302 8.315 8.342 8.349 8.351 8.379 8.403 8.44 8.458 8.479 8.517 8.542 8.592 8.617 8.654 8.696 8.72 8.78 8.792 8.816 8.826 8.834 8.854 8.843 8.848 8.872 8.88 8.837 8.859 8.831 8.793 8.771 8.805 8.776 8.722 8.701 8.661 8.64 8.584 8.548 8.52 8.467 8.429 8.4 8.388 8.342 8.265 8.287 8.252 8.239 8.196 8.158 8.112 8.072 8.037 7.988 7.951 7.912 7.898 7.862 7.815 7.796 7.768 7.72 7.671 7.653 7.632 7.605 7.585 7.588 7.548 7.513 7.508 7.497 7.467 7.438 7.42 7.411 7.417 7.373 7.37 7.318 7.322 7.32 7.321 7.299 7.292 7.285 7.26 7.266 7.243 7.217 7.21 7.209 7.205 7.214 7.224 7.225 7.252 7.255 7.266 7.28 7.291 7.321 7.321 7.34 7.347 7.371 7.403 7.38 7.411 7.429 7.439 7.469 7.471 7.491 7.517 7.54 7.542 7.568 7.596 7.609 7.624 7.653 7.641 7.669 7.701 7.731 7.766 7.759 7.781 7.812 7.822 7.846 7.874 7.882 7.915 7.925 7.929 7.971 7.984 8.004 8.024 8.045 8.073 8.081 8.112 8.107 8.149 8.175 8.178 8.207 8.233 8.256 8.295 8.342 8.41 8.455 8.467 8.516 8.572 8.606 8.619 8.672 8.705 8.724 8.731 8.757 8.782 8.776 8.754 8.789 8.734 8.747 8.723 8.695 8.666 8.639 8.623 8.595 8.536 8.535 8.458 8.476 8.442 8.427 8.363 8.309 8.314 8.249 8.237 8.195 8.073 7.945 7.852 7.848 7.896 7.918 7.923 7.958 7.943 7.936 7.915 7.876 7.818 7.812 7.708 7.621 7.48 7.399 7.372 7.359 7.358 7.373 7.431 7.516 7.616 7.704 7.769 7.798 7.834 7.793 7.79 7.768 7.738 7.69 7.677 7.657 7.661 7.693 7.694 7.673 7.61 7.59 7.557 7.553 7.53 7.541 7.54 7.527 7.528 7.511 7.526 7.572 7.583 7.607 7.629 7.65 7.667 7.677 7.693 7.72 7.733 7.752 7.788 7.796 7.816 7.829 7.841 7.878 7.891 7.914 7.955 7.941 7.974 7.999 8.02 8.004 8.04 8.067 8.111 8.104 8.108 8.148 8.168 8.177 8.206 8.22 8.256 8.269 8.281 8.301 8.322 8.331 8.351 8.355 8.376 8.402 8.413 8.438 8.456 8.436 8.46 8.473 8.476 8.504 8.513 8.541 8.561 8.591 8.641 8.691 8.717 8.707 8.743 8.819 8.846 8.86 8.878 8.918 8.941 8.917 8.925 8.895 8.896 8.907 8.939 8.928 8.915 8.905 8.908 8.886 8.877 8.877 8.886 8.883 8.838 8.815 8.804 8.808 8.751 8.691 8.644 8.59 8.543 8.512 8.443 8.342 8.269 8.184 8.1 8.043 8.005 8.159 8.179 8.174 8.194 8.169 8.186 8.128 8.034 7.898 7.726 7.65 7.573 7.542 7.538 7.59 7.696 7.838 7.933 7.979 7.974 7.937 7.837 7.776 7.738 7.718 7.713 7.697 7.728 7.742 7.794 7.801 7.807 7.8 7.795 7.791 7.8 7.803 7.807 7.82 7.821 7.857 7.87 7.887 7.912 7.925 7.95 7.961 7.991 8.013 8.024 8.045 8.039 8.061 8.062 8.079 8.099 8.107 8.142 8.137 8.155 8.191 8.183 8.206 8.209 8.238 8.252 8.276 8.283 8.303 8.318 8.35 8.367 8.335 8.362 8.391 8.407 8.427 8.447 8.449 8.465 8.487 8.515 8.533 8.522 8.566 8.569 8.59 8.579 8.613 8.619 8.63 8.651 8.651 8.674 8.705 8.742 8.759 8.818 8.829 8.898 8.908 8.937 8.993 9.008 9.028 9.05 9.06 9.047 9.038 9.044 9.038 9.04 9.019 9.032 9.026 8.997 8.977 8.962 8.907 8.899 8.842 8.838 8.776 8.733 8.695 8.639 8.605 8.569 8.52 8.472 8.443 8.386 8.34 8.309 8.243 8.185 8.149 8.12 8.06 8.025 7.985 7.947 7.938 7.877 7.862 7.854 7.808 7.741 7.716 7.658 7.484 7.445 7.543 7.624 7.671 7.659 7.623 7.627 7.665 7.637 7.662 7.653 7.633 7.599 7.562 7.555 7.514 7.488 7.499 7.481 7.501 7.52 7.51 7.493 7.47 7.469 7.466 7.463 7.472 7.473 7.483 7.516 7.533 7.547 7.577 7.588 7.613 7.641 7.651 7.675 7.695 7.71 7.752 7.761 7.79 7.793 7.824 7.835 7.856 7.89 7.892 7.932 7.945 7.984 7.998 8.027 8.027 8.068 8.081 8.108 8.128 8.147 8.167 8.195 8.204 8.235 8.253 8.282 8.299 8.305 8.354 8.367 8.378 8.41 8.427 8.444 8.461 8.49 8.51 8.514 8.528 8.544 8.576 8.586 8.593 8.64 8.646 8.687 8.714 8.777 8.807 8.866 8.909 8.948 8.993 9.028 9.023 9.053 9.091 9.092 9.112 9.109 9.085 9.121 9.094 9.118 9.107 9.072 9.066 9.052 8.996 9 8.972 8.938 8.891 8.868 8.798 8.747 8.713 8.662 8.62 8.569 8.487 8.455 8.428 8.356 8.314 8.28 8.216 8.172 8.131 8.095 8.066 8.008 7.986 7.96 7.901 7.851 7.839 7.792 7.792 7.765 7.727 7.666 7.644 7.617 7.569 7.556 7.526 7.524 7.507 7.482 7.46 7.455 7.436 7.424 7.42 7.398 7.358 7.357 7.361 7.344 7.322 7.305 7.28 7.29 7.288 7.281 7.282 7.3 7.284 7.301 7.308 7.324 7.348 7.372 7.398 7.431 7.44 7.467 7.489 7.503 7.526 7.55 7.598 7.613 7.626 7.673 7.686 7.698 7.721 7.743 7.769 7.785 7.829 7.841 7.853 7.887 7.9 7.923 7.947 7.966 7.995 8.021 8.022 8.062 8.048 8.114 8.105 8.132 8.144 8.168 8.179 8.19 8.209 8.206 8.252 8.295 8.29 8.295 8.324 8.345 8.345 8.366 8.384 8.408 8.418 8.433 8.461 8.476 8.526 8.556 8.588 8.633 8.663 8.694 8.718 8.757 8.805 8.85 8.862 8.875 8.916 8.93 8.938 8.962 8.948 8.932 8.928 8.959 8.935 8.905 8.9 8.878 8.82 8.806 8.787 8.802 8.803 8.775 8.75 8.708 8.665 8.622 8.593 8.565 8.494 8.482 8.457 8.387 8.338 8.326 8.293 8.231 8.158 8.075 7.979 7.982 7.971 7.989 7.924 7.805 7.697 7.585 7.515 7.56 7.606 7.684 7.769 7.796 7.812 7.775 7.756 7.671 7.631 7.666 7.665 7.735 7.735 7.725 7.717 7.686 7.668 7.628 7.563 7.511 7.481 7.461 7.425 7.431 7.428 7.38 7.383 7.376 7.382 7.403 7.412 7.415 7.405 7.427 7.444 7.465 7.475 7.489 7.493 7.508 7.537 7.56 7.542 7.574 7.59 7.605 7.62 7.665 7.67 7.665 7.699 7.723 7.753 7.766 7.76 7.795 7.826 7.819 7.853 7.86 7.88 7.918 7.942 7.936 7.973 7.995 8.001 8.022 8.052 8.064 8.099 8.112 8.119 8.154 8.157 8.172 8.206 8.221 8.221 8.245 8.284 8.27 8.3 8.328 8.335 8.349 8.387 8.391 8.428 8.442 8.495 8.556 8.594 8.638 8.673 8.746 8.779 8.833 8.858 8.9 8.916 8.93 8.944 8.947 8.947 8.964 8.948 8.938 8.926 8.914 8.862 8.857 8.851 8.817 8.786 8.744 8.707 8.691 8.673 8.616 8.582 8.556 8.514 8.448 8.43 8.395 8.346 8.314 8.276 8.217 8.152 8.133 8.089 8.07 8.042 7.971 7.959 7.904 7.897 7.853 7.832 7.806 7.78 7.729 7.733 7.691 7.676 7.663 7.624 7.622 7.618 7.587 7.552 7.543 7.528 7.527 7.5 7.498 7.475 7.456 7.464 7.451 7.431 7.446 7.437 7.419 7.408 7.399 7.379 7.379 7.369 7.371 7.385 7.401 7.397 7.422 7.456 7.477 7.51 7.521 7.533 7.564 7.59 7.618 7.661 7.672 7.698 7.728 7.737 7.769 7.803 7.815 7.85 7.88 7.891 7.919 7.944 7.969 7.985 8.002 8.049 8.048 8.081 8.095 8.119 8.15 8.168 8.182 8.2 8.232 8.257 8.287 8.29 8.325 8.336 8.333 8.365 8.415 8.426 8.428 8.463 8.476 8.495 8.502 8.548 8.544 8.57 8.576 8.608 8.614 8.65 8.677 8.691 8.747 8.782 8.82 8.892 8.945 8.974 9.017 9.044 9.073 9.126 9.145 9.162 9.172 9.178 9.192 9.208 9.203 9.184 9.179 9.138 9.143 9.114 9.107 9.063 9.025 9 8.975 8.939 8.902 8.861 8.824 8.78 8.751 8.712 8.648 8.596 8.574 8.545 8.509 8.456 8.405 8.375 8.306 8.295 8.231 8.201 8.17 8.1 8.101 8.048 8.013 7.993 7.952 7.936 7.897 7.866 7.841 7.828 7.784 7.779 7.765 7.729 7.725 7.698 7.715 7.664 7.63 7.628 7.59 7.569 7.58 7.578 7.583 7.607 7.603 7.596 7.598 7.591 7.573 7.554 7.55 7.541 7.524 7.544 7.562 7.572 7.588 7.608 7.636 7.674 7.668 7.689 7.722 7.756 7.775 7.801 7.818 7.849 7.877 7.904 7.92 7.966 7.959 7.997 8.031 8.061 8.099 8.096 8.126 8.147 8.18 8.176 8.214 8.242 8.258 8.28 8.306 8.329 8.379 8.378 8.393 8.415 8.436 8.474 8.457 8.501 8.536 8.532 8.563 8.569 8.594 8.624 8.64 8.683 8.686 8.696 8.725 8.748 8.758 8.781 8.803 8.823 8.847 8.894 8.897 8.972 9.014 9.072 9.11 9.148 9.195 9.255 9.296 9.33 9.348 9.361 9.38 9.403 9.386 9.389 9.367 9.372 9.361 9.37 9.323 9.317 9.25 9.253 9.21 9.156 9.135 9.072 9.05 9.039 8.948 8.918 8.854 8.824 8.787 8.735 8.73 8.644 8.593 8.529 8.478 8.458 8.424 8.368 8.343 8.296 8.255 8.245 8.185 8.157 8.117 8.105 8.087 8.062 8.035 8.024 7.987 7.945 7.919 7.891 7.868 7.859 7.83 7.804 7.811 7.805 7.775 7.758 7.76 7.734 7.701 7.676 7.652 7.618 7.576 7.56 7.561 7.551 7.566 7.546 7.511 7.523 7.52 7.531 7.541 7.546 7.563 7.599 7.614 7.655 7.655 7.702 7.724 7.745 7.769 7.784 7.799 7.827 7.868 7.872 7.886 7.927 7.939 7.95 7.991 8.012 8.033 8.044 8.071 8.101 8.119 8.124 8.159 8.195 8.197 8.235 8.239 8.246 8.286 8.3 8.305 8.317 8.331 8.37 8.391 8.411 8.42 8.45 8.453 8.493 8.496 8.505 8.526 8.569 8.563 8.588 8.608 8.601 8.64 8.661 8.666 8.668 8.725 8.732 8.783 8.853 8.872 8.912 8.97 8.999 9.063 9.1 9.129 9.163 9.182 9.223 9.255 9.23 9.265 9.239 9.249 9.232 9.251 9.228 9.183 9.189 9.141 9.131 9.098 9.054 9.037 8.996 8.963 8.907 8.866 8.854 8.807 8.731 8.724 8.688 8.619 8.595 8.549 8.491 8.455 8.448 8.363 8.323 8.299 8.285 8.249 8.228 8.202 8.176 8.173 8.114 8.127 8.055 8.034 8.014 7.976 7.943 7.932 7.899 7.872 7.846 7.806 7.791 7.747 7.761 7.725 7.719 7.695 7.688 7.671 7.653 7.645 7.602 7.574 7.563 7.558 7.538 7.52 7.513 7.491 7.495 7.508 7.504 7.538 7.539 7.587 7.596 7.628 7.667 7.688 7.704 7.738 7.757 7.768 7.809 7.835 7.846 7.88 7.907 7.953 7.983 7.976 8.002 8.026 8.05 8.083 8.107 8.137 8.14 8.175 8.193 8.212 8.237 8.257 8.285 8.3 8.296 8.346 8.366 8.359 8.404 8.409 8.428 8.449 8.481 8.487 8.51 8.539 8.542 8.583 8.601 8.609 8.625 8.665 8.66 8.68 8.707 8.71 8.734 8.769 8.794 8.815 8.824 8.88 8.91 8.962 8.991 9.048 9.068 9.145 9.168 9.207 9.222 9.28 9.266 9.304 9.312 9.325 9.329 9.307 9.31 9.294 9.262 9.261 9.244 9.213 9.195 9.147 9.127 9.08 9.061 9.033 8.986 8.938 8.924 8.865 8.809 8.779 8.743 8.693 8.651 8.608 8.544 8.508 8.466 8.45 8.392 8.371 8.339 8.29 8.262 8.217 8.167 8.169 8.123 8.089 8.07 7.973 7.979 7.914 7.881 7.89 7.908 7.894 7.893 7.864 7.847 7.839 7.813 7.782 7.758 7.741 7.737 7.71 7.695 7.71 7.666 7.646 7.603 7.565 7.546 7.516 7.495 7.478 7.463 7.46 7.493 7.511 7.511 7.521 7.573 7.557 7.569 7.597 7.611 7.636 7.668 7.683 7.722 7.746 7.772 7.785 7.822 7.851 7.864 7.879 7.896 7.908 7.942 7.94 7.978 7.991 7.995 8.002 8.022 8.048 8.058 8.076 8.095 8.113 8.113 8.146 8.16 8.163 8.196 8.203 8.222 8.234 8.263 8.269 8.301 8.287 8.336 8.323 8.352 8.359 8.366 8.378 8.401 8.425 8.441 8.445 8.472 8.51 8.48 8.493 8.528 8.549 8.588 8.615 8.66 8.664 8.711 8.721 8.736 8.775 8.777 8.822 8.837 8.868 8.909 8.929 8.956 9.008 9.048 9.057 9.076 9.067 9.09 9.082 9.095 9.128 9.103 9.073 9.071 9.05 8.994 8.981 8.919 8.873 8.874 8.845 8.758 8.706 8.745 8.706 8.663 8.588 8.502 8.49 8.48 8.441 8.399 8.369 8.338 8.312 8.268 8.265 8.236 8.19 8.148 8.131 8.069 8.04 8.009 7.992 7.982 7.945 7.901 7.91 7.872 7.835 7.793 7.753 7.742 7.692 7.65 7.637 7.597 7.579 7.565 7.542 7.499 7.505 7.481 7.461 7.446 7.453 7.432 7.44 7.472 7.468 7.485 7.515 7.509 7.525 7.559 7.562 7.582 7.582 7.592 7.633 7.609 7.638 7.671 7.667 7.677 7.706 7.728 7.736 7.754 7.757 7.777 7.773 7.804 7.814 7.825 7.832 7.849 7.876 7.899 7.883 7.897 7.92 7.921 7.938 7.943 7.959 7.957 7.958 7.979 7.996 7.998 8.007 7.989 8.002 8.015 8.022 8.03 8.019 8.05 8.054 8.06 8.064 8.073 8.085 8.089 8.086 8.098 8.101 8.095 8.116 8.117 8.133 8.156 8.175 8.166 8.195 8.202 8.186 8.217 8.251 8.281 8.293 8.325 8.332 8.351 8.383 8.402 8.429 8.416 8.425 8.442 8.459 8.43 8.532 8.544 8.596 8.635 8.631 8.613 8.664 8.662 8.661 8.662 8.648 8.621 8.621 8.615 8.638 8.658 8.678 8.666 8.685 8.694 8.675 8.687 8.695 8.702 8.687 8.674 8.641 8.555 8.495 8.436 8.423 8.489 8.532 8.548 8.547 8.516 8.503 8.452 8.468 8.416 8.404 8.377 8.355 8.328 8.3 8.282 8.261 8.252 8.252 8.24 8.236 8.206 8.208 8.192 8.181 8.177 8.181 8.174 8.186 8.183 8.205 8.213 8.22 8.209 8.225 8.228 8.237 8.232 8.248 8.255 8.254 8.265 8.272 8.287 8.299 8.293 

# DOY 
 227 227 227 227 227 227 227 227 227 227 227 227 227 227 227 227 227 227 227 227 227 227 227 227 227 227 227 227 227 227 227 227 227 227 227 227 227 227 227 227 227 227 227 227 227 227 227 227 227 227 227 227 227 227 227 227 227 227 227 227 227 227 227 227 227 227 227 227 227 227 227 227 227 227 227 227 227 227 227 227 227 227 227 227 227 227 227 227 227 227 227 227 227 227 227 227 227 227 227 227 227 227 227 227 227 227 227 227 227 227 227 227 227 227 227 227 227 227 227 227 227 227 227 227 227 227 227 227 227 227 227 227 227 227 227 227 227 227 227 227 227 227 227 227 228 228 228 228 228 228 228 228 228 228 228 228 228 228 228 228 228 228 228 228 228 228 228 228 228 228 228 228 228 228 228 228 228 228 228 228 228 228 228 228 228 228 228 228 228 228 228 228 228 228 228 228 228 228 228 228 228 228 228 228 228 228 228 228 228 228 228 228 228 228 228 228 228 228 228 228 228 228 228 228 228 228 228 228 228 228 228 228 228 228 228 228 228 228 228 228 228 228 228 228 228 228 228 228 228 228 228 228 228 228 228 228 228 228 228 228 228 228 228 228 228 228 228 228 228 228 228 228 228 228 228 228 228 228 228 228 228 228 228 228 228 228 228 229 229 229 229 229 229 229 229 229 229 229 229 229 229 229 229 229 229 229 229 229 229 229 229 229 229 229 229 229 229 229 229 229 229 229 229 229 229 229 229 229 229 229 229 229 229 229 229 229 229 229 229 229 229 229 229 229 229 229 229 229 229 229 229 229 229 229 229 229 229 229 229 229 229 229 229 229 229 229 229 229 229 229 229 229 229 229 229 229 229 229 229 229 229 229 229 229 229 229 229 229 229 229 229 229 229 229 229 229 229 229 229 229 229 229 229 229 229 229 229 229 229 229 229 229 229 229 229 229 229 229 229 229 229 229 229 229 229 229 229 229 230 230 230 230 230 230 230 230 230 230 230 230 230 230 230 230 230 230 230 230 230 230 230 230 230 230 230 230 230 230 230 230 230 230 230 230 230 230 230 230 230 230 230 230 230 230 230 230 230 230 230 230 230 230 230 230 230 230 230 230 230 230 230 230 230 230 230 230 230 230 230 230 230 230 230 230 230 230 230 230 230 230 230 230 230 230 230 230 230 230 230 230 230 230 230 230 230 230 230 230 230 230 230 230 230 230 230 230 230 230 230 230 230 230 230 230 230 230 230 230 230 230 230 230 230 230 230 230 230 230 230 230 230 230 230 230 230 230 230 230 230 230 231 231 231 231 231 231 231 231 231 231 231 231 231 231 231 231 231 231 231 231 231 231 231 231 231 231 231 231 231 231 231 231 231 231 231 231 231 231 231 231 231 231 231 231 231 231 231 231 231 231 231 231 231 231 231 231 231 231 231 231 231 231 231 231 231 231 231 231 231 231 231 231 231 231 231 231 231 231 231 231 231 231 231 231 231 231 231 231 231 231 231 231 231 231 231 231 231 231 231 231 231 231 231 231 231 231 231 231 231 231 231 231 231 231 231 231 231 231 231 231 231 231 231 231 231 231 231 231 231 231 231 231 231 231 231 231 231 231 231 231 231 231 231 231 232 232 232 232 232 232 232 232 232 232 232 232 232 232 232 232 232 232 232 232 232 232 232 232 232 232 232 232 232 232 232 232 232 232 232 232 232 232 232 232 232 232 232 232 232 232 232 232 232 232 232 232 232 232 232 232 232 232 232 232 232 232 232 232 232 232 232 232 232 232 232 232 232 232 232 232 232 232 232 232 232 232 232 232 232 232 232 232 232 232 232 232 232 232 232 232 232 232 232 232 232 232 232 232 232 232 232 232 232 232 232 232 232 232 232 232 232 232 232 232 232 232 232 232 232 232 232 232 232 232 232 232 232 232 232 232 232 232 232 232 232 232 232 232 233 233 233 233 233 233 233 233 233 233 233 233 233 233 233 233 233 233 233 233 233 233 233 233 233 233 233 233 233 233 233 233 233 233 233 233 233 233 233 233 233 233 233 233 233 233 233 233 233 233 233 233 233 233 233 233 233 233 233 233 233 233 233 233 233 233 233 233 233 233 233 233 233 233 233 233 233 233 233 233 233 233 233 233 233 233 233 233 233 233 233 233 233 233 233 233 233 233 233 233 233 233 233 233 233 233 233 233 233 233 233 233 233 233 233 233 233 233 233 233 233 233 233 233 233 233 233 233 233 233 233 233 233 233 233 233 233 233 233 233 233 233 233 234 234 234 234 234 234 234 234 234 234 234 234 234 234 234 234 234 234 234 234 234 234 234 234 234 234 234 234 234 234 234 234 234 234 234 234 234 234 234 234 234 234 234 234 234 234 234 234 234 234 234 234 234 234 234 234 234 234 234 234 234 234 234 234 234 234 234 234 234 234 234 234 234 234 234 234 234 234 234 234 234 234 234 234 234 234 234 234 234 234 234 234 234 234 234 234 234 234 234 234 234 234 234 234 234 234 234 234 234 234 234 234 234 234 234 234 234 234 234 234 234 234 234 234 234 234 234 234 234 234 234 234 234 234 234 234 234 234 234 234 234 234 234 234 235 235 235 235 235 235 235 235 235 235 235 235 235 235 235 235 235 235 235 235 235 235 235 235 235 235 235 235 235 235 235 235 235 235 235 235 235 235 235 235 235 235 235 235 235 235 235 235 235 235 235 235 235 235 235 235 235 235 235 235 235 235 235 235 235 235 235 235 235 235 235 235 235 235 235 235 235 235 235 235 235 235 235 235 235 235 235 235 235 235 235 235 235 235 235 235 235 235 235 235 235 235 235 235 235 235 235 235 235 235 235 235 235 235 235 235 235 235 235 235 235 235 235 235 235 235 235 235 235 235 235 235 235 235 235 235 235 235 235 235 235 235 235 235 236 236 236 236 236 236 236 236 236 236 236 236 236 236 236 236 236 236 236 236 236 236 236 236 236 236 236 236 236 236 236 236 236 236 236 236 236 236 236 236 236 236 236 236 236 236 236 236 236 236 236 236 236 236 236 236 236 236 236 236 236 236 236 236 236 236 236 236 236 236 236 236 236 236 236 236 236 236 236 236 236 236 236 236 236 236 236 236 236 236 236 236 236 236 236 236 236 236 236 236 236 236 236 236 236 236 236 236 236 236 236 236 236 236 236 236 236 236 236 236 236 236 236 236 236 236 236 236 236 236 236 236 236 236 236 236 236 236 236 236 236 236 236 236 237 237 237 237 237 237 237 237 237 237 237 237 237 237 237 237 237 237 237 237 237 237 237 237 237 237 237 237 237 237 237 237 237 237 237 237 237 237 237 237 237 237 237 237 237 237 237 237 237 237 237 237 237 237 237 237 237 237 237 237 237 237 237 237 237 237 237 237 237 237 237 237 237 237 237 237 237 237 237 237 237 237 237 237 237 237 237 237 237 237 237 237 237 237 237 237 237 237 237 237 237 237 237 237 237 237 237 237 237 237 237 237 237 237 237 237 237 237 237 237 237 237 237 237 237 237 237 237 237 237 237 237 237 237 237 237 237 237 237 237 237 237 237 237 238 238 238 238 238 238 238 238 238 238 238 238 238 238 238 238 238 238 238 238 238 238 238 238 238 238 238 238 238 238 238 238 238 238 238 238 238 238 238 238 238 238 238 238 238 238 238 238 238 238 238 238 238 238 238 238 238 238 238 238 238 238 238 238 238 238 238 238 238 238 238 238 238 238 238 238 238 238 238 238 238 238 238 238 238 238 238 238 238 238 238 238 238 238 238 238 238 238 238 238 238 238 238 238 238 238 238 238 238 238 238 238 238 238 238 238 238 238 238 238 238 238 238 238 238 238 238 238 238 238 238 238 238 238 238 238 238 238 238 238 238 238 238 239 239 239 239 239 239 239 239 239 239 239 239 239 239 239 239 239 239 239 239 239 239 239 239 239 239 239 239 239 239 239 239 239 239 239 239 239 239 239 239 239 239 239 239 239 239 239 239 239 239 239 239 239 239 239 239 239 239 239 239 239 239 239 239 239 239 239 239 239 239 239 239 239 239 239 239 239 239 239 239 239 239 239 239 239 239 239 239 239 239 239 239 239 239 239 239 239 239 239 239 239 239 239 239 239 239 239 239 239 239 239 239 239 239 239 239 239 239 239 239 239 239 239 239 239 239 239 239 239 239 239 239 239 239 239 239 239 239 239 239 239 239 239 

# TOD 
 0.1 0.2666667 0.4333333 0.6 0.7666667 0.9333333 1.1 1.266667 1.433333 1.6 1.766667 1.933333 2.1 2.266667 2.433333 2.6 2.766667 2.933333 3.1 3.266667 3.433333 3.6 3.766667 3.933333 4.1 4.266667 4.433333 4.6 4.766667 4.933333 5.1 5.266667 5.433333 5.6 5.766667 5.933333 6.1 6.266667 6.433333 6.6 6.766667 6.933333 7.1 7.266667 7.433333 7.6 7.766667 7.933333 8.1 8.266667 8.433333 8.6 8.766667 8.933333 9.1 9.266667 9.433333 9.6 9.766667 9.933333 10.1 10.26667 10.43333 10.6 10.76667 10.93333 11.1 11.26667 11.43333 11.6 11.76667 11.93333 12.1 12.26667 12.43333 12.6 12.76667 12.93333 13.1 13.26667 13.43333 13.6 13.76667 13.93333 14.1 14.26667 14.43333 14.6 14.76667 14.93333 15.1 15.26667 15.43333 15.6 15.76667 15.93333 16.1 16.26667 16.43333 16.6 16.76667 16.93333 17.1 17.26667 17.43333 17.6 17.76667 17.93333 18.1 18.26667 18.43333 18.6 18.76667 18.93333 19.1 19.26667 19.43333 19.6 19.76667 19.93333 20.1 20.26667 20.43333 20.6 20.76667 20.93333 21.1 21.26667 21.43333 21.6 21.76667 21.93333 22.1 22.26667 22.43333 22.6 22.76667 22.93333 23.1 23.26667 23.43333 23.6 23.76667 23.93333 0.1 0.2666667 0.4333333 0.6 0.7666667 0.9333333 1.1 1.266667 1.433333 1.6 1.766667 1.933333 2.1 2.266667 2.433333 2.6 2.766667 2.933333 3.1 3.266667 3.433333 3.6 3.766667 3.933333 4.1 4.266667 4.433333 4.6 4.766667 4.933333 5.1 5.266667 5.433333 5.6 5.766667 5.933333 6.1 6.266667 6.433333 6.6 6.766667 6.933333 7.1 7.266667 7.433333 7.6 7.766667 7.933333 8.1 8.266667 8.433333 8.6 8.766667 8.933333 9.1 9.266667 9.433333 9.6 9.766667 9.933333 10.1 10.26667 10.43333 10.6 10.76667 10.93333 11.1 11.26667 11.43333 11.6 11.76667 11.93333 12.1 12.26667 12.43333 12.6 12.76667 12.93333 13.1 13.26667 13.43333 13.6 13.76667 13.93333 14.1 14.26667 14.43333 14.6 14.76667 14.93333 15.1 15.26667 15.43333 15.6 15.76667 15.93333 16.1 16.26667 16.43333 16.6 16.76667 16.93333 17.1 17.26667 17.43333 17.6 17.76667 17.93333 18.1 18.26667 18.43333 18.6 18.76667 18.93333 19.1 19.26667 19.43333 19.6 19.76667 20.1 20.26667 20.43333 20.6 20.76667 20.93333 21.1 21.26667 21.43333 21.6 21.76667 21.93333 22.1 22.26667 22.43333 22.6 22.76667 22.93333 23.1 23.26667 23.43333 23.6 23.76667 23.93333 0.1 0.2666667 0.4333333 0.6 0.7666667 0.9333333 1.1 1.266667 1.433333 1.6 1.766667 1.933333 2.1 2.266667 2.433333 2.6 2.766667 2.933333 3.1 3.266667 3.433333 3.6 3.766667 3.933333 4.1 4.266667 4.433333 4.6 4.766667 4.933333 5.1 5.266667 5.433333 5.6 5.766667 5.933333 6.1 6.266667 6.433333 6.6 6.766667 6.933333 7.1 7.266667 7.433333 7.6 7.766667 7.933333 8.1 8.266667 8.433333 8.6 8.766667 8.933333 9.1 9.266667 9.433333 9.6 9.766667 10.1 10.26667 10.43333 10.6 10.76667 10.93333 11.1 11.26667 11.43333 11.6 11.76667 11.93333 12.1 12.26667 12.43333 12.6 12.76667 12.93333 13.1 13.26667 13.43333 13.6 13.76667 13.93333 14.1 14.26667 14.43333 14.6 14.93333 15.1 15.26667 15.43333 15.6 15.76667 15.93333 16.1 16.26667 16.43333 16.6 16.76667 16.93333 17.1 17.26667 17.43333 17.6 17.76667 17.93333 18.1 18.26667 18.43333 18.6 18.76667 18.93333 19.1 19.26667 19.43333 19.6 19.76667 19.93333 20.26667 20.43333 20.6 20.76667 20.93333 21.1 21.26667 21.43333 21.6 21.76667 21.93333 22.1 22.26667 22.43333 22.6 22.76667 22.93333 23.1 23.26667 23.43333 23.6 23.76667 23.93333 0.1 0.2666667 0.4333333 0.6 0.7666667 0.9333333 1.1 1.266667 1.433333 1.6 1.766667 1.933333 2.1 2.266667 2.433333 2.6 2.766667 2.933333 3.1 3.266667 3.433333 3.6 3.766667 3.933333 4.1 4.266667 4.433333 4.6 4.766667 4.933333 5.1 5.266667 5.433333 5.6 5.766667 5.933333 6.1 6.266667 6.433333 6.6 6.766667 6.933333 7.1 7.266667 7.433333 7.6 7.766667 7.933333 8.1 8.266667 8.433333 8.6 8.766667 8.933333 9.266667 9.433333 9.6 9.766667 9.933333 10.1 10.26667 10.43333 10.6 10.76667 10.93333 11.1 11.26667 11.43333 11.6 11.76667 11.93333 12.1 12.26667 12.43333 12.6 12.76667 12.93333 13.1 13.26667 13.43333 13.6 13.76667 13.93333 14.1 14.26667 14.43333 14.6 14.76667 14.93333 15.1 15.26667 15.43333 15.6 15.76667 15.93333 16.1 16.26667 16.6 16.76667 16.93333 17.1 17.26667 17.43333 17.6 17.76667 17.93333 18.1 18.26667 18.43333 18.6 18.76667 18.93333 19.1 19.26667 19.43333 19.6 19.76667 19.93333 20.1 20.26667 20.43333 20.6 20.76667 20.93333 21.1 21.26667 21.43333 21.6 21.76667 21.93333 22.1 22.26667 22.43333 22.6 22.76667 22.93333 23.1 23.26667 23.43333 23.6 23.76667 23.93333 0.1 0.2666667 0.4333333 0.6 0.7666667 0.9333333 1.1 1.266667 1.433333 1.6 1.766667 1.933333 2.1 2.266667 2.433333 2.6 2.766667 2.933333 3.1 3.266667 3.433333 3.6 3.766667 3.933333 4.1 4.266667 4.433333 4.6 4.766667 4.933333 5.1 5.266667 5.433333 5.6 5.766667 5.933333 6.1 6.266667 6.433333 6.6 6.766667 6.933333 7.1 7.266667 7.433333 7.6 7.766667 7.933333 8.1 8.266667 8.433333 8.6 8.766667 8.933333 9.1 9.266667 9.433333 9.6 9.766667 9.933333 10.1 10.26667 10.43333 10.6 10.76667 10.93333 11.1 11.26667 11.43333 11.6 11.76667 11.93333 12.1 12.26667 12.43333 12.6 12.76667 12.93333 13.1 13.26667 13.43333 13.6 13.76667 13.93333 14.1 14.26667 14.43333 14.6 14.76667 14.93333 15.1 15.26667 15.43333 15.6 15.76667 15.93333 16.1 16.26667 16.43333 16.6 16.76667 16.93333 17.1 17.26667 17.43333 17.6 17.76667 17.93333 18.1 18.26667 18.43333 18.6 18.76667 18.93333 19.1 19.26667 19.43333 19.6 19.76667 19.93333 20.1 20.26667 20.43333 20.6 20.76667 20.93333 21.1 21.26667 21.43333 21.6 21.76667 21.93333 22.1 22.26667 22.43333 22.6 22.76667 22.93333 23.1 23.26667 23.43333 23.6 23.76667 23.93333 0.1 0.2666667 0.4333333 0.6 0.7666667 0.9333333 1.1 1.266667 1.433333 1.6 1.766667 1.933333 2.1 2.266667 2.433333 2.6 2.766667 2.933333 3.1 3.266667 3.433333 3.6 3.766667 3.933333 4.1 4.266667 4.433333 4.6 4.766667 4.933333 5.1 5.266667 5.433333 5.6 5.766667 5.933333 6.1 6.266667 6.433333 6.6 6.766667 6.933333 7.1 7.266667 7.433333 7.6 7.766667 7.933333 8.1 8.266667 8.433333 8.6 8.766667 8.933333 9.1 9.266667 9.433333 9.6 9.766667 9.933333 10.1 10.26667 10.43333 10.6 10.76667 10.93333 11.1 11.26667 11.43333 11.6 11.76667 11.93333 12.1 12.26667 12.43333 12.6 12.76667 12.93333 13.1 13.26667 13.43333 13.6 13.76667 13.93333 14.1 14.26667 14.43333 14.6 14.76667 14.93333 15.1 15.26667 15.43333 15.6 15.76667 15.93333 16.1 16.26667 16.43333 16.6 16.76667 16.93333 17.1 17.26667 17.43333 17.6 17.76667 17.93333 18.1 18.26667 18.43333 18.6 18.76667 18.93333 19.1 19.26667 19.43333 19.6 19.76667 19.93333 20.1 20.26667 20.43333 20.6 20.76667 20.93333 21.1 21.26667 21.43333 21.6 21.76667 21.93333 22.1 22.26667 22.43333 22.6 22.76667 22.93333 23.1 23.26667 23.43333 23.6 23.76667 23.93333 0.1 0.2666667 0.4333333 0.6 0.7666667 0.9333333 1.1 1.266667 1.433333 1.6 1.766667 1.933333 2.1 2.266667 2.433333 2.6 2.766667 2.933333 3.1 3.266667 3.433333 3.6 3.766667 3.933333 4.1 4.266667 4.433333 4.6 4.766667 4.933333 5.1 5.266667 5.433333 5.6 5.766667 5.933333 6.1 6.266667 6.433333 6.6 6.766667 6.933333 7.1 7.266667 7.433333 7.6 7.766667 7.933333 8.1 8.266667 8.433333 8.6 8.766667 8.933333 9.1 9.266667 9.433333 9.766667 9.933333 10.1 10.26667 10.43333 10.6 10.76667 10.93333 11.1 11.26667 11.43333 11.6 11.76667 11.93333 12.1 12.26667 12.43333 12.6 12.76667 12.93333 13.1 13.26667 13.43333 13.6 13.76667 13.93333 14.1 14.26667 14.43333 14.6 14.76667 14.93333 15.1 15.26667 15.43333 15.6 15.76667 15.93333 16.1 16.26667 16.43333 16.6 16.76667 16.93333 17.1 17.26667 17.43333 17.6 17.76667 17.93333 18.1 18.26667 18.43333 18.6 18.76667 18.93333 19.1 19.26667 19.43333 19.6 19.76667 19.93333 20.1 20.26667 20.43333 20.6 20.76667 20.93333 21.1 21.26667 21.43333 21.6 21.76667 21.93333 22.1 22.26667 22.43333 22.6 22.76667 22.93333 23.1 23.26667 23.43333 23.6 23.76667 23.93333 0.1 0.2666667 0.4333333 0.6 0.7666667 0.9333333 1.1 1.266667 1.433333 1.6 1.766667 1.933333 2.1 2.266667 2.433333 2.6 2.766667 2.933333 3.1 3.266667 3.433333 3.6 3.766667 3.933333 4.1 4.266667 4.433333 4.6 4.766667 4.933333 5.1 5.266667 5.433333 5.6 5.766667 5.933333 6.1 6.266667 6.433333 6.6 6.766667 6.933333 7.1 7.266667 7.433333 7.6 7.766667 7.933333 8.1 8.266667 8.433333 8.6 8.766667 8.933333 9.1 9.266667 9.433333 9.6 9.766667 9.933333 10.1 10.26667 10.43333 10.6 10.76667 10.93333 11.1 11.26667 11.43333 11.6 11.76667 11.93333 12.1 12.26667 12.43333 12.6 12.76667 12.93333 13.1 13.26667 13.43333 13.6 13.76667 13.93333 14.1 14.26667 14.43333 14.6 14.76667 14.93333 15.1 15.26667 15.43333 15.6 15.76667 15.93333 16.1 16.26667 16.43333 16.6 16.76667 16.93333 17.1 17.26667 17.43333 17.6 17.76667 17.93333 18.1 18.26667 18.43333 18.6 18.76667 18.93333 19.1 19.26667 19.43333 19.6 19.76667 19.93333 20.1 20.26667 20.43333 20.6 20.76667 20.93333 21.1 21.26667 21.43333 21.6 21.76667 21.93333 22.1 22.26667 22.43333 22.6 22.76667 22.93333 23.1 23.26667 23.43333 23.6 23.76667 23.93333 0.1 0.2666667 0.4333333 0.6 0.7666667 0.9333333 1.1 1.266667 1.433333 1.6 1.766667 1.933333 2.1 2.266667 2.433333 2.6 2.766667 2.933333 3.1 3.266667 3.433333 3.6 3.766667 3.933333 4.1 4.266667 4.433333 4.6 4.766667 4.933333 5.1 5.266667 5.433333 5.6 5.766667 5.933333 6.1 6.266667 6.433333 6.6 6.766667 6.933333 7.1 7.266667 7.433333 7.6 7.766667 7.933333 8.1 8.266667 8.433333 8.6 8.766667 8.933333 9.1 9.266667 9.433333 9.6 9.766667 9.933333 10.1 10.26667 10.43333 10.6 10.76667 10.93333 11.1 11.26667 11.43333 11.6 11.76667 11.93333 12.1 12.26667 12.43333 12.6 12.76667 12.93333 13.1 13.26667 13.43333 13.6 13.76667 13.93333 14.1 14.26667 14.43333 14.6 14.76667 14.93333 15.1 15.26667 15.43333 15.6 15.76667 15.93333 16.1 16.26667 16.43333 16.6 16.76667 16.93333 17.1 17.26667 17.43333 17.6 17.76667 17.93333 18.1 18.26667 18.43333 18.6 18.76667 18.93333 19.1 19.26667 19.43333 19.6 19.76667 19.93333 20.1 20.26667 20.43333 20.6 20.76667 20.93333 21.1 21.26667 21.43333 21.6 21.76667 21.93333 22.1 22.26667 22.43333 22.6 22.76667 22.93333 23.1 23.26667 23.43333 23.6 23.76667 23.93333 0.1 0.2666667 0.4333333 0.6 0.7666667 0.9333333 1.1 1.266667 1.433333 1.6 1.766667 1.933333 2.1 2.266667 2.433333 2.6 2.766667 2.933333 3.1 3.266667 3.433333 3.6 3.766667 3.933333 4.1 4.266667 4.433333 4.6 4.766667 4.933333 5.1 5.266667 5.433333 5.6 5.766667 5.933333 6.1 6.266667 6.433333 6.6 6.766667 6.933333 7.1 7.266667 7.433333 7.6 7.766667 7.933333 8.1 8.266667 8.433333 8.6 8.766667 8.933333 9.1 9.266667 9.433333 9.6 9.766667 9.933333 10.1 10.26667 10.43333 10.6 10.76667 10.93333 11.1 11.26667 11.43333 11.6 11.76667 11.93333 12.1 12.26667 12.43333 12.6 12.76667 12.93333 13.1 13.26667 13.43333 13.6 13.76667 13.93333 14.1 14.26667 14.43333 14.6 14.76667 14.93333 15.1 15.26667 15.43333 15.6 15.76667 15.93333 16.1 16.26667 16.43333 16.6 16.76667 16.93333 17.1 17.26667 17.43333 17.6 17.76667 17.93333 18.1 18.26667 18.43333 18.6 18.76667 18.93333 19.1 19.26667 19.43333 19.6 19.76667 19.93333 20.1 20.26667 20.43333 20.6 20.76667 20.93333 21.1 21.26667 21.43333 21.6 21.76667 21.93333 22.1 22.26667 22.43333 22.6 22.76667 22.93333 23.1 23.26667 23.43333 23.6 23.76667 23.93333 0.1 0.2666667 0.4333333 0.6 0.7666667 0.9333333 1.1 1.266667 1.433333 1.6 1.766667 1.933333 2.1 2.266667 2.433333 2.6 2.766667 2.933333 3.1 3.266667 3.433333 3.6 3.766667 3.933333 4.1 4.266667 4.433333 4.6 4.766667 4.933333 5.1 5.266667 5.433333 5.6 5.766667 5.933333 6.1 6.266667 6.433333 6.6 6.766667 6.933333 7.1 7.266667 7.433333 7.6 7.766667 7.933333 8.1 8.266667 8.433333 8.6 8.766667 8.933333 9.1 9.266667 9.433333 9.6 9.766667 9.933333 10.1 10.26667 10.43333 10.6 10.76667 10.93333 11.1 11.26667 11.43333 11.6 11.76667 11.93333 12.1 12.26667 12.43333 12.6 12.76667 12.93333 13.1 13.26667 13.43333 13.6 13.76667 13.93333 14.1 14.26667 14.43333 14.6 14.76667 14.93333 15.1 15.26667 15.43333 15.6 15.76667 15.93333 16.1 16.26667 16.43333 16.6 16.76667 16.93333 17.1 17.26667 17.43333 17.6 17.76667 17.93333 18.1 18.26667 18.43333 18.6 18.76667 18.93333 19.1 19.26667 19.43333 19.6 19.76667 19.93333 20.1 20.26667 20.43333 20.6 20.76667 20.93333 21.1 21.26667 21.43333 21.6 21.76667 21.93333 22.1 22.26667 22.43333 22.6 22.76667 22.93333 23.1 23.26667 23.43333 23.6 23.76667 23.93333 0.1 0.2666667 0.4333333 0.6 0.7666667 0.9333333 1.1 1.266667 1.433333 1.6 1.766667 1.933333 2.1 2.266667 2.433333 2.6 2.766667 2.933333 3.1 3.266667 3.433333 3.6 3.766667 3.933333 4.1 4.266667 4.433333 4.6 4.766667 4.933333 5.1 5.266667 5.433333 5.6 5.766667 5.933333 6.1 6.266667 6.433333 6.6 6.766667 6.933333 7.1 7.266667 7.433333 7.6 7.766667 7.933333 8.1 8.266667 8.433333 8.6 8.766667 8.933333 9.1 9.266667 9.433333 9.6 9.766667 9.933333 10.1 10.26667 10.43333 10.6 10.76667 10.93333 11.26667 11.43333 11.6 11.76667 11.93333 12.1 12.26667 12.43333 12.6 12.76667 12.93333 13.1 13.26667 13.43333 13.6 13.76667 13.93333 14.1 14.26667 14.43333 14.6 14.76667 14.93333 15.1 15.26667 15.43333 15.6 15.76667 15.93333 16.1 16.26667 16.43333 16.6 16.76667 16.93333 17.1 17.26667 17.43333 17.6 17.76667 17.93333 18.1 18.26667 18.43333 18.6 18.76667 18.93333 19.1 19.26667 19.43333 19.6 19.76667 19.93333 20.1 20.26667 20.43333 20.6 20.76667 20.93333 21.1 21.26667 21.43333 21.6 21.76667 21.93333 22.1 22.26667 22.43333 22.6 22.76667 22.93333 23.1 23.26667 23.43333 23.6 23.76667 23.93333 0.1 0.2666667 0.4333333 0.6 0.7666667 0.9333333 1.1 1.266667 1.433333 1.6 1.766667 1.933333 2.1 2.266667 2.433333 2.6 2.766667 2.933333 3.1 3.266667 3.433333 3.6 3.766667 3.933333 4.1 4.266667 4.433333 4.6 4.766667 4.933333 5.1 5.266667 5.433333 5.6 5.766667 5.933333 6.1 6.266667 6.433333 6.6 6.766667 6.933333 7.1 7.266667 7.433333 7.6 7.766667 7.933333 8.1 8.266667 8.433333 8.6 8.766667 8.933333 9.1 9.266667 9.433333 9.6 9.766667 9.933333 10.1 10.26667 10.43333 10.6 10.76667 10.93333 11.1 11.26667 11.43333 11.6 11.76667 11.93333 12.1 12.26667 12.43333 12.6 12.76667 12.93333 13.1 13.43333 13.6 13.76667 13.93333 14.1 14.26667 14.43333 14.6 14.76667 14.93333 15.1 15.26667 15.43333 15.6 15.76667 15.93333 16.1 16.26667 16.43333 16.6 16.76667 16.93333 17.1 17.26667 17.43333 17.6 17.76667 17.93333 18.1 18.26667 18.43333 18.6 18.76667 18.93333 19.1 19.26667 19.43333 19.6 19.76667 19.93333 20.1 20.26667 20.43333 20.6 20.76667 20.93333 21.1 21.26667 21.43333 21.6 21.76667 21.93333 22.1 22.26667 22.43333 22.6 22.76667 22.93333 23.1 23.26667 23.43333 23.6 23.76667 23.93333 

# Interval 
 0 0.1666667 0.3333333 0.5 0.6666667 0.8333333 1 1.166667 1.333333 1.5 1.666667 1.833333 2 2.166667 2.333333 2.5 2.666667 2.833333 3 3.166667 3.333333 3.5 3.666667 3.833333 4 4.166667 4.333333 4.5 4.666667 4.833333 5 5.166667 5.333333 5.5 5.666667 5.833333 6 6.166667 6.333333 6.5 6.666667 6.833333 7 7.166667 7.333333 7.5 7.666667 7.833333 8 8.166667 8.333333 8.5 8.666667 8.833333 9 9.166667 9.333333 9.5 9.666667 9.833333 10 10.16667 10.33333 10.5 10.66667 10.83333 11 11.16667 11.33333 11.5 11.66667 11.83333 12 12.16667 12.33333 12.5 12.66667 12.83333 13 13.16667 13.33333 13.5 13.66667 13.83333 14 14.16667 14.33333 14.5 14.66667 14.83333 15 15.16667 15.33333 15.5 15.66667 15.83333 16 16.16667 16.33333 16.5 16.66667 16.83333 17 17.16667 17.33333 17.5 17.66667 17.83333 18 18.16667 18.33333 18.5 18.66667 18.83333 19 19.16667 19.33333 19.5 19.66667 19.83333 20 20.16667 20.33333 20.5 20.66667 20.83333 21 21.16667 21.33333 21.5 21.66667 21.83333 22 22.16667 22.33333 22.5 22.66667 22.83333 23 23.16667 23.33333 23.5 23.66667 23.83333 24 24.16667 24.33333 24.5 24.66667 24.83333 25 25.16667 25.33333 25.5 25.66667 25.83333 26 26.16667 26.33333 26.5 26.66667 26.83333 27 27.16667 27.33333 27.5 27.66667 27.83333 28 28.16667 28.33333 28.5 28.66667 28.83333 29 29.16667 29.33333 29.5 29.66667 29.83333 30 30.16667 30.33333 30.5 30.66667 30.83333 31 31.16667 31.33333 31.5 31.66667 31.83333 32 32.16667 32.33333 32.5 32.66667 32.83333 33 33.16667 33.33333 33.5 33.66667 33.83333 34 34.16667 34.33333 34.5 34.66667 34.83333 35 35.16667 35.33333 35.5 35.66667 35.83333 36 36.16667 36.33333 36.5 36.66667 36.83333 37 37.16667 37.33333 37.5 37.66667 37.83333 38 38.16667 38.33333 38.5 38.66667 38.83333 39 39.16667 39.33333 39.5 39.66667 39.83333 40 40.16667 40.33333 40.5 40.66667 40.83333 41 41.16667 41.33333 41.5 41.66667 41.83333 42 42.16667 42.33333 42.5 42.66667 42.83333 43 43.16667 43.33333 43.5 43.66667 44 44.16667 44.33333 44.5 44.66667 44.83333 45 45.16667 45.33333 45.5 45.66667 45.83333 46 46.16667 46.33333 46.5 46.66667 46.83333 47 47.16667 47.33333 47.5 47.66667 47.83333 48 48.16667 48.33333 48.5 48.66667 48.83333 49 49.16667 49.33333 49.5 49.66667 49.83333 50 50.16667 50.33333 50.5 50.66667 50.83333 51 51.16667 51.33333 51.5 51.66667 51.83333 52 52.16667 52.33333 52.5 52.66667 52.83333 53 53.16667 53.33333 53.5 53.66667 53.83333 54 54.16667 54.33333 54.5 54.66667 54.83333 55 55.16667 55.33333 55.5 55.66667 55.83333 56 56.16667 56.33333 56.5 56.66667 56.83333 57 57.16667 57.33333 57.5 57.66667 58 58.16667 58.33333 58.5 58.66667 58.83333 59 59.16667 59.33333 59.5 59.66667 59.83333 60 60.16667 60.33333 60.5 60.66667 60.83333 61 61.16667 61.33333 61.5 61.66667 61.83333 62 62.16667 62.33333 62.5 62.83333 63 63.16667 63.33333 63.5 63.66667 63.83333 64 64.16667 64.33333 64.5 64.66667 64.83333 65 65.16667 65.33333 65.5 65.66667 65.83333 66 66.16667 66.33333 66.5 66.66667 66.83333 67 67.16667 67.33333 67.5 67.66667 67.83333 68.16667 68.33333 68.5 68.66667 68.83333 69 69.16667 69.33333 69.5 69.66667 69.83333 70 70.16667 70.33333 70.5 70.66667 70.83333 71 71.16667 71.33333 71.5 71.66667 71.83333 72 72.16667 72.33333 72.5 72.66667 72.83333 73 73.16667 73.33333 73.5 73.66667 73.83333 74 74.16667 74.33333 74.5 74.66667 74.83333 75 75.16667 75.33333 75.5 75.66667 75.83333 76 76.16667 76.33333 76.5 76.66667 76.83333 77 77.16667 77.33333 77.5 77.66667 77.83333 78 78.16667 78.33333 78.5 78.66667 78.83333 79 79.16667 79.33333 79.5 79.66667 79.83333 80 80.16667 80.33333 80.5 80.66667 80.83333 81.16667 81.33333 81.5 81.66667 81.83333 82 82.16667 82.33333 82.5 82.66667 82.83333 83 83.16667 83.33333 83.5 83.66667 83.83333 84 84.16667 84.33333 84.5 84.66667 84.83333 85 85.16667 85.33333 85.5 85.66667 85.83333 86 86.16667 86.33333 86.5 86.66667 86.83333 87 87.16667 87.33333 87.5 87.66667 87.83333 88 88.16667 88.5 88.66667 88.83333 89 89.16667 89.33333 89.5 89.66667 89.83333 90 90.16667 90.33333 90.5 90.66667 90.83333 91 91.16667 91.33333 91.5 91.66667 91.83333 92 92.16667 92.33333 92.5 92.66667 92.83333 93 93.16667 93.33333 93.5 93.66667 93.83333 94 94.16667 94.33333 94.5 94.66667 94.83333 95 95.16667 95.33333 95.5 95.66667 95.83333 96 96.16667 96.33333 96.5 96.66667 96.83333 97 97.16667 97.33333 97.5 97.66667 97.83333 98 98.16667 98.33333 98.5 98.66667 98.83333 99 99.16667 99.33333 99.5 99.66667 99.83333 100 100.1667 100.3333 100.5 100.6667 100.8333 101 101.1667 101.3333 101.5 101.6667 101.8333 102 102.1667 102.3333 102.5 102.6667 102.8333 103 103.1667 103.3333 103.5 103.6667 103.8333 104 104.1667 104.3333 104.5 104.6667 104.8333 105 105.1667 105.3333 105.5 105.6667 105.8333 106 106.1667 106.3333 106.5 106.6667 106.8333 107 107.1667 107.3333 107.5 107.6667 107.8333 108 108.1667 108.3333 108.5 108.6667 108.8333 109 109.1667 109.3333 109.5 109.6667 109.8333 110 110.1667 110.3333 110.5 110.6667 110.8333 111 111.1667 111.3333 111.5 111.6667 111.8333 112 112.1667 112.3333 112.5 112.6667 112.8333 113 113.1667 113.3333 113.5 113.6667 113.8333 114 114.1667 114.3333 114.5 114.6667 114.8333 115 115.1667 115.3333 115.5 115.6667 115.8333 116 116.1667 116.3333 116.5 116.6667 116.8333 117 117.1667 117.3333 117.5 117.6667 117.8333 118 118.1667 118.3333 118.5 118.6667 118.8333 119 119.1667 119.3333 119.5 119.6667 119.8333 120 120.1667 120.3333 120.5 120.6667 120.8333 121 121.1667 121.3333 121.5 121.6667 121.8333 122 122.1667 122.3333 122.5 122.6667 122.8333 123 123.1667 123.3333 123.5 123.6667 123.8333 124 124.1667 124.3333 124.5 124.6667 124.8333 125 125.1667 125.3333 125.5 125.6667 125.8333 126 126.1667 126.3333 126.5 126.6667 126.8333 127 127.1667 127.3333 127.5 127.6667 127.8333 128 128.1667 128.3333 128.5 128.6667 128.8333 129 129.1667 129.3333 129.5 129.6667 129.8333 130 130.1667 130.3333 130.5 130.6667 130.8333 131 131.1667 131.3333 131.5 131.6667 131.8333 132 132.1667 132.3333 132.5 132.6667 132.8333 133 133.1667 133.3333 133.5 133.6667 133.8333 134 134.1667 134.3333 134.5 134.6667 134.8333 135 135.1667 135.3333 135.5 135.6667 135.8333 136 136.1667 136.3333 136.5 136.6667 136.8333 137 137.1667 137.3333 137.5 137.6667 137.8333 138 138.1667 138.3333 138.5 138.6667 138.8333 139 139.1667 139.3333 139.5 139.6667 139.8333 140 140.1667 140.3333 140.5 140.6667 140.8333 141 141.1667 141.3333 141.5 141.6667 141.8333 142 142.1667 142.3333 142.5 142.6667 142.8333 143 143.1667 143.3333 143.5 143.6667 143.8333 144 144.1667 144.3333 144.5 144.6667 144.8333 145 145.1667 145.3333 145.5 145.6667 145.8333 146 146.1667 146.3333 146.5 146.6667 146.8333 147 147.1667 147.3333 147.5 147.6667 147.8333 148 148.1667 148.3333 148.5 148.6667 148.8333 149 149.1667 149.3333 149.5 149.6667 149.8333 150 150.1667 150.3333 150.5 150.6667 150.8333 151 151.1667 151.3333 151.5 151.6667 151.8333 152 152.1667 152.3333 152.5 152.6667 152.8333 153 153.1667 153.3333 153.6667 153.8333 154 154.1667 154.3333 154.5 154.6667 154.8333 155 155.1667 155.3333 155.5 155.6667 155.8333 156 156.1667 156.3333 156.5 156.6667 156.8333 157 157.1667 157.3333 157.5 157.6667 157.8333 158 158.1667 158.3333 158.5 158.6667 158.8333 159 159.1667 159.3333 159.5 159.6667 159.8333 160 160.1667 160.3333 160.5 160.6667 160.8333 161 161.1667 161.3333 161.5 161.6667 161.8333 162 162.1667 162.3333 162.5 162.6667 162.8333 163 163.1667 163.3333 163.5 163.6667 163.8333 164 164.1667 164.3333 164.5 164.6667 164.8333 165 165.1667 165.3333 165.5 165.6667 165.8333 166 166.1667 166.3333 166.5 166.6667 166.8333 167 167.1667 167.3333 167.5 167.6667 167.8333 168 168.1667 168.3333 168.5 168.6667 168.8333 169 169.1667 169.3333 169.5 169.6667 169.8333 170 170.1667 170.3333 170.5 170.6667 170.8333 171 171.1667 171.3333 171.5 171.6667 171.8333 172 172.1667 172.3333 172.5 172.6667 172.8333 173 173.1667 173.3333 173.5 173.6667 173.8333 174 174.1667 174.3333 174.5 174.6667 174.8333 175 175.1667 175.3333 175.5 175.6667 175.8333 176 176.1667 176.3333 176.5 176.6667 176.8333 177 177.1667 177.3333 177.5 177.6667 177.8333 178 178.1667 178.3333 178.5 178.6667 178.8333 179 179.1667 179.3333 179.5 179.6667 179.8333 180 180.1667 180.3333 180.5 180.6667 180.8333 181 181.1667 181.3333 181.5 181.6667 181.8333 182 182.1667 182.3333 182.5 182.6667 182.8333 183 183.1667 183.3333 183.5 183.6667 183.8333 184 184.1667 184.3333 184.5 184.6667 184.8333 185 185.1667 185.3333 185.5 185.6667 185.8333 186 186.1667 186.3333 186.5 186.6667 186.8333 187 187.1667 187.3333 187.5 187.6667 187.8333 188 188.1667 188.3333 188.5 188.6667 188.8333 189 189.1667 189.3333 189.5 189.6667 189.8333 190 190.1667 190.3333 190.5 190.6667 190.8333 191 191.1667 191.3333 191.5 191.6667 191.8333 192 192.1667 192.3333 192.5 192.6667 192.8333 193 193.1667 193.3333 193.5 193.6667 193.8333 194 194.1667 194.3333 194.5 194.6667 194.8333 195 195.1667 195.3333 195.5 195.6667 195.8333 196 196.1667 196.3333 196.5 196.6667 196.8333 197 197.1667 197.3333 197.5 197.6667 197.8333 198 198.1667 198.3333 198.5 198.6667 198.8333 199 199.1667 199.3333 199.5 199.6667 199.8333 200 200.1667 200.3333 200.5 200.6667 200.8333 201 201.1667 201.3333 201.5 201.6667 201.8333 202 202.1667 202.3333 202.5 202.6667 202.8333 203 203.1667 203.3333 203.5 203.6667 203.8333 204 204.1667 204.3333 204.5 204.6667 204.8333 205 205.1667 205.3333 205.5 205.6667 205.8333 206 206.1667 206.3333 206.5 206.6667 206.8333 207 207.1667 207.3333 207.5 207.6667 207.8333 208 208.1667 208.3333 208.5 208.6667 208.8333 209 209.1667 209.3333 209.5 209.6667 209.8333 210 210.1667 210.3333 210.5 210.6667 210.8333 211 211.1667 211.3333 211.5 211.6667 211.8333 212 212.1667 212.3333 212.5 212.6667 212.8333 213 213.1667 213.3333 213.5 213.6667 213.8333 214 214.1667 214.3333 214.5 214.6667 214.8333 215 215.1667 215.3333 215.5 215.6667 215.8333 216 216.1667 216.3333 216.5 216.6667 216.8333 217 217.1667 217.3333 217.5 217.6667 217.8333 218 218.1667 218.3333 218.5 218.6667 218.8333 219 219.1667 219.3333 219.5 219.6667 219.8333 220 220.1667 220.3333 220.5 220.6667 220.8333 221 221.1667 221.3333 221.5 221.6667 221.8333 222 222.1667 222.3333 222.5 222.6667 222.8333 223 223.1667 223.3333 223.5 223.6667 223.8333 224 224.1667 224.3333 224.5 224.6667 224.8333 225 225.1667 225.3333 225.5 225.6667 225.8333 226 226.1667 226.3333 226.5 226.6667 226.8333 227 227.1667 227.3333 227.5 227.6667 227.8333 228 228.1667 228.3333 228.5 228.6667 228.8333 229 229.1667 229.3333 229.5 229.6667 229.8333 230 230.1667 230.3333 230.5 230.6667 230.8333 231 231.1667 231.3333 231.5 231.6667 231.8333 232 232.1667 232.3333 232.5 232.6667 232.8333 233 233.1667 233.3333 233.5 233.6667 233.8333 234 234.1667 234.3333 234.5 234.6667 234.8333 235 235.1667 235.3333 235.5 235.6667 235.8333 236 236.1667 236.3333 236.5 236.6667 236.8333 237 237.1667 237.3333 237.5 237.6667 237.8333 238 238.1667 238.3333 238.5 238.6667 238.8333 239 239.1667 239.3333 239.5 239.6667 239.8333 240 240.1667 240.3333 240.5 240.6667 240.8333 241 241.1667 241.3333 241.5 241.6667 241.8333 242 242.1667 242.3333 242.5 242.6667 242.8333 243 243.1667 243.3333 243.5 243.6667 243.8333 244 244.1667 244.3333 244.5 244.6667 244.8333 245 245.1667 245.3333 245.5 245.6667 245.8333 246 246.1667 246.3333 246.5 246.6667 246.8333 247 247.1667 247.3333 247.5 247.6667 247.8333 248 248.1667 248.3333 248.5 248.6667 248.8333 249 249.1667 249.3333 249.5 249.6667 249.8333 250 250.1667 250.3333 250.5 250.6667 250.8333 251 251.1667 251.3333 251.5 251.6667 251.8333 252 252.1667 252.3333 252.5 252.6667 252.8333 253 253.1667 253.3333 253.5 253.6667 253.8333 254 254.1667 254.3333 254.5 254.6667 254.8333 255 255.1667 255.3333 255.5 255.6667 255.8333 256 256.1667 256.3333 256.5 256.6667 256.8333 257 257.1667 257.3333 257.5 257.6667 257.8333 258 258.1667 258.3333 258.5 258.6667 258.8333 259 259.1667 259.3333 259.5 259.6667 259.8333 260 260.1667 260.3333 260.5 260.6667 260.8333 261 261.1667 261.3333 261.5 261.6667 261.8333 262 262.1667 262.3333 262.5 262.6667 262.8333 263 263.1667 263.3333 263.5 263.6667 263.8333 264 264.1667 264.3333 264.5 264.6667 264.8333 265 265.1667 265.3333 265.5 265.6667 265.8333 266 266.1667 266.3333 266.5 266.6667 266.8333 267 267.1667 267.3333 267.5 267.6667 267.8333 268 268.1667 268.3333 268.5 268.6667 268.8333 269 269.1667 269.3333 269.5 269.6667 269.8333 270 270.1667 270.3333 270.5 270.6667 270.8333 271 271.1667 271.3333 271.5 271.6667 271.8333 272 272.1667 272.3333 272.5 272.6667 272.8333 273 273.1667 273.3333 273.5 273.6667 273.8333 274 274.1667 274.3333 274.5 274.6667 274.8333 275.1667 275.3333 275.5 275.6667 275.8333 276 276.1667 276.3333 276.5 276.6667 276.8333 277 277.1667 277.3333 277.5 277.6667 277.8333 278 278.1667 278.3333 278.5 278.6667 278.8333 279 279.1667 279.3333 279.5 279.6667 279.8333 280 280.1667 280.3333 280.5 280.6667 280.8333 281 281.1667 281.3333 281.5 281.6667 281.8333 282 282.1667 282.3333 282.5 282.6667 282.8333 283 283.1667 283.3333 283.5 283.6667 283.8333 284 284.1667 284.3333 284.5 284.6667 284.8333 285 285.1667 285.3333 285.5 285.6667 285.8333 286 286.1667 286.3333 286.5 286.6667 286.8333 287 287.1667 287.3333 287.5 287.6667 287.8333 288 288.1667 288.3333 288.5 288.6667 288.8333 289 289.1667 289.3333 289.5 289.6667 289.8333 290 290.1667 290.3333 290.5 290.6667 290.8333 291 291.1667 291.3333 291.5 291.6667 291.8333 292 292.1667 292.3333 292.5 292.6667 292.8333 293 293.1667 293.3333 293.5 293.6667 293.8333 294 294.1667 294.3333 294.5 294.6667 294.8333 295 295.1667 295.3333 295.5 295.6667 295.8333 296 296.1667 296.3333 296.5 296.6667 296.8333 297 297.1667 297.3333 297.5 297.6667 297.8333 298 298.1667 298.3333 298.5 298.6667 298.8333 299 299.1667 299.3333 299.5 299.6667 299.8333 300 300.1667 300.3333 300.5 300.6667 300.8333 301 301.3333 301.5 301.6667 301.8333 302 302.1667 302.3333 302.5 302.6667 302.8333 303 303.1667 303.3333 303.5 303.6667 303.8333 304 304.1667 304.3333 304.5 304.6667 304.8333 305 305.1667 305.3333 305.5 305.6667 305.8333 306 306.1667 306.3333 306.5 306.6667 306.8333 307 307.1667 307.3333 307.5 307.6667 307.8333 308 308.1667 308.3333 308.5 308.6667 308.8333 309 309.1667 309.3333 309.5 309.6667 309.8333 310 310.1667 310.3333 310.5 310.6667 310.8333 311 311.1667 311.3333 311.5 311.6667 311.8333 

# O18data 
 16 16 

# DOY_18O 
 227 239 

# TOD_18O 
 0.1 23.93333 

# Int_18O 
 0 311.8333 

# endofdata 
 -999 

