# "BaMM.dat" produced by dat_write() from R2admb Fri Jun 12 19:00:24 2026
# altitude 
 2168 

# aspect 
 226 

# DST 
 -1 

# Latitude 
 45.15857 

# Longitude 
 -113.1975 

# Slope 
 1.249682 

# SolarConst 
 1367 

# TimeZone 
 -6 

# Transmiss 
 0.8 

# Area 
 1 

# Depth 
 0.104 

# Salinity 
 0.01 

# alphaP 
 1 

# alphaGK 
 0.9972 

# SMeasFlag 
 0 

# LightSatFlag 
 1 

# SScale 
 0.2762658 

# RKstep 
 2 

# n_irr 
 1860 

# n_tC 
 1860 

# n_O2conc 
 1860 

# n_d18O 
 2 

# irr 
 0 0 0 0 0 0 0 0 0 0 0 0 0 0 0 0 0 0 0 0 0 0 0 0 0 0 0 0 0 0 0 0 0 0 0 0 0 0 0 0 0 0 0 0 0 0 0 0 0 0 0 0 0 0 0 0 0 0 0 0 0 0 0 0 0 0 0 0 0 0 0 0 0 0 0 0 0 0 0 0 0 0 0 0 0 0 0 0 0 0 0 0 0 0 0 0 0 0 0 0 0 0 0 0 0 0 0 0 0 0 0 0 0 0 0 0 0 0 0 0 0 0 0 0 0 0 0 0 0 0 0 0 0 0 0 0 0 0 0 0 0 0 0 0 0 0 0 0 0 0 0 0 0 0 0 0 0 0 0 0 0 0 0 0 0 0 0 0 0 0 0 0 0 0 0 0 0 0 0 0 0 0 0 0 0 0 0 0 0 0 0 0 0 0 0 0 0 0 0 0 0 0 0 0 0 0 0 0 0 0 0 0 0 0 0 0 0 0 0 0 0 0 0 0 0 0 0 0 0 0 0 0 0 0 0 0 0 0 0 0 0 0 0 0 0 0 0 0 0 0 0 0 0 0 0 0 0 0 0 0 0 0 0 0 0 0 0 0 0 0 0 0 0 0 0 0 0 0 0 0 0 0 0 0 0 0 0 0 0 0 0 0 0 0 0 0 0 0 0 0 0 0 0 0 0 0 0 0 0 0 0 0 0 0 0 0 0 0 0 0 0 0 0 0 0 0 0 0 0 0 0 0 0 0 0 0 0 0 0 0 0 0 0 0 0 0 0 0 0 0 0 0 0 0 0 0 0 0 0 0 0 0 0 0 0 0 0 0 0 0 0 0 0 0 0 0 0 0 0 0 0 0 0 0 0 0 0 0 0 0 0 0 0 0 0 0 0 0 0 0 0 0 0 0 0 0 0 0 0 0 0 0 0 0 0 0 0 0 0 0 0 0 0 0 0 0 0 0 0 0 0 0 0 0 0 0 0 0 0 0 0 0 0 0 0 0 0 0 0 0 0 0 0 0 0 0 0 0 0 0 0 0 0 0 0 0 0 0 0 0 0 0 0 0 0 0 0 0 0 0 0 0 0 0 0 0 0 0 0 0 0 0 0 0 0 0 0 0 0 0 0 0 0 0 0 0 0 0 0 0 0 0 0 0 0 0 0 0 0 0 0 0 0 0 0 0 0 0 0 0 0 0 0 0 0 0 0 0 0 0 0 0 0 0 0 0 0 0 0 0 0 0 0 0 0 0 0 0 0 0 0 0 0 0 0 0 0 0 0 0 0 0 0 0 0 0 0 0 0 0 0 0 0 0 0 0 0 0 0 0 0 0 0 0 0 0 0 0 0 0 0 0 0 0 0 0 0 0 0 0 0 0 0 0 0 0 0 0 0 0 0 0 0 0 0 0 0 0 0 0 0 0 0 0 0 0 0 0 0 0 0 0 0 0 0 0 0 0 0 0 0 0 0 0 0 0 0 0 0 0 0 0 0 0 0 0 0 0 0 0 0 0 0 0 0 0 0 0 0 0 0 0 0 0 0 0 0 0 0 0 0 0 0 0 0 0 0 0 0 0 0 0 0 0 0 0 0 0 0 0 0 0 0 0 0 0 0 0 0 0 0 0 0 0 0 0 0 0 0 0 0 0 0 0 0 0 0 0 0 0 0 0 0 0 0 0 0 0 0 0 0 0 0 0 0 0 0 0 0 0 0 0 0 0 0 0 0 0 0 0 0 0 0 0 0 0 0 0 0 0 0 0 0 0 0 0 0 0 0 0 0 0 0 0 0 0 0 0 0 0 0 0 0 0 0 0 0 0 0 0 0 0 0 0 0 0 0 0 0 0 0 0 0 0 0 0 0 0 0 0 0 0 0 0 0 0 0 0 0 0 0 0 0 0 0 0 0 0 0 0 0 0 0 0 0 0 0 0 0 0 0 0 0 0 0 0 0 0 0 0 0 0 0 0 0 0 0 0 0 0 0 0 0 0 0 0 0 0 0 0 0 0 0 0 0 0 0 0 0 0 0 0 0 0 0 0 0 0 0 0 0 0 0 0 0 0 0 0 0 0 0 0 0 0 0 0 0 0 0 0 0 0 0 0 0 0 0 0 0 0 0 0 0 0 0 0 0 0 0 0 0 0 0 0 0 0 0 0 0 0 0 0 0 0 0 0 0 0 0 0 0 0 0 0 0 0 0 0 0 0 0 0 0 0 0 0 0 0 0 0 0 0 0 0 0 0 0 0 0 0 0 0 0 0 0 0 0 0 0 0 0 0 0 0 0 0 0 0 0 0 0 0 0 0 0 0 0 0 0 0 0 0 0 0 0 0 0 0 0 0 0 0 0 0 0 0 0 0 0 0 0 0 0 0 0 0 0 0 0 0 0 0 0 0 0 0 0 0 0 0 0 0 0 0 0 0 0 0 0 0 0 0 0 0 0 0 0 0 0 0 0 0 0 0 0 0 0 0 0 0 0 0 0 0 0 0 0 0 0 0 0 0 0 0 0 0 0 0 0 0 0 0 0 0 0 0 0 0 0 0 0 0 0 0 0 0 0 0 0 0 0 0 0 0 0 0 0 0 0 0 0 0 0 0 0 0 0 0 0 0 0 0 0 0 0 0 0 0 0 0 0 0 0 0 0 0 0 0 0 0 0 0 0 0 0 0 0 0 0 0 0 0 0 0 0 0 0 0 0 0 0 0 0 0 0 0 0 0 0 0 0 0 0 0 0 0 0 0 0 0 0 0 0 0 0 0 0 0 0 0 0 0 0 0 0 0 0 0 0 0 0 0 0 0 0 0 0 0 0 0 0 0 0 0 0 0 0 0 0 0 0 0 0 0 0 0 0 0 0 0 0 0 0 0 0 0 0 0 0 0 0 0 0 0 0 0 0 0 0 0 0 0 0 0 0 0 0 0 0 0 0 0 0 0 0 0 0 0 0 0 0 0 0 0 0 0 0 0 0 0 0 0 0 0 0 0 0 0 0 0 0 0 0 0 0 0 0 0 0 0 0 0 0 0 0 0 0 0 0 0 0 0 0 0 0 0 0 0 0 0 0 0 0 0 0 0 0 0 0 0 0 0 0 0 0 0 0 0 0 0 0 0 0 0 0 0 0 0 0 0 0 0 0 0 0 0 0 0 0 0 0 0 0 0 0 0 0 0 0 0 0 0 0 0 0 0 0 0 0 0 0 0 0 0 0 0 0 0 0 0 0 0 0 0 0 0 0 0 0 0 0 0 0 0 0 0 0 0 0 0 0 0 0 0 0 0 0 0 0 0 0 0 0 0 0 0 0 0 0 0 0 0 0 0 0 0 0 0 0 0 0 0 0 0 0 0 0 0 0 0 0 0 0 0 0 0 0 0 0 0 0 0 0 0 0 0 0 0 0 0 0 0 0 0 0 0 0 0 0 0 0 0 0 0 0 0 0 0 0 0 0 0 0 0 0 0 0 0 0 0 0 0 0 0 0 0 0 0 0 0 0 0 0 0 0 0 0 0 0 0 0 0 0 0 0 0 0 0 0 0 0 0 0 0 0 0 0 0 0 0 0 0 0 0 0 0 0 0 0 0 0 0 0 0 0 0 0 0 0 0 0 0 0 0 0 0 0 0 0 0 0 0 0 0 0 0 0 0 0 0 0 0 0 0 0 0 0 0 0 0 0 0 0 0 0 0 0 0 0 0 0 0 0 0 0 0 0 0 0 0 0 0 0 0 0 0 0 0 0 0 0 0 0 0 0 0 0 0 0 0 0 0 0 0 0 0 0 0 0 0 0 0 0 0 0 0 0 0 0 0 0 0 0 0 0 0 0 0 0 0 0 0 0 0 0 0 0 0 0 0 0 0 0 0 0 0 0 0 0 0 0 0 0 0 0 0 0 0 0 0 0 0 0 0 0 0 0 0 0 0 0 0 0 0 0 0 0 0 0 0 0 0 0 0 0 0 0 0 0 0 0 0 0 0 0 0 0 0 0 0 0 0 0 0 0 0 0 0 0 0 0 0 0 0 0 0 0 0 0 0 0 0 0 0 0 0 0 0 0 0 0 0 0 0 0 0 0 0 0 0 0 0 0 0 0 0 0 0 0 0 0 0 0 0 0 0 0 0 0 0 0 0 0 0 0 0 0 0 0 0 0 0 0 0 0 0 0 0 0 0 0 0 0 0 0 0 0 0 0 0 

# DOY 
 225 225 225 225 225 225 225 225 225 225 225 225 225 225 225 225 225 225 225 225 225 225 225 225 225 225 225 225 225 225 225 225 225 225 225 225 225 225 225 225 225 225 225 225 225 225 225 225 225 225 225 225 225 225 225 225 225 225 225 225 225 225 225 225 225 225 225 225 225 225 225 225 225 225 225 225 225 225 225 225 225 225 225 225 225 225 225 225 225 225 225 225 225 225 225 225 225 225 225 225 225 225 225 225 225 225 225 225 225 225 225 225 225 225 225 225 225 225 225 225 225 225 225 225 225 225 225 225 225 225 225 225 225 225 225 225 225 225 225 225 225 225 225 225 226 226 226 226 226 226 226 226 226 226 226 226 226 226 226 226 226 226 226 226 226 226 226 226 226 226 226 226 226 226 226 226 226 226 226 226 226 226 226 226 226 226 226 226 226 226 226 226 226 226 226 226 226 226 226 226 226 226 226 226 226 226 226 226 226 226 226 226 226 226 226 226 226 226 226 226 226 226 226 226 226 226 226 226 226 226 226 226 226 226 226 226 226 226 226 226 226 226 226 226 226 226 226 226 226 226 226 226 226 226 226 226 226 226 226 226 226 226 226 226 226 226 226 226 226 226 226 226 226 226 226 226 226 226 226 226 226 226 226 226 226 226 226 227 227 227 227 227 227 227 227 227 227 227 227 227 227 227 227 227 227 227 227 227 227 227 227 227 227 227 227 227 227 227 227 227 227 227 227 227 227 227 227 227 227 227 227 227 227 227 227 227 227 227 227 227 227 227 227 227 227 227 227 227 227 227 227 227 227 227 227 227 227 227 227 227 227 227 227 227 227 227 227 227 227 227 227 227 227 227 227 227 227 227 227 227 227 227 227 227 227 227 227 227 227 227 227 227 227 227 227 227 227 227 227 227 227 227 227 227 227 227 227 227 227 227 227 227 227 227 227 227 227 227 227 227 227 227 227 227 227 227 227 227 227 227 228 228 228 228 228 228 228 228 228 228 228 228 228 228 228 228 228 228 228 228 228 228 228 228 228 228 228 228 228 228 228 228 228 228 228 228 228 228 228 228 228 228 228 228 228 228 228 228 228 228 228 228 228 228 228 228 228 228 228 228 228 228 228 228 228 228 228 228 228 228 228 228 228 228 228 228 228 228 228 228 228 228 228 228 228 228 228 228 228 228 228 228 228 228 228 228 228 228 228 228 228 228 228 228 228 228 228 228 228 228 228 228 228 228 228 228 228 228 228 228 228 228 228 228 228 228 228 228 228 228 228 228 228 228 228 228 228 228 228 228 228 228 228 228 229 229 229 229 229 229 229 229 229 229 229 229 229 229 229 229 229 229 229 229 229 229 229 229 229 229 229 229 229 229 229 229 229 229 229 229 229 229 229 229 229 229 229 229 229 229 229 229 229 229 229 229 229 229 229 229 229 229 229 229 229 229 229 229 229 229 229 229 229 229 229 229 229 229 229 229 229 229 229 229 229 229 229 229 229 229 229 229 229 229 229 229 229 229 229 229 229 229 229 229 229 229 229 229 229 229 229 229 229 229 229 229 229 229 229 229 229 229 229 229 229 229 229 229 229 229 229 229 229 229 229 229 229 229 229 229 229 229 229 229 229 229 229 230 230 230 230 230 230 230 230 230 230 230 230 230 230 230 230 230 230 230 230 230 230 230 230 230 230 230 230 230 230 230 230 230 230 230 230 230 230 230 230 230 230 230 230 230 230 230 230 230 230 230 230 230 230 230 230 230 230 230 230 230 230 230 230 230 230 230 230 230 230 230 230 230 230 230 230 230 230 230 230 230 230 230 230 230 230 230 230 230 230 230 230 230 230 230 230 230 230 230 230 230 230 230 230 230 230 230 230 230 230 230 230 230 230 230 230 230 230 230 230 230 230 230 230 230 230 230 230 230 230 230 230 230 230 230 230 230 230 230 230 230 230 230 231 231 231 231 231 231 231 231 231 231 231 231 231 231 231 231 231 231 231 231 231 231 231 231 231 231 231 231 231 231 231 231 231 231 231 231 231 231 231 231 231 231 231 231 231 231 231 231 231 231 231 231 231 231 231 231 231 231 231 231 231 231 231 231 231 231 231 231 231 231 231 231 231 231 231 231 231 231 231 231 231 231 231 231 231 231 231 231 231 231 231 231 231 231 231 231 231 231 231 231 231 231 231 231 231 231 231 231 231 231 231 231 231 231 231 231 231 231 231 231 231 231 231 231 231 231 231 231 231 231 231 231 231 231 231 231 231 231 231 231 231 232 232 232 232 232 232 232 232 232 232 232 232 232 232 232 232 232 232 232 232 232 232 232 232 232 232 232 232 232 232 232 232 232 232 232 232 232 232 232 232 232 232 232 232 232 232 232 232 232 232 232 232 232 232 232 232 232 232 232 232 232 232 232 232 232 232 232 232 232 232 232 232 232 232 232 232 232 232 232 232 232 232 232 232 232 232 232 232 232 232 232 232 232 232 232 232 232 232 232 232 232 232 232 232 232 232 232 232 232 232 232 232 232 232 232 232 232 232 232 232 232 232 232 232 232 232 232 232 232 232 232 232 232 232 232 232 232 232 232 232 232 233 233 233 233 233 233 233 233 233 233 233 233 233 233 233 233 233 233 233 233 233 233 233 233 233 233 233 233 233 233 233 233 233 233 233 233 233 233 233 233 233 233 233 233 233 233 233 233 233 233 233 233 233 233 233 233 233 233 233 233 233 233 233 233 233 233 233 233 233 233 233 233 233 233 233 233 233 233 233 233 233 233 233 233 233 233 233 233 233 233 233 233 233 233 233 233 233 233 233 233 233 233 233 233 233 233 233 233 233 233 233 233 233 233 233 233 233 233 233 233 233 233 233 233 233 233 233 233 233 233 233 233 233 233 233 233 233 233 233 233 233 233 233 233 234 234 234 234 234 234 234 234 234 234 234 234 234 234 234 234 234 234 234 234 234 234 234 234 234 234 234 234 234 234 234 234 234 234 234 234 234 234 234 234 234 234 234 234 234 234 234 234 234 234 234 234 234 234 234 234 234 234 234 234 234 234 234 234 234 234 234 234 234 234 234 234 234 234 234 234 234 234 234 234 234 234 234 234 234 234 234 234 234 234 234 234 234 234 234 234 234 234 234 234 234 234 234 234 234 234 234 234 234 234 234 234 234 234 234 234 234 234 234 234 234 234 234 234 234 234 234 234 234 234 234 234 234 234 234 234 234 234 234 234 234 234 234 234 235 235 235 235 235 235 235 235 235 235 235 235 235 235 235 235 235 235 235 235 235 235 235 235 235 235 235 235 235 235 235 235 235 235 235 235 235 235 235 235 235 235 235 235 235 235 235 235 235 235 235 235 235 235 235 235 235 235 235 235 235 235 235 235 235 235 235 235 235 235 235 235 235 235 235 235 235 235 235 235 235 235 235 235 235 235 235 235 235 235 235 235 235 235 235 235 235 235 235 235 235 235 235 235 235 235 235 235 235 235 235 235 235 235 235 235 235 235 235 235 235 235 235 235 235 235 235 235 235 235 235 235 235 235 235 235 235 235 235 235 235 235 235 236 236 236 236 236 236 236 236 236 236 236 236 236 236 236 236 236 236 236 236 236 236 236 236 236 236 236 236 236 236 236 236 236 236 236 236 236 236 236 236 236 236 236 236 236 236 236 236 236 236 236 236 236 236 236 236 236 236 236 236 236 236 236 236 236 236 236 236 236 236 236 236 236 236 236 236 236 236 236 236 236 236 236 236 236 236 236 236 236 236 236 236 236 236 236 236 236 236 236 236 236 236 236 236 236 236 236 236 236 236 236 236 236 236 236 236 236 236 236 236 236 236 236 236 236 236 236 236 236 236 236 236 236 236 236 236 236 236 236 236 236 236 236 237 237 237 237 237 237 237 237 237 237 237 237 237 237 237 237 237 237 237 237 237 237 237 237 237 237 237 237 237 237 237 237 237 237 237 237 237 237 237 237 237 237 237 237 237 237 237 237 237 237 237 237 237 237 237 237 237 237 237 237 237 237 237 237 237 237 237 237 237 237 237 237 237 237 237 237 237 237 237 237 237 237 237 237 237 237 237 237 237 237 237 237 237 237 237 237 237 237 237 237 237 237 237 237 237 237 237 237 237 237 237 237 237 237 237 237 237 237 237 237 237 237 237 237 237 237 237 237 237 237 237 237 237 237 237 237 237 237 237 237 237 237 237 237 

# TOD 
 0.1166667 0.2833333 0.45 0.6166667 0.7833333 0.95 1.116667 1.283333 1.45 1.616667 1.783333 1.95 2.116667 2.283333 2.45 2.616667 2.783333 2.95 3.116667 3.283333 3.45 3.616667 3.783333 3.95 4.116667 4.283333 4.45 4.616667 4.783333 4.95 5.116667 5.283333 5.45 5.616667 5.783333 5.95 6.116667 6.283333 6.45 6.616667 6.783333 6.95 7.116667 7.283333 7.45 7.616667 7.783333 7.95 8.116667 8.283333 8.45 8.616667 8.783333 8.95 9.116667 9.283333 9.45 9.616667 9.783333 9.95 10.11667 10.28333 10.45 10.61667 10.78333 10.95 11.11667 11.28333 11.45 11.61667 11.78333 11.95 12.11667 12.28333 12.45 12.61667 12.78333 12.95 13.11667 13.28333 13.45 13.61667 13.78333 13.95 14.11667 14.28333 14.45 14.61667 14.78333 14.95 15.11667 15.28333 15.45 15.61667 15.78333 15.95 16.11667 16.28333 16.45 16.61667 16.78333 16.95 17.11667 17.28333 17.45 17.61667 17.78333 17.95 18.11667 18.28333 18.45 18.61667 18.78333 18.95 19.11667 19.28333 19.45 19.61667 19.78333 19.95 20.11667 20.28333 20.45 20.61667 20.78333 20.95 21.11667 21.28333 21.45 21.61667 21.78333 21.95 22.11667 22.28333 22.45 22.61667 22.78333 22.95 23.11667 23.28333 23.45 23.61667 23.78333 23.95 0.1166667 0.2833333 0.45 0.6166667 0.7833333 0.95 1.116667 1.283333 1.45 1.616667 1.783333 1.95 2.116667 2.283333 2.45 2.616667 2.783333 2.95 3.116667 3.283333 3.45 3.616667 3.783333 3.95 4.116667 4.283333 4.45 4.616667 4.783333 4.95 5.116667 5.283333 5.45 5.616667 5.783333 5.95 6.116667 6.283333 6.45 6.616667 6.783333 6.95 7.116667 7.283333 7.45 7.616667 7.783333 7.95 8.116667 8.283333 8.45 8.616667 8.783333 8.95 9.116667 9.283333 9.45 9.616667 9.783333 9.95 10.11667 10.28333 10.45 10.61667 10.78333 10.95 11.11667 11.28333 11.45 11.61667 11.78333 11.95 12.28333 12.45 12.61667 12.78333 12.95 13.11667 13.28333 13.45 13.61667 13.78333 13.95 14.11667 14.28333 14.45 14.61667 14.78333 14.95 15.11667 15.28333 15.45 15.61667 15.78333 15.95 16.11667 16.28333 16.45 16.61667 16.78333 16.95 17.11667 17.28333 17.45 17.61667 17.78333 17.95 18.11667 18.28333 18.45 18.61667 18.78333 18.95 19.11667 19.28333 19.45 19.61667 19.78333 19.95 20.11667 20.28333 20.45 20.61667 20.78333 20.95 21.11667 21.28333 21.45 21.61667 21.78333 21.95 22.11667 22.28333 22.45 22.61667 22.78333 22.95 23.11667 23.28333 23.45 23.61667 23.78333 23.95 0.1166667 0.2833333 0.45 0.6166667 0.7833333 0.95 1.116667 1.283333 1.45 1.616667 1.783333 1.95 2.116667 2.283333 2.45 2.616667 2.783333 2.95 3.116667 3.283333 3.45 3.616667 3.783333 3.95 4.116667 4.283333 4.45 4.616667 4.783333 4.95 5.116667 5.283333 5.45 5.616667 5.783333 5.95 6.116667 6.283333 6.45 6.616667 6.783333 6.95 7.116667 7.283333 7.45 7.616667 7.783333 7.95 8.116667 8.283333 8.45 8.616667 8.783333 8.95 9.116667 9.283333 9.45 9.616667 9.783333 9.95 10.11667 10.28333 10.45 10.61667 10.78333 10.95 11.11667 11.28333 11.45 11.61667 11.78333 11.95 12.11667 12.28333 12.45 12.61667 12.78333 12.95 13.11667 13.28333 13.45 13.61667 13.78333 13.95 14.11667 14.28333 14.45 14.61667 14.78333 14.95 15.11667 15.28333 15.45 15.61667 15.78333 15.95 16.11667 16.28333 16.45 16.61667 16.78333 16.95 17.11667 17.28333 17.45 17.61667 17.78333 17.95 18.11667 18.28333 18.45 18.61667 18.78333 18.95 19.11667 19.28333 19.45 19.61667 19.78333 19.95 20.11667 20.28333 20.45 20.61667 20.78333 20.95 21.11667 21.28333 21.45 21.78333 21.95 22.11667 22.28333 22.45 22.61667 22.78333 22.95 23.11667 23.28333 23.45 23.61667 23.78333 23.95 0.1166667 0.2833333 0.45 0.6166667 0.7833333 0.95 1.116667 1.283333 1.45 1.616667 1.783333 1.95 2.116667 2.283333 2.45 2.616667 2.783333 2.95 3.116667 3.283333 3.45 3.616667 3.783333 3.95 4.116667 4.283333 4.45 4.616667 4.783333 4.95 5.116667 5.283333 5.45 5.616667 5.783333 5.95 6.116667 6.283333 6.45 6.616667 6.783333 6.95 7.116667 7.283333 7.45 7.616667 7.783333 7.95 8.116667 8.283333 8.45 8.616667 8.783333 8.95 9.116667 9.283333 9.45 9.616667 9.783333 9.95 10.11667 10.28333 10.45 10.61667 10.78333 10.95 11.11667 11.28333 11.45 11.61667 11.78333 11.95 12.11667 12.28333 12.45 12.61667 12.78333 12.95 13.11667 13.28333 13.45 13.61667 13.78333 13.95 14.11667 14.28333 14.45 14.61667 14.78333 14.95 15.11667 15.28333 15.45 15.61667 15.78333 15.95 16.11667 16.28333 16.45 16.61667 16.78333 16.95 17.11667 17.28333 17.45 17.61667 17.78333 17.95 18.11667 18.28333 18.45 18.61667 18.78333 18.95 19.11667 19.28333 19.45 19.61667 19.78333 19.95 20.11667 20.28333 20.45 20.61667 20.78333 20.95 21.11667 21.28333 21.45 21.61667 21.78333 21.95 22.11667 22.28333 22.45 22.61667 22.78333 22.95 23.11667 23.28333 23.45 23.61667 23.78333 23.95 0.1166667 0.2833333 0.45 0.6166667 0.7833333 0.95 1.116667 1.283333 1.45 1.616667 1.783333 1.95 2.116667 2.283333 2.45 2.616667 2.783333 2.95 3.116667 3.283333 3.45 3.616667 3.783333 3.95 4.116667 4.283333 4.45 4.616667 4.783333 4.95 5.116667 5.283333 5.45 5.616667 5.783333 5.95 6.116667 6.283333 6.45 6.616667 6.783333 6.95 7.116667 7.283333 7.45 7.616667 7.783333 7.95 8.116667 8.283333 8.45 8.616667 8.783333 8.95 9.116667 9.283333 9.45 9.616667 9.783333 9.95 10.11667 10.28333 10.45 10.61667 10.78333 10.95 11.11667 11.28333 11.45 11.61667 11.78333 11.95 12.11667 12.28333 12.45 12.61667 12.78333 12.95 13.11667 13.28333 13.45 13.61667 13.95 14.11667 14.28333 14.45 14.61667 14.78333 14.95 15.11667 15.28333 15.45 15.61667 15.78333 15.95 16.11667 16.28333 16.45 16.61667 16.78333 16.95 17.11667 17.28333 17.45 17.61667 17.78333 17.95 18.11667 18.28333 18.45 18.61667 18.78333 18.95 19.11667 19.28333 19.45 19.61667 19.78333 19.95 20.11667 20.28333 20.45 20.61667 20.78333 20.95 21.11667 21.28333 21.45 21.61667 21.78333 21.95 22.11667 22.28333 22.45 22.61667 22.78333 22.95 23.11667 23.28333 23.45 23.61667 23.78333 23.95 0.1166667 0.2833333 0.45 0.6166667 0.7833333 0.95 1.116667 1.283333 1.45 1.616667 1.783333 1.95 2.116667 2.283333 2.45 2.616667 2.783333 2.95 3.116667 3.283333 3.45 3.616667 3.783333 3.95 4.116667 4.283333 4.45 4.616667 4.783333 4.95 5.116667 5.283333 5.45 5.616667 5.783333 5.95 6.116667 6.283333 6.45 6.616667 6.783333 6.95 7.116667 7.283333 7.45 7.616667 7.783333 7.95 8.116667 8.283333 8.45 8.616667 8.783333 8.95 9.116667 9.283333 9.45 9.616667 9.783333 9.95 10.11667 10.28333 10.45 10.61667 10.78333 10.95 11.11667 11.28333 11.45 11.61667 11.78333 11.95 12.28333 12.45 12.61667 12.78333 12.95 13.11667 13.28333 13.45 13.61667 13.78333 13.95 14.11667 14.28333 14.45 14.61667 14.78333 14.95 15.11667 15.28333 15.45 15.61667 15.78333 15.95 16.11667 16.28333 16.45 16.61667 16.78333 16.95 17.11667 17.28333 17.45 17.61667 17.78333 17.95 18.11667 18.28333 18.45 18.61667 18.78333 18.95 19.11667 19.28333 19.45 19.61667 19.78333 19.95 20.11667 20.28333 20.45 20.61667 20.78333 20.95 21.11667 21.28333 21.45 21.61667 21.78333 21.95 22.11667 22.28333 22.45 22.61667 22.78333 22.95 23.11667 23.28333 23.45 23.61667 23.78333 23.95 0.1166667 0.2833333 0.45 0.6166667 0.7833333 0.95 1.116667 1.283333 1.45 1.616667 1.783333 1.95 2.116667 2.283333 2.45 2.616667 2.783333 2.95 3.116667 3.283333 3.45 3.616667 3.783333 3.95 4.116667 4.283333 4.45 4.616667 4.783333 4.95 5.116667 5.283333 5.45 5.616667 5.783333 5.95 6.116667 6.283333 6.45 6.616667 6.783333 6.95 7.116667 7.283333 7.45 7.616667 7.783333 7.95 8.116667 8.283333 8.45 8.616667 8.783333 8.95 9.116667 9.283333 9.45 9.616667 9.783333 9.95 10.11667 10.28333 10.45 10.61667 10.78333 10.95 11.11667 11.28333 11.45 11.61667 11.78333 11.95 12.28333 12.45 12.61667 12.78333 12.95 13.11667 13.28333 13.45 13.61667 13.78333 13.95 14.11667 14.28333 14.45 14.61667 14.78333 14.95 15.11667 15.28333 15.45 15.61667 15.78333 15.95 16.11667 16.28333 16.45 16.61667 16.78333 16.95 17.11667 17.28333 17.45 17.61667 17.78333 17.95 18.11667 18.28333 18.45 18.61667 18.78333 18.95 19.11667 19.28333 19.45 19.61667 19.78333 19.95 20.11667 20.28333 20.45 20.61667 20.78333 20.95 21.11667 21.28333 21.45 21.61667 21.78333 21.95 22.11667 22.28333 22.78333 22.95 23.11667 23.28333 23.45 23.61667 23.78333 23.95 0.1166667 0.2833333 0.45 0.6166667 0.7833333 0.95 1.116667 1.283333 1.45 1.616667 1.783333 1.95 2.116667 2.283333 2.45 2.616667 2.783333 2.95 3.116667 3.283333 3.45 3.616667 3.783333 4.45 4.616667 4.783333 4.95 5.116667 5.283333 5.45 5.616667 5.783333 5.95 6.116667 6.283333 6.45 6.616667 6.783333 6.95 7.116667 7.283333 7.45 7.616667 7.783333 7.95 8.116667 8.283333 8.45 8.616667 8.783333 8.95 9.116667 9.283333 9.45 9.616667 9.783333 9.95 10.11667 10.28333 10.45 10.61667 10.78333 10.95 11.11667 11.28333 11.45 11.61667 11.78333 11.95 12.11667 12.28333 12.45 12.61667 12.78333 12.95 13.11667 13.28333 13.45 13.61667 13.78333 13.95 14.11667 14.28333 14.45 14.61667 14.78333 14.95 15.11667 15.28333 15.45 15.61667 15.78333 15.95 16.11667 16.28333 16.45 16.61667 16.78333 16.95 17.11667 17.28333 17.45 17.61667 17.78333 17.95 18.11667 18.28333 18.45 18.61667 18.78333 18.95 19.11667 19.28333 19.45 19.61667 19.78333 19.95 20.11667 20.28333 20.45 20.61667 20.78333 20.95 21.11667 21.28333 21.45 21.61667 21.78333 21.95 22.11667 22.28333 22.45 22.61667 22.78333 22.95 23.11667 23.28333 23.45 23.61667 23.78333 23.95 0.1166667 0.2833333 0.45 0.6166667 0.7833333 0.95 1.116667 1.283333 1.45 1.616667 1.783333 1.95 2.116667 2.283333 2.45 2.616667 2.783333 2.95 3.116667 3.283333 3.45 3.616667 3.783333 3.95 4.116667 4.283333 4.45 4.616667 4.783333 4.95 5.116667 5.283333 5.45 5.616667 5.783333 5.95 6.116667 6.283333 6.45 6.616667 6.783333 6.95 7.116667 7.283333 7.45 7.616667 7.783333 7.95 8.116667 8.283333 8.45 8.616667 8.783333 8.95 9.116667 9.283333 9.45 9.616667 9.783333 9.95 10.11667 10.28333 10.45 10.61667 10.78333 10.95 11.11667 11.28333 11.45 11.61667 11.78333 11.95 12.11667 12.28333 12.45 12.61667 12.78333 12.95 13.11667 13.28333 13.45 13.61667 13.78333 13.95 14.11667 14.28333 14.45 14.61667 14.78333 14.95 15.11667 15.28333 15.45 15.61667 15.78333 15.95 16.11667 16.28333 16.45 16.61667 16.78333 16.95 17.11667 17.28333 17.45 17.61667 17.78333 17.95 18.11667 18.28333 18.45 18.61667 18.78333 18.95 19.11667 19.28333 19.45 19.61667 19.78333 19.95 20.11667 20.28333 20.45 20.61667 20.78333 20.95 21.11667 21.28333 21.45 21.61667 21.78333 21.95 22.11667 22.28333 22.45 22.61667 22.78333 22.95 23.11667 23.28333 23.45 23.61667 23.78333 23.95 0.1166667 0.2833333 0.45 0.6166667 0.7833333 0.95 1.116667 1.283333 1.45 1.616667 1.783333 1.95 2.116667 2.283333 2.45 2.616667 2.783333 2.95 3.116667 3.283333 3.45 3.616667 3.783333 3.95 4.116667 4.283333 4.45 4.616667 4.783333 4.95 5.116667 5.283333 5.45 5.616667 5.783333 5.95 6.116667 6.283333 6.45 6.616667 6.783333 6.95 7.116667 7.283333 7.45 7.616667 7.783333 7.95 8.116667 8.283333 8.45 8.616667 8.783333 8.95 9.116667 9.283333 9.45 9.616667 9.783333 9.95 10.11667 10.28333 10.45 10.61667 10.78333 10.95 11.11667 11.28333 11.45 11.61667 11.78333 11.95 12.11667 12.28333 12.45 12.61667 12.78333 12.95 13.11667 13.28333 13.45 13.61667 13.78333 13.95 14.11667 14.28333 14.45 14.61667 14.78333 14.95 15.11667 15.28333 15.45 15.61667 15.78333 15.95 16.11667 16.28333 16.45 16.61667 16.78333 16.95 17.11667 17.28333 17.45 17.61667 17.78333 17.95 18.11667 18.28333 18.45 18.61667 18.78333 18.95 19.11667 19.28333 19.45 19.61667 19.78333 19.95 20.11667 20.28333 20.45 20.61667 20.78333 20.95 21.11667 21.28333 21.45 21.61667 21.78333 21.95 22.11667 22.28333 22.45 22.61667 22.78333 22.95 23.11667 23.28333 23.45 23.61667 23.78333 23.95 0.1166667 0.2833333 0.45 0.6166667 0.7833333 0.95 1.116667 1.283333 1.45 1.616667 1.783333 1.95 2.116667 2.283333 2.45 2.616667 2.783333 2.95 3.116667 3.283333 3.45 3.616667 3.783333 3.95 4.116667 4.283333 4.45 4.616667 4.783333 4.95 5.116667 5.283333 5.45 5.616667 5.783333 5.95 6.116667 6.283333 6.45 6.616667 6.783333 6.95 7.116667 7.283333 7.45 7.616667 7.783333 7.95 8.116667 8.283333 8.45 8.616667 8.783333 8.95 9.116667 9.283333 9.45 9.616667 9.783333 9.95 10.11667 10.28333 10.45 10.61667 10.78333 10.95 11.11667 11.28333 11.45 11.61667 11.78333 11.95 12.11667 12.28333 12.45 12.61667 12.78333 12.95 13.11667 13.28333 13.45 13.61667 13.78333 13.95 14.11667 14.28333 14.45 14.61667 14.78333 14.95 15.11667 15.28333 15.45 15.61667 15.78333 15.95 16.11667 16.28333 16.45 16.61667 16.78333 16.95 17.11667 17.28333 17.45 17.61667 17.78333 17.95 18.11667 18.28333 18.45 18.61667 18.78333 18.95 19.11667 19.28333 19.45 19.61667 19.78333 19.95 20.11667 20.28333 20.45 20.61667 20.78333 20.95 21.11667 21.28333 21.45 21.61667 21.95 22.11667 22.28333 22.45 22.61667 22.78333 22.95 23.11667 23.28333 23.45 23.61667 23.78333 23.95 0.1166667 0.2833333 0.45 0.6166667 0.7833333 0.95 1.116667 1.283333 1.45 1.616667 1.783333 1.95 2.116667 2.283333 2.45 2.616667 2.783333 2.95 3.116667 3.283333 3.45 3.616667 3.783333 3.95 4.116667 4.283333 4.45 4.616667 4.783333 4.95 5.116667 5.283333 5.45 5.616667 5.783333 5.95 6.116667 6.283333 6.45 6.616667 6.783333 6.95 7.116667 7.283333 7.45 7.616667 7.783333 7.95 8.116667 8.283333 8.45 8.616667 8.783333 8.95 9.116667 9.283333 9.45 9.616667 9.783333 9.95 10.11667 10.28333 10.45 10.61667 10.78333 10.95 11.11667 11.28333 11.45 11.61667 11.78333 11.95 12.11667 12.28333 12.45 12.61667 12.95 13.11667 13.28333 13.45 13.61667 13.78333 13.95 14.11667 14.28333 14.45 14.61667 14.78333 14.95 15.11667 15.28333 15.45 15.61667 15.78333 15.95 16.11667 16.28333 16.45 16.61667 16.78333 16.95 17.11667 17.28333 17.45 17.61667 17.78333 17.95 18.11667 18.28333 18.45 18.61667 18.78333 18.95 19.11667 19.28333 19.45 19.61667 19.78333 19.95 20.11667 20.28333 20.45 20.61667 20.78333 20.95 21.11667 21.28333 21.45 21.61667 21.78333 21.95 22.11667 22.28333 22.45 22.61667 22.78333 22.95 23.11667 23.28333 23.45 23.61667 23.78333 23.95 0.1166667 0.2833333 0.45 0.6166667 0.7833333 0.95 1.116667 1.283333 1.45 1.616667 1.783333 1.95 2.116667 2.283333 2.45 2.616667 2.783333 2.95 3.116667 3.283333 3.45 3.616667 3.783333 3.95 4.116667 4.283333 4.45 4.616667 4.783333 4.95 5.116667 5.283333 5.45 5.616667 5.783333 5.95 6.116667 6.283333 6.45 6.616667 6.783333 6.95 7.116667 7.283333 7.45 7.616667 7.783333 7.95 8.116667 8.283333 8.45 8.616667 8.783333 8.95 9.116667 9.283333 9.45 9.616667 9.783333 9.95 10.11667 10.28333 10.45 10.61667 10.78333 10.95 11.11667 11.28333 11.45 11.61667 11.78333 11.95 12.11667 12.28333 12.45 12.61667 12.78333 12.95 13.11667 13.28333 13.45 13.61667 13.78333 13.95 14.11667 14.28333 14.45 14.61667 14.78333 14.95 15.11667 15.28333 15.45 15.61667 15.78333 15.95 16.11667 16.28333 16.45 16.61667 16.78333 16.95 17.11667 17.28333 17.45 17.61667 17.78333 17.95 18.11667 18.28333 18.45 18.61667 18.78333 18.95 19.11667 19.28333 19.45 19.61667 19.78333 19.95 20.11667 20.28333 20.45 20.61667 20.78333 20.95 21.11667 21.28333 21.45 21.61667 21.78333 21.95 22.11667 22.28333 22.45 22.61667 22.78333 22.95 23.11667 23.28333 23.45 23.61667 23.78333 23.95 

# Interval 
 0 0.1666667 0.3333333 0.5 0.6666667 0.8333333 1 1.166667 1.333333 1.5 1.666667 1.833333 2 2.166667 2.333333 2.5 2.666667 2.833333 3 3.166667 3.333333 3.5 3.666667 3.833333 4 4.166667 4.333333 4.5 4.666667 4.833333 5 5.166667 5.333333 5.5 5.666667 5.833333 6 6.166667 6.333333 6.5 6.666667 6.833333 7 7.166667 7.333333 7.5 7.666667 7.833333 8 8.166667 8.333333 8.5 8.666667 8.833333 9 9.166667 9.333333 9.5 9.666667 9.833333 10 10.16667 10.33333 10.5 10.66667 10.83333 11 11.16667 11.33333 11.5 11.66667 11.83333 12 12.16667 12.33333 12.5 12.66667 12.83333 13 13.16667 13.33333 13.5 13.66667 13.83333 14 14.16667 14.33333 14.5 14.66667 14.83333 15 15.16667 15.33333 15.5 15.66667 15.83333 16 16.16667 16.33333 16.5 16.66667 16.83333 17 17.16667 17.33333 17.5 17.66667 17.83333 18 18.16667 18.33333 18.5 18.66667 18.83333 19 19.16667 19.33333 19.5 19.66667 19.83333 20 20.16667 20.33333 20.5 20.66667 20.83333 21 21.16667 21.33333 21.5 21.66667 21.83333 22 22.16667 22.33333 22.5 22.66667 22.83333 23 23.16667 23.33333 23.5 23.66667 23.83333 24 24.16667 24.33333 24.5 24.66667 24.83333 25 25.16667 25.33333 25.5 25.66667 25.83333 26 26.16667 26.33333 26.5 26.66667 26.83333 27 27.16667 27.33333 27.5 27.66667 27.83333 28 28.16667 28.33333 28.5 28.66667 28.83333 29 29.16667 29.33333 29.5 29.66667 29.83333 30 30.16667 30.33333 30.5 30.66667 30.83333 31 31.16667 31.33333 31.5 31.66667 31.83333 32 32.16667 32.33333 32.5 32.66667 32.83333 33 33.16667 33.33333 33.5 33.66667 33.83333 34 34.16667 34.33333 34.5 34.66667 34.83333 35 35.16667 35.33333 35.5 35.66667 35.83333 36.16667 36.33333 36.5 36.66667 36.83333 37 37.16667 37.33333 37.5 37.66667 37.83333 38 38.16667 38.33333 38.5 38.66667 38.83333 39 39.16667 39.33333 39.5 39.66667 39.83333 40 40.16667 40.33333 40.5 40.66667 40.83333 41 41.16667 41.33333 41.5 41.66667 41.83333 42 42.16667 42.33333 42.5 42.66667 42.83333 43 43.16667 43.33333 43.5 43.66667 43.83333 44 44.16667 44.33333 44.5 44.66667 44.83333 45 45.16667 45.33333 45.5 45.66667 45.83333 46 46.16667 46.33333 46.5 46.66667 46.83333 47 47.16667 47.33333 47.5 47.66667 47.83333 48 48.16667 48.33333 48.5 48.66667 48.83333 49 49.16667 49.33333 49.5 49.66667 49.83333 50 50.16667 50.33333 50.5 50.66667 50.83333 51 51.16667 51.33333 51.5 51.66667 51.83333 52 52.16667 52.33333 52.5 52.66667 52.83333 53 53.16667 53.33333 53.5 53.66667 53.83333 54 54.16667 54.33333 54.5 54.66667 54.83333 55 55.16667 55.33333 55.5 55.66667 55.83333 56 56.16667 56.33333 56.5 56.66667 56.83333 57 57.16667 57.33333 57.5 57.66667 57.83333 58 58.16667 58.33333 58.5 58.66667 58.83333 59 59.16667 59.33333 59.5 59.66667 59.83333 60 60.16667 60.33333 60.5 60.66667 60.83333 61 61.16667 61.33333 61.5 61.66667 61.83333 62 62.16667 62.33333 62.5 62.66667 62.83333 63 63.16667 63.33333 63.5 63.66667 63.83333 64 64.16667 64.33333 64.5 64.66667 64.83333 65 65.16667 65.33333 65.5 65.66667 65.83333 66 66.16667 66.33333 66.5 66.66667 66.83333 67 67.16667 67.33333 67.5 67.66667 67.83333 68 68.16667 68.33333 68.5 68.66667 68.83333 69 69.16667 69.33333 69.66667 69.83333 70 70.16667 70.33333 70.5 70.66667 70.83333 71 71.16667 71.33333 71.5 71.66667 71.83333 72 72.16667 72.33333 72.5 72.66667 72.83333 73 73.16667 73.33333 73.5 73.66667 73.83333 74 74.16667 74.33333 74.5 74.66667 74.83333 75 75.16667 75.33333 75.5 75.66667 75.83333 76 76.16667 76.33333 76.5 76.66667 76.83333 77 77.16667 77.33333 77.5 77.66667 77.83333 78 78.16667 78.33333 78.5 78.66667 78.83333 79 79.16667 79.33333 79.5 79.66667 79.83333 80 80.16667 80.33333 80.5 80.66667 80.83333 81 81.16667 81.33333 81.5 81.66667 81.83333 82 82.16667 82.33333 82.5 82.66667 82.83333 83 83.16667 83.33333 83.5 83.66667 83.83333 84 84.16667 84.33333 84.5 84.66667 84.83333 85 85.16667 85.33333 85.5 85.66667 85.83333 86 86.16667 86.33333 86.5 86.66667 86.83333 87 87.16667 87.33333 87.5 87.66667 87.83333 88 88.16667 88.33333 88.5 88.66667 88.83333 89 89.16667 89.33333 89.5 89.66667 89.83333 90 90.16667 90.33333 90.5 90.66667 90.83333 91 91.16667 91.33333 91.5 91.66667 91.83333 92 92.16667 92.33333 92.5 92.66667 92.83333 93 93.16667 93.33333 93.5 93.66667 93.83333 94 94.16667 94.33333 94.5 94.66667 94.83333 95 95.16667 95.33333 95.5 95.66667 95.83333 96 96.16667 96.33333 96.5 96.66667 96.83333 97 97.16667 97.33333 97.5 97.66667 97.83333 98 98.16667 98.33333 98.5 98.66667 98.83333 99 99.16667 99.33333 99.5 99.66667 99.83333 100 100.1667 100.3333 100.5 100.6667 100.8333 101 101.1667 101.3333 101.5 101.6667 101.8333 102 102.1667 102.3333 102.5 102.6667 102.8333 103 103.1667 103.3333 103.5 103.6667 103.8333 104 104.1667 104.3333 104.5 104.6667 104.8333 105 105.1667 105.3333 105.5 105.6667 105.8333 106 106.1667 106.3333 106.5 106.6667 106.8333 107 107.1667 107.3333 107.5 107.6667 107.8333 108 108.1667 108.3333 108.5 108.6667 108.8333 109 109.1667 109.3333 109.5 109.8333 110 110.1667 110.3333 110.5 110.6667 110.8333 111 111.1667 111.3333 111.5 111.6667 111.8333 112 112.1667 112.3333 112.5 112.6667 112.8333 113 113.1667 113.3333 113.5 113.6667 113.8333 114 114.1667 114.3333 114.5 114.6667 114.8333 115 115.1667 115.3333 115.5 115.6667 115.8333 116 116.1667 116.3333 116.5 116.6667 116.8333 117 117.1667 117.3333 117.5 117.6667 117.8333 118 118.1667 118.3333 118.5 118.6667 118.8333 119 119.1667 119.3333 119.5 119.6667 119.8333 120 120.1667 120.3333 120.5 120.6667 120.8333 121 121.1667 121.3333 121.5 121.6667 121.8333 122 122.1667 122.3333 122.5 122.6667 122.8333 123 123.1667 123.3333 123.5 123.6667 123.8333 124 124.1667 124.3333 124.5 124.6667 124.8333 125 125.1667 125.3333 125.5 125.6667 125.8333 126 126.1667 126.3333 126.5 126.6667 126.8333 127 127.1667 127.3333 127.5 127.6667 127.8333 128 128.1667 128.3333 128.5 128.6667 128.8333 129 129.1667 129.3333 129.5 129.6667 129.8333 130 130.1667 130.3333 130.5 130.6667 130.8333 131 131.1667 131.3333 131.5 131.6667 131.8333 132.1667 132.3333 132.5 132.6667 132.8333 133 133.1667 133.3333 133.5 133.6667 133.8333 134 134.1667 134.3333 134.5 134.6667 134.8333 135 135.1667 135.3333 135.5 135.6667 135.8333 136 136.1667 136.3333 136.5 136.6667 136.8333 137 137.1667 137.3333 137.5 137.6667 137.8333 138 138.1667 138.3333 138.5 138.6667 138.8333 139 139.1667 139.3333 139.5 139.6667 139.8333 140 140.1667 140.3333 140.5 140.6667 140.8333 141 141.1667 141.3333 141.5 141.6667 141.8333 142 142.1667 142.3333 142.5 142.6667 142.8333 143 143.1667 143.3333 143.5 143.6667 143.8333 144 144.1667 144.3333 144.5 144.6667 144.8333 145 145.1667 145.3333 145.5 145.6667 145.8333 146 146.1667 146.3333 146.5 146.6667 146.8333 147 147.1667 147.3333 147.5 147.6667 147.8333 148 148.1667 148.3333 148.5 148.6667 148.8333 149 149.1667 149.3333 149.5 149.6667 149.8333 150 150.1667 150.3333 150.5 150.6667 150.8333 151 151.1667 151.3333 151.5 151.6667 151.8333 152 152.1667 152.3333 152.5 152.6667 152.8333 153 153.1667 153.3333 153.5 153.6667 153.8333 154 154.1667 154.3333 154.5 154.6667 154.8333 155 155.1667 155.3333 155.5 155.6667 155.8333 156.1667 156.3333 156.5 156.6667 156.8333 157 157.1667 157.3333 157.5 157.6667 157.8333 158 158.1667 158.3333 158.5 158.6667 158.8333 159 159.1667 159.3333 159.5 159.6667 159.8333 160 160.1667 160.3333 160.5 160.6667 160.8333 161 161.1667 161.3333 161.5 161.6667 161.8333 162 162.1667 162.3333 162.5 162.6667 162.8333 163 163.1667 163.3333 163.5 163.6667 163.8333 164 164.1667 164.3333 164.5 164.6667 164.8333 165 165.1667 165.3333 165.5 165.6667 165.8333 166 166.1667 166.6667 166.8333 167 167.1667 167.3333 167.5 167.6667 167.8333 168 168.1667 168.3333 168.5 168.6667 168.8333 169 169.1667 169.3333 169.5 169.6667 169.8333 170 170.1667 170.3333 170.5 170.6667 170.8333 171 171.1667 171.3333 171.5 171.6667 172.3333 172.5 172.6667 172.8333 173 173.1667 173.3333 173.5 173.6667 173.8333 174 174.1667 174.3333 174.5 174.6667 174.8333 175 175.1667 175.3333 175.5 175.6667 175.8333 176 176.1667 176.3333 176.5 176.6667 176.8333 177 177.1667 177.3333 177.5 177.6667 177.8333 178 178.1667 178.3333 178.5 178.6667 178.8333 179 179.1667 179.3333 179.5 179.6667 179.8333 180 180.1667 180.3333 180.5 180.6667 180.8333 181 181.1667 181.3333 181.5 181.6667 181.8333 182 182.1667 182.3333 182.5 182.6667 182.8333 183 183.1667 183.3333 183.5 183.6667 183.8333 184 184.1667 184.3333 184.5 184.6667 184.8333 185 185.1667 185.3333 185.5 185.6667 185.8333 186 186.1667 186.3333 186.5 186.6667 186.8333 187 187.1667 187.3333 187.5 187.6667 187.8333 188 188.1667 188.3333 188.5 188.6667 188.8333 189 189.1667 189.3333 189.5 189.6667 189.8333 190 190.1667 190.3333 190.5 190.6667 190.8333 191 191.1667 191.3333 191.5 191.6667 191.8333 192 192.1667 192.3333 192.5 192.6667 192.8333 193 193.1667 193.3333 193.5 193.6667 193.8333 194 194.1667 194.3333 194.5 194.6667 194.8333 195 195.1667 195.3333 195.5 195.6667 195.8333 196 196.1667 196.3333 196.5 196.6667 196.8333 197 197.1667 197.3333 197.5 197.6667 197.8333 198 198.1667 198.3333 198.5 198.6667 198.8333 199 199.1667 199.3333 199.5 199.6667 199.8333 200 200.1667 200.3333 200.5 200.6667 200.8333 201 201.1667 201.3333 201.5 201.6667 201.8333 202 202.1667 202.3333 202.5 202.6667 202.8333 203 203.1667 203.3333 203.5 203.6667 203.8333 204 204.1667 204.3333 204.5 204.6667 204.8333 205 205.1667 205.3333 205.5 205.6667 205.8333 206 206.1667 206.3333 206.5 206.6667 206.8333 207 207.1667 207.3333 207.5 207.6667 207.8333 208 208.1667 208.3333 208.5 208.6667 208.8333 209 209.1667 209.3333 209.5 209.6667 209.8333 210 210.1667 210.3333 210.5 210.6667 210.8333 211 211.1667 211.3333 211.5 211.6667 211.8333 212 212.1667 212.3333 212.5 212.6667 212.8333 213 213.1667 213.3333 213.5 213.6667 213.8333 214 214.1667 214.3333 214.5 214.6667 214.8333 215 215.1667 215.3333 215.5 215.6667 215.8333 216 216.1667 216.3333 216.5 216.6667 216.8333 217 217.1667 217.3333 217.5 217.6667 217.8333 218 218.1667 218.3333 218.5 218.6667 218.8333 219 219.1667 219.3333 219.5 219.6667 219.8333 220 220.1667 220.3333 220.5 220.6667 220.8333 221 221.1667 221.3333 221.5 221.6667 221.8333 222 222.1667 222.3333 222.5 222.6667 222.8333 223 223.1667 223.3333 223.5 223.6667 223.8333 224 224.1667 224.3333 224.5 224.6667 224.8333 225 225.1667 225.3333 225.5 225.6667 225.8333 226 226.1667 226.3333 226.5 226.6667 226.8333 227 227.1667 227.3333 227.5 227.6667 227.8333 228 228.1667 228.3333 228.5 228.6667 228.8333 229 229.1667 229.3333 229.5 229.6667 229.8333 230 230.1667 230.3333 230.5 230.6667 230.8333 231 231.1667 231.3333 231.5 231.6667 231.8333 232 232.1667 232.3333 232.5 232.6667 232.8333 233 233.1667 233.3333 233.5 233.6667 233.8333 234 234.1667 234.3333 234.5 234.6667 234.8333 235 235.1667 235.3333 235.5 235.6667 235.8333 236 236.1667 236.3333 236.5 236.6667 236.8333 237 237.1667 237.3333 237.5 237.6667 237.8333 238 238.1667 238.3333 238.5 238.6667 238.8333 239 239.1667 239.3333 239.5 239.6667 239.8333 240 240.1667 240.3333 240.5 240.6667 240.8333 241 241.1667 241.3333 241.5 241.6667 241.8333 242 242.1667 242.3333 242.5 242.6667 242.8333 243 243.1667 243.3333 243.5 243.6667 243.8333 244 244.1667 244.3333 244.5 244.6667 244.8333 245 245.1667 245.3333 245.5 245.6667 245.8333 246 246.1667 246.3333 246.5 246.6667 246.8333 247 247.1667 247.3333 247.5 247.6667 247.8333 248 248.1667 248.3333 248.5 248.6667 248.8333 249 249.1667 249.3333 249.5 249.6667 249.8333 250 250.1667 250.3333 250.5 250.6667 250.8333 251 251.1667 251.3333 251.5 251.6667 251.8333 252 252.1667 252.3333 252.5 252.6667 252.8333 253 253.1667 253.3333 253.5 253.6667 253.8333 254 254.1667 254.3333 254.5 254.6667 254.8333 255 255.1667 255.3333 255.5 255.6667 255.8333 256 256.1667 256.3333 256.5 256.6667 256.8333 257 257.1667 257.3333 257.5 257.6667 257.8333 258 258.1667 258.3333 258.5 258.6667 258.8333 259 259.1667 259.3333 259.5 259.6667 259.8333 260 260.1667 260.3333 260.5 260.6667 260.8333 261 261.1667 261.3333 261.5 261.8333 262 262.1667 262.3333 262.5 262.6667 262.8333 263 263.1667 263.3333 263.5 263.6667 263.8333 264 264.1667 264.3333 264.5 264.6667 264.8333 265 265.1667 265.3333 265.5 265.6667 265.8333 266 266.1667 266.3333 266.5 266.6667 266.8333 267 267.1667 267.3333 267.5 267.6667 267.8333 268 268.1667 268.3333 268.5 268.6667 268.8333 269 269.1667 269.3333 269.5 269.6667 269.8333 270 270.1667 270.3333 270.5 270.6667 270.8333 271 271.1667 271.3333 271.5 271.6667 271.8333 272 272.1667 272.3333 272.5 272.6667 272.8333 273 273.1667 273.3333 273.5 273.6667 273.8333 274 274.1667 274.3333 274.5 274.6667 274.8333 275 275.1667 275.3333 275.5 275.6667 275.8333 276 276.1667 276.3333 276.5 276.8333 277 277.1667 277.3333 277.5 277.6667 277.8333 278 278.1667 278.3333 278.5 278.6667 278.8333 279 279.1667 279.3333 279.5 279.6667 279.8333 280 280.1667 280.3333 280.5 280.6667 280.8333 281 281.1667 281.3333 281.5 281.6667 281.8333 282 282.1667 282.3333 282.5 282.6667 282.8333 283 283.1667 283.3333 283.5 283.6667 283.8333 284 284.1667 284.3333 284.5 284.6667 284.8333 285 285.1667 285.3333 285.5 285.6667 285.8333 286 286.1667 286.3333 286.5 286.6667 286.8333 287 287.1667 287.3333 287.5 287.6667 287.8333 288 288.1667 288.3333 288.5 288.6667 288.8333 289 289.1667 289.3333 289.5 289.6667 289.8333 290 290.1667 290.3333 290.5 290.6667 290.8333 291 291.1667 291.3333 291.5 291.6667 291.8333 292 292.1667 292.3333 292.5 292.6667 292.8333 293 293.1667 293.3333 293.5 293.6667 293.8333 294 294.1667 294.3333 294.5 294.6667 294.8333 295 295.1667 295.3333 295.5 295.6667 295.8333 296 296.1667 296.3333 296.5 296.6667 296.8333 297 297.1667 297.3333 297.5 297.6667 297.8333 298 298.1667 298.3333 298.5 298.6667 298.8333 299 299.1667 299.3333 299.5 299.6667 299.8333 300 300.1667 300.3333 300.5 300.6667 300.8333 301 301.1667 301.3333 301.5 301.6667 301.8333 302 302.1667 302.3333 302.5 302.6667 302.8333 303 303.1667 303.3333 303.5 303.6667 303.8333 304 304.1667 304.3333 304.5 304.6667 304.8333 305 305.1667 305.3333 305.5 305.6667 305.8333 306 306.1667 306.3333 306.5 306.6667 306.8333 307 307.1667 307.3333 307.5 307.6667 307.8333 308 308.1667 308.3333 308.5 308.6667 308.8333 309 309.1667 309.3333 309.5 309.6667 309.8333 310 310.1667 310.3333 310.5 310.6667 310.8333 311 311.1667 311.3333 311.5 311.6667 311.8333 

# temp 
 10.629 10.593 10.548 10.538 10.475 10.42 10.384 10.339 10.311 10.284 10.22 10.193 10.156 10.12 10.083 10.038 10.001 9.973 9.955 9.9 9.873 9.845 9.781 9.744 9.735 9.708 9.662 9.634 9.634 9.662 9.68 9.671 9.68 9.68 9.671 9.662 9.634 9.625 9.625 9.625 9.597 9.597 9.56 9.551 9.56 9.551 9.533 9.533 9.524 9.514 9.533 9.514 9.505 9.514 9.505 9.487 9.514 9.514 9.524 9.524 9.542 9.551 9.579 9.634 9.671 9.735 9.772 9.836 9.873 9.946 10.056 10.184 10.384 10.593 10.792 11 11.18 11.332 11.449 11.583 11.69 11.842 12.02 12.207 12.384 12.525 12.596 12.649 12.614 12.684 12.711 12.746 12.781 12.781 12.781 12.755 12.772 12.808 12.781 12.764 12.746 12.737 12.737 12.711 12.667 12.693 12.649 12.631 12.605 12.552 12.534 12.508 12.472 12.437 12.428 12.375 12.348 12.34 12.286 12.26 12.251 12.198 12.18 12.118 12.073 12.029 11.993 11.958 11.913 11.869 11.833 11.815 11.78 11.753 11.682 11.673 11.619 11.592 11.574 11.53 11.485 11.44 11.413 11.386 11.332 11.306 11.261 11.252 11.225 11.18 11.135 11.09 11.027 11.018 10.964 10.9 10.846 10.792 10.747 10.72 10.683 10.611 10.593 10.529 10.475 10.439 10.393 10.348 10.32 10.284 10.229 10.156 10.111 10.065 10.038 9.983 9.955 9.891 9.836 9.809 9.753 9.726 9.652 9.597 9.533 9.496 9.468 9.394 9.367 9.311 9.274 9.246 9.182 9.182 9.154 9.117 9.117 9.108 9.098 9.108 9.117 9.126 9.126 9.154 9.182 9.219 9.237 9.293 9.33 9.413 9.459 9.468 9.533 9.606 9.689 9.809 10.229 10.429 10.665 10.855 10.973 11.054 11.171 11.261 11.449 11.547 11.726 11.94 12.1 12.189 12.215 12.224 12.269 12.295 12.331 12.357 12.419 12.437 12.455 12.472 12.463 12.437 12.437 12.455 12.437 12.437 12.419 12.375 12.393 12.357 12.348 12.331 12.304 12.278 12.242 12.215 12.207 12.171 12.127 12.109 12.082 12.047 12.011 11.985 11.922 11.887 11.851 11.806 11.78 11.735 11.699 11.637 11.592 11.556 11.485 11.476 11.458 11.404 11.377 11.377 11.306 11.279 11.243 11.198 11.144 11.126 11.081 11.045 11 10.955 10.9 10.837 10.801 10.756 10.693 10.647 10.611 10.557 10.52 10.484 10.448 10.375 10.348 10.284 10.229 10.184 10.138 10.083 10.047 9.973 9.955 9.909 9.854 9.799 9.753 9.708 9.662 9.634 9.57 9.533 9.496 9.431 9.404 9.348 9.283 9.246 9.2 9.154 9.08 9.089 9.07 9.005 8.968 8.931 8.903 8.838 8.857 8.801 8.829 8.782 8.782 8.782 8.81 8.819 8.838 8.847 8.866 8.884 8.903 8.931 9.005 9.043 9.117 9.135 9.219 9.256 9.293 9.357 9.477 9.698 9.955 10.174 10.475 10.665 10.774 10.837 10.909 11.009 11.117 11.243 11.404 11.539 11.583 11.646 11.682 11.673 11.717 11.762 11.789 11.833 11.842 11.869 11.878 11.887 11.931 11.958 11.931 11.958 11.949 11.958 11.967 11.967 11.985 11.993 11.993 11.993 11.993 11.976 11.993 11.967 11.958 11.931 11.931 11.896 11.904 11.851 11.851 11.833 11.806 11.762 11.735 11.682 11.646 11.601 11.574 11.512 11.449 11.395 11.368 11.35 11.288 11.27 11.216 11.153 11.135 11.099 11.081 11.045 10.991 10.955 10.9 10.864 10.855 10.783 10.729 10.693 10.647 10.602 10.538 10.493 10.448 10.402 10.375 10.32 10.266 10.238 10.174 10.138 10.092 10.083 10.047 9.937 9.928 9.882 9.882 9.818 9.781 9.735 9.708 9.662 9.597 9.588 9.542 9.496 9.468 9.413 9.376 9.33 9.293 9.246 9.2 9.182 9.145 9.108 9.07 9.052 9.005 8.987 8.95 8.94 8.968 8.978 8.978 9.033 9.07 9.117 9.135 9.172 9.209 9.246 9.302 9.357 9.385 9.422 9.45 9.477 9.524 9.597 9.634 9.671 9.698 9.781 9.882 10.01 10.229 10.647 10.819 10.9 10.955 11.018 10.982 11.072 11.198 11.261 11.306 11.377 11.485 11.601 11.637 11.619 11.601 11.583 11.601 11.61 11.61 11.61 11.583 11.521 11.494 11.449 11.44 11.422 11.44 11.449 11.485 11.503 11.494 11.494 11.449 11.422 11.413 11.377 11.386 11.395 11.35 11.332 11.314 11.323 11.288 11.297 11.27 11.243 11.216 11.198 11.189 11.144 11.144 11.099 11.072 11.045 11.009 10.982 10.955 10.918 10.891 10.837 10.819 10.801 10.765 10.702 10.693 10.638 10.62 10.593 10.548 10.529 10.493 10.448 10.42 10.393 10.329 10.311 10.293 10.238 10.202 10.174 10.156 10.129 10.083 10.056 10.056 10.038 10.028 10.028 10.019 9.992 9.964 9.964 9.983 9.955 9.946 9.964 9.909 9.919 9.891 9.882 9.854 9.836 9.818 9.79 9.781 9.781 9.753 9.735 9.698 9.698 9.689 9.671 9.662 9.662 9.652 9.662 9.643 9.652 9.643 9.625 9.606 9.616 9.616 9.606 9.616 9.597 9.616 9.634 9.643 9.625 9.671 9.708 9.763 9.809 9.845 9.882 9.891 9.928 9.973 10.056 10.165 10.329 10.511 10.529 10.493 10.484 10.611 10.611 10.575 10.566 10.611 10.702 10.819 10.955 11.009 11.063 11.108 11.153 11.189 11.252 11.27 11.306 11.341 11.341 11.359 11.386 11.404 11.422 11.413 11.44 11.431 11.449 11.431 11.44 11.422 11.413 11.395 11.35 11.35 11.332 11.323 11.323 11.279 11.261 11.252 11.225 11.189 11.189 11.126 11.108 11.081 11.054 11.009 10.973 10.946 10.882 10.846 10.819 10.756 10.747 10.702 10.665 10.611 10.575 10.557 10.529 10.484 10.411 10.393 10.357 10.329 10.275 10.247 10.193 10.174 10.101 10.065 10.038 9.992 9.964 9.919 9.891 9.845 9.799 9.753 9.735 9.689 9.652 9.597 9.56 9.542 9.514 9.431 9.441 9.367 9.348 9.311 9.293 9.256 9.2 9.172 9.135 9.089 9.061 9.033 8.987 8.94 8.931 8.884 8.857 8.819 8.735 8.745 8.763 8.726 8.67 8.67 8.623 8.633 8.623 8.633 8.642 8.642 8.661 8.679 8.707 8.754 8.745 8.801 8.782 8.791 8.801 8.81 8.857 8.866 8.894 8.95 8.987 9.005 9.061 9.163 9.228 9.339 9.717 9.964 10.247 10.329 10.457 10.584 10.72 10.783 10.937 11.081 11.27 11.449 11.547 11.619 11.574 11.583 11.664 11.708 11.771 11.851 11.851 11.851 11.86 11.922 11.94 11.949 11.967 12.002 12.011 12.011 12.02 12.011 11.993 11.976 11.958 11.958 11.949 11.94 11.922 11.913 11.878 11.86 11.842 11.824 11.798 11.789 11.78 11.762 11.708 11.664 11.628 11.601 11.574 11.547 11.521 11.476 11.449 11.413 11.359 11.332 11.288 11.243 11.207 11.162 11.135 11.099 11.054 11.018 11 10.955 10.891 10.882 10.837 10.819 10.765 10.72 10.683 10.638 10.611 10.584 10.548 10.502 10.475 10.429 10.402 10.339 10.311 10.257 10.229 10.184 10.156 10.138 10.074 10.028 9.992 9.937 9.937 9.882 9.845 9.79 9.763 9.744 9.708 9.662 9.643 9.588 9.56 9.514 9.477 9.459 9.431 9.385 9.348 9.311 9.293 9.246 9.219 9.191 9.172 9.154 9.126 9.089 9.098 9.08 9.08 9.098 9.089 9.089 9.108 9.145 9.163 9.2 9.2 9.237 9.274 9.311 9.404 9.431 9.487 9.505 9.57 9.662 9.79 10.211 10.493 10.819 10.891 11.045 11.099 11.198 11.252 11.449 11.556 11.708 11.913 12.136 12.251 12.322 12.278 12.269 12.304 12.357 12.437 12.437 12.437 12.428 12.446 12.463 12.49 12.446 12.446 12.446 12.446 12.446 12.463 12.499 12.49 12.516 12.516 12.516 12.561 12.587 12.578 12.587 12.596 12.561 12.569 12.569 12.525 12.525 12.499 12.49 12.463 12.437 12.393 12.375 12.34 12.322 12.295 12.242 12.224 12.189 12.153 12.136 12.056 12.02 11.985 11.94 11.913 11.887 11.86 11.815 11.798 11.771 11.735 11.699 11.655 11.637 11.592 11.574 11.556 11.512 11.503 11.449 11.458 11.422 11.413 11.377 11.35 11.323 11.306 11.314 11.261 11.252 11.234 11.162 11.144 11.099 11.072 11.063 11.009 10.973 10.937 10.918 10.846 10.81 10.756 10.756 10.711 10.674 10.629 10.602 10.566 10.529 10.538 10.52 10.548 10.538 10.529 10.529 10.557 10.548 10.529 10.538 10.529 10.529 10.538 10.538 10.557 10.584 10.575 10.602 10.647 10.683 10.72 10.765 10.81 10.81 10.873 10.9 11.009 11.225 11.449 11.699 12.056 12.038 12.18 12.233 12.269 12.207 12.269 12.331 12.481 12.569 12.622 12.605 12.552 12.578 12.675 12.737 12.781 12.825 12.834 12.834 12.852 12.878 12.878 12.869 12.852 12.843 12.825 12.825 12.834 12.834 12.825 12.79 12.79 12.781 12.764 12.764 12.719 12.719 12.693 12.675 12.658 12.605 12.587 12.552 12.525 12.472 12.463 12.419 12.375 12.366 12.313 12.295 12.26 12.269 12.198 12.171 12.198 12.145 12.118 12.082 12.073 12.029 12.038 11.967 11.949 11.922 11.869 11.824 11.789 11.78 11.771 11.69 11.673 11.61 11.556 11.53 11.476 11.413 11.377 11.314 11.279 11.234 11.189 11.135 11.108 11.063 11.009 10.964 10.955 10.918 10.937 10.918 10.891 10.819 10.792 10.756 10.729 10.656 10.62 10.575 10.538 10.502 10.411 10.393 10.339 10.293 10.257 10.22 10.156 10.129 10.047 10.038 9.992 9.946 9.919 9.873 9.873 9.818 9.79 9.772 9.781 9.781 9.772 9.781 9.809 9.818 9.845 9.882 9.891 9.937 9.937 9.964 10.01 10.074 10.101 10.174 10.211 10.247 10.302 10.311 10.42 10.566 10.765 10.973 11.234 11.306 11.467 11.512 11.512 11.467 11.574 11.655 11.789 11.949 12.065 12.198 12.304 12.34 12.34 12.34 12.313 12.34 12.313 12.313 12.313 12.313 12.322 12.348 12.322 12.304 12.295 12.26 12.233 12.224 12.189 12.153 12.145 12.1 12.109 12.1 12.082 12.056 12.047 12.029 12.02 12.011 11.993 11.949 11.949 11.94 11.904 11.878 11.824 11.771 11.708 11.699 11.637 11.592 11.556 11.503 11.458 11.413 11.359 11.35 11.323 11.306 11.288 11.243 11.198 11.153 11.099 11.054 10.991 10.955 10.864 10.873 10.819 10.756 10.72 10.665 10.611 10.548 10.502 10.429 10.411 10.366 10.339 10.284 10.229 10.184 10.147 10.111 10.065 9.992 9.964 9.909 9.882 9.836 9.79 9.753 9.698 9.643 9.597 9.551 9.505 9.477 9.441 9.394 9.32 9.283 9.265 9.219 9.172 9.108 9.08 9.033 9.005 8.968 8.912 8.903 8.875 8.838 8.847 8.838 8.801 8.81 8.829 8.847 8.857 8.894 8.894 8.931 8.968 8.996 9.024 9.052 9.108 9.145 9.228 9.265 9.33 9.376 9.422 9.459 9.551 9.753 10.019 10.266 10.593 10.683 11 11 11.045 10.864 10.964 11.072 11.207 11.35 11.547 11.682 11.896 11.985 11.976 11.976 11.967 11.958 11.958 11.967 11.985 11.985 12.038 12.065 12.056 12.065 12.056 12.02 11.985 11.967 11.976 11.922 11.922 11.896 11.896 11.896 11.887 11.851 11.842 11.815 11.815 11.78 11.771 11.744 11.717 11.708 11.69 11.637 11.628 11.592 11.583 11.574 11.512 11.485 11.458 11.422 11.413 11.359 11.314 11.288 11.243 11.225 11.198 11.153 11.135 11.09 11.063 11.018 10.991 10.964 10.937 10.882 10.846 10.81 10.765 10.747 10.693 10.674 10.629 10.575 10.566 10.484 10.475 10.429 10.393 10.339 10.302 10.247 10.193 10.147 10.101 10.065 10.019 9.992 9.928 9.873 9.845 9.799 9.772 9.717 9.652 9.625 9.579 9.524 9.496 9.459 9.431 9.404 9.367 9.32 9.265 9.256 9.219 9.172 9.154 9.117 9.052 9.043 9.043 8.996 9.005 9.005 9.033 9.024 9.033 9.052 9.061 9.089 9.135 9.182 9.219 9.265 9.32 9.404 9.441 9.496 9.524 9.588 9.634 9.671 9.818 9.973 10.229 10.511 10.783 10.918 11.216 11.323 11.368 11.153 11.225 11.35 11.44 11.601 11.753 11.887 12.047 12.171 12.207 12.224 12.198 12.215 12.215 12.136 12.127 12.136 12.153 12.171 12.145 12.162 12.162 12.171 12.162 12.136 12.136 12.127 12.127 12.118 12.1 12.1 12.091 12.073 12.082 12.082 12.065 12.029 12.002 11.985 11.967 11.94 11.913 11.869 11.815 11.78 11.735 11.699 11.646 11.565 11.521 11.395 11.35 11.279 11.27 11.216 11.18 11.135 11.09 11.054 11.036 10.982 10.928 10.891 10.855 10.801 10.792 10.774 10.738 10.693 10.629 10.629 10.566 10.529 10.511 10.484 10.42 10.411 10.357 10.32 10.257 10.211 10.184 10.147 10.111 10.028 9.992 9.937 9.919 9.845 9.809 9.772 9.717 9.698 9.634 9.597 9.57 9.524 9.487 9.441 9.404 9.367 9.311 9.302 9.237 9.191 9.163 9.154 9.117 9.08 9.043 9.015 8.987 8.959 8.95 8.959 8.94 8.959 8.968 8.996 9.005 9.033 9.08 9.117 9.154 9.2 9.256 9.33 9.45 9.468 9.505 9.579 9.606 9.662 9.735 9.836 10.01 10.266 10.575 10.801 11.279 11.395 11.395 11.18 11.207 11.234 11.314 11.431 11.547 11.682 11.842 11.94 12.065 12.091 12.109 12.127 12.091 12.091 12.082 12.082 12.073 12.091 12.109 12.118 12.109 12.118 12.109 12.127 12.145 12.145 12.145 12.109 12.073 12.082 12.038 12.056 12.029 12.011 11.993 11.976 11.931 11.94 11.896 11.851 11.806 11.771 11.744 11.69 11.637 11.583 11.521 11.431 11.377 11.314 11.243 11.153 11.081 11.027 10.982 10.918 10.864 10.792 10.747 10.702 10.647 10.593 10.566 10.529 10.475 10.439 10.375 10.366 10.293 10.238 10.211 10.156 10.129 10.083 10.047 10.028 9.955 9.937 9.9 9.854 9.799 9.763 9.717 9.68 9.708 9.652 9.606 9.57 9.542 9.514 9.487 9.45 9.394 9.348 9.33 9.283 9.265 9.237 9.182 9.182 9.154 9.135 9.08 9.07 9.015 8.978 8.959 8.922 8.894 8.847 8.829 8.81 8.791 8.81 8.819 8.819 8.829 8.866 8.894 8.922 8.968 9.005 9.089 9.135 9.172 9.228 9.311 9.413 9.487 9.505 9.597 9.671 9.735 9.809 9.891 10.001 10.147 10.457 10.711 10.81 11.144 11.297 11.332 11.171 11.162 11.153 11.234 11.288 11.377 11.44 11.547 11.637 11.726 11.896 11.958 12.038 12.073 12.047 12.038 12.02 12.02 12.029 12.029 12.038 12.011 12.029 12.002 12.038 12.038 12.038 12.038 12.038 12.047 12.047 12.02 12.02 12.002 12.011 11.993 11.958 11.967 11.949 11.931 11.904 11.896 11.878 11.833 11.798 11.815 11.771 11.762 11.726 11.682 11.655 11.637 11.601 11.601 11.547 11.521 11.503 11.476 11.422 11.386 11.359 11.332 11.279 11.261 

# DOY 
 225 225 225 225 225 225 225 225 225 225 225 225 225 225 225 225 225 225 225 225 225 225 225 225 225 225 225 225 225 225 225 225 225 225 225 225 225 225 225 225 225 225 225 225 225 225 225 225 225 225 225 225 225 225 225 225 225 225 225 225 225 225 225 225 225 225 225 225 225 225 225 225 225 225 225 225 225 225 225 225 225 225 225 225 225 225 225 225 225 225 225 225 225 225 225 225 225 225 225 225 225 225 225 225 225 225 225 225 225 225 225 225 225 225 225 225 225 225 225 225 225 225 225 225 225 225 225 225 225 225 225 225 225 225 225 225 225 225 225 225 225 225 225 225 226 226 226 226 226 226 226 226 226 226 226 226 226 226 226 226 226 226 226 226 226 226 226 226 226 226 226 226 226 226 226 226 226 226 226 226 226 226 226 226 226 226 226 226 226 226 226 226 226 226 226 226 226 226 226 226 226 226 226 226 226 226 226 226 226 226 226 226 226 226 226 226 226 226 226 226 226 226 226 226 226 226 226 226 226 226 226 226 226 226 226 226 226 226 226 226 226 226 226 226 226 226 226 226 226 226 226 226 226 226 226 226 226 226 226 226 226 226 226 226 226 226 226 226 226 226 226 226 226 226 226 226 226 226 226 226 226 226 226 226 226 226 226 227 227 227 227 227 227 227 227 227 227 227 227 227 227 227 227 227 227 227 227 227 227 227 227 227 227 227 227 227 227 227 227 227 227 227 227 227 227 227 227 227 227 227 227 227 227 227 227 227 227 227 227 227 227 227 227 227 227 227 227 227 227 227 227 227 227 227 227 227 227 227 227 227 227 227 227 227 227 227 227 227 227 227 227 227 227 227 227 227 227 227 227 227 227 227 227 227 227 227 227 227 227 227 227 227 227 227 227 227 227 227 227 227 227 227 227 227 227 227 227 227 227 227 227 227 227 227 227 227 227 227 227 227 227 227 227 227 227 227 227 227 227 227 228 228 228 228 228 228 228 228 228 228 228 228 228 228 228 228 228 228 228 228 228 228 228 228 228 228 228 228 228 228 228 228 228 228 228 228 228 228 228 228 228 228 228 228 228 228 228 228 228 228 228 228 228 228 228 228 228 228 228 228 228 228 228 228 228 228 228 228 228 228 228 228 228 228 228 228 228 228 228 228 228 228 228 228 228 228 228 228 228 228 228 228 228 228 228 228 228 228 228 228 228 228 228 228 228 228 228 228 228 228 228 228 228 228 228 228 228 228 228 228 228 228 228 228 228 228 228 228 228 228 228 228 228 228 228 228 228 228 228 228 228 228 228 228 229 229 229 229 229 229 229 229 229 229 229 229 229 229 229 229 229 229 229 229 229 229 229 229 229 229 229 229 229 229 229 229 229 229 229 229 229 229 229 229 229 229 229 229 229 229 229 229 229 229 229 229 229 229 229 229 229 229 229 229 229 229 229 229 229 229 229 229 229 229 229 229 229 229 229 229 229 229 229 229 229 229 229 229 229 229 229 229 229 229 229 229 229 229 229 229 229 229 229 229 229 229 229 229 229 229 229 229 229 229 229 229 229 229 229 229 229 229 229 229 229 229 229 229 229 229 229 229 229 229 229 229 229 229 229 229 229 229 229 229 229 229 229 230 230 230 230 230 230 230 230 230 230 230 230 230 230 230 230 230 230 230 230 230 230 230 230 230 230 230 230 230 230 230 230 230 230 230 230 230 230 230 230 230 230 230 230 230 230 230 230 230 230 230 230 230 230 230 230 230 230 230 230 230 230 230 230 230 230 230 230 230 230 230 230 230 230 230 230 230 230 230 230 230 230 230 230 230 230 230 230 230 230 230 230 230 230 230 230 230 230 230 230 230 230 230 230 230 230 230 230 230 230 230 230 230 230 230 230 230 230 230 230 230 230 230 230 230 230 230 230 230 230 230 230 230 230 230 230 230 230 230 230 230 230 230 231 231 231 231 231 231 231 231 231 231 231 231 231 231 231 231 231 231 231 231 231 231 231 231 231 231 231 231 231 231 231 231 231 231 231 231 231 231 231 231 231 231 231 231 231 231 231 231 231 231 231 231 231 231 231 231 231 231 231 231 231 231 231 231 231 231 231 231 231 231 231 231 231 231 231 231 231 231 231 231 231 231 231 231 231 231 231 231 231 231 231 231 231 231 231 231 231 231 231 231 231 231 231 231 231 231 231 231 231 231 231 231 231 231 231 231 231 231 231 231 231 231 231 231 231 231 231 231 231 231 231 231 231 231 231 231 231 231 231 231 231 232 232 232 232 232 232 232 232 232 232 232 232 232 232 232 232 232 232 232 232 232 232 232 232 232 232 232 232 232 232 232 232 232 232 232 232 232 232 232 232 232 232 232 232 232 232 232 232 232 232 232 232 232 232 232 232 232 232 232 232 232 232 232 232 232 232 232 232 232 232 232 232 232 232 232 232 232 232 232 232 232 232 232 232 232 232 232 232 232 232 232 232 232 232 232 232 232 232 232 232 232 232 232 232 232 232 232 232 232 232 232 232 232 232 232 232 232 232 232 232 232 232 232 232 232 232 232 232 232 232 232 232 232 232 232 232 232 232 232 232 232 233 233 233 233 233 233 233 233 233 233 233 233 233 233 233 233 233 233 233 233 233 233 233 233 233 233 233 233 233 233 233 233 233 233 233 233 233 233 233 233 233 233 233 233 233 233 233 233 233 233 233 233 233 233 233 233 233 233 233 233 233 233 233 233 233 233 233 233 233 233 233 233 233 233 233 233 233 233 233 233 233 233 233 233 233 233 233 233 233 233 233 233 233 233 233 233 233 233 233 233 233 233 233 233 233 233 233 233 233 233 233 233 233 233 233 233 233 233 233 233 233 233 233 233 233 233 233 233 233 233 233 233 233 233 233 233 233 233 233 233 233 233 233 233 234 234 234 234 234 234 234 234 234 234 234 234 234 234 234 234 234 234 234 234 234 234 234 234 234 234 234 234 234 234 234 234 234 234 234 234 234 234 234 234 234 234 234 234 234 234 234 234 234 234 234 234 234 234 234 234 234 234 234 234 234 234 234 234 234 234 234 234 234 234 234 234 234 234 234 234 234 234 234 234 234 234 234 234 234 234 234 234 234 234 234 234 234 234 234 234 234 234 234 234 234 234 234 234 234 234 234 234 234 234 234 234 234 234 234 234 234 234 234 234 234 234 234 234 234 234 234 234 234 234 234 234 234 234 234 234 234 234 234 234 234 234 234 234 235 235 235 235 235 235 235 235 235 235 235 235 235 235 235 235 235 235 235 235 235 235 235 235 235 235 235 235 235 235 235 235 235 235 235 235 235 235 235 235 235 235 235 235 235 235 235 235 235 235 235 235 235 235 235 235 235 235 235 235 235 235 235 235 235 235 235 235 235 235 235 235 235 235 235 235 235 235 235 235 235 235 235 235 235 235 235 235 235 235 235 235 235 235 235 235 235 235 235 235 235 235 235 235 235 235 235 235 235 235 235 235 235 235 235 235 235 235 235 235 235 235 235 235 235 235 235 235 235 235 235 235 235 235 235 235 235 235 235 235 235 235 235 236 236 236 236 236 236 236 236 236 236 236 236 236 236 236 236 236 236 236 236 236 236 236 236 236 236 236 236 236 236 236 236 236 236 236 236 236 236 236 236 236 236 236 236 236 236 236 236 236 236 236 236 236 236 236 236 236 236 236 236 236 236 236 236 236 236 236 236 236 236 236 236 236 236 236 236 236 236 236 236 236 236 236 236 236 236 236 236 236 236 236 236 236 236 236 236 236 236 236 236 236 236 236 236 236 236 236 236 236 236 236 236 236 236 236 236 236 236 236 236 236 236 236 236 236 236 236 236 236 236 236 236 236 236 236 236 236 236 236 236 236 236 236 237 237 237 237 237 237 237 237 237 237 237 237 237 237 237 237 237 237 237 237 237 237 237 237 237 237 237 237 237 237 237 237 237 237 237 237 237 237 237 237 237 237 237 237 237 237 237 237 237 237 237 237 237 237 237 237 237 237 237 237 237 237 237 237 237 237 237 237 237 237 237 237 237 237 237 237 237 237 237 237 237 237 237 237 237 237 237 237 237 237 237 237 237 237 237 237 237 237 237 237 237 237 237 237 237 237 237 237 237 237 237 237 237 237 237 237 237 237 237 237 237 237 237 237 237 237 237 237 237 237 237 237 237 237 237 237 237 237 237 237 237 237 237 237 

# TOD 
 0.1166667 0.2833333 0.45 0.6166667 0.7833333 0.95 1.116667 1.283333 1.45 1.616667 1.783333 1.95 2.116667 2.283333 2.45 2.616667 2.783333 2.95 3.116667 3.283333 3.45 3.616667 3.783333 3.95 4.116667 4.283333 4.45 4.616667 4.783333 4.95 5.116667 5.283333 5.45 5.616667 5.783333 5.95 6.116667 6.283333 6.45 6.616667 6.783333 6.95 7.116667 7.283333 7.45 7.616667 7.783333 7.95 8.116667 8.283333 8.45 8.616667 8.783333 8.95 9.116667 9.283333 9.45 9.616667 9.783333 9.95 10.11667 10.28333 10.45 10.61667 10.78333 10.95 11.11667 11.28333 11.45 11.61667 11.78333 11.95 12.11667 12.28333 12.45 12.61667 12.78333 12.95 13.11667 13.28333 13.45 13.61667 13.78333 13.95 14.11667 14.28333 14.45 14.61667 14.78333 14.95 15.11667 15.28333 15.45 15.61667 15.78333 15.95 16.11667 16.28333 16.45 16.61667 16.78333 16.95 17.11667 17.28333 17.45 17.61667 17.78333 17.95 18.11667 18.28333 18.45 18.61667 18.78333 18.95 19.11667 19.28333 19.45 19.61667 19.78333 19.95 20.11667 20.28333 20.45 20.61667 20.78333 20.95 21.11667 21.28333 21.45 21.61667 21.78333 21.95 22.11667 22.28333 22.45 22.61667 22.78333 22.95 23.11667 23.28333 23.45 23.61667 23.78333 23.95 0.1166667 0.2833333 0.45 0.6166667 0.7833333 0.95 1.116667 1.283333 1.45 1.616667 1.783333 1.95 2.116667 2.283333 2.45 2.616667 2.783333 2.95 3.116667 3.283333 3.45 3.616667 3.783333 3.95 4.116667 4.283333 4.45 4.616667 4.783333 4.95 5.116667 5.283333 5.45 5.616667 5.783333 5.95 6.116667 6.283333 6.45 6.616667 6.783333 6.95 7.116667 7.283333 7.45 7.616667 7.783333 7.95 8.116667 8.283333 8.45 8.616667 8.783333 8.95 9.116667 9.283333 9.45 9.616667 9.783333 9.95 10.11667 10.28333 10.45 10.61667 10.78333 10.95 11.11667 11.28333 11.45 11.61667 11.78333 11.95 12.28333 12.45 12.61667 12.78333 12.95 13.11667 13.28333 13.45 13.61667 13.78333 13.95 14.11667 14.28333 14.45 14.61667 14.78333 14.95 15.11667 15.28333 15.45 15.61667 15.78333 15.95 16.11667 16.28333 16.45 16.61667 16.78333 16.95 17.11667 17.28333 17.45 17.61667 17.78333 17.95 18.11667 18.28333 18.45 18.61667 18.78333 18.95 19.11667 19.28333 19.45 19.61667 19.78333 19.95 20.11667 20.28333 20.45 20.61667 20.78333 20.95 21.11667 21.28333 21.45 21.61667 21.78333 21.95 22.11667 22.28333 22.45 22.61667 22.78333 22.95 23.11667 23.28333 23.45 23.61667 23.78333 23.95 0.1166667 0.2833333 0.45 0.6166667 0.7833333 0.95 1.116667 1.283333 1.45 1.616667 1.783333 1.95 2.116667 2.283333 2.45 2.616667 2.783333 2.95 3.116667 3.283333 3.45 3.616667 3.783333 3.95 4.116667 4.283333 4.45 4.616667 4.783333 4.95 5.116667 5.283333 5.45 5.616667 5.783333 5.95 6.116667 6.283333 6.45 6.616667 6.783333 6.95 7.116667 7.283333 7.45 7.616667 7.783333 7.95 8.116667 8.283333 8.45 8.616667 8.783333 8.95 9.116667 9.283333 9.45 9.616667 9.783333 9.95 10.11667 10.28333 10.45 10.61667 10.78333 10.95 11.11667 11.28333 11.45 11.61667 11.78333 11.95 12.11667 12.28333 12.45 12.61667 12.78333 12.95 13.11667 13.28333 13.45 13.61667 13.78333 13.95 14.11667 14.28333 14.45 14.61667 14.78333 14.95 15.11667 15.28333 15.45 15.61667 15.78333 15.95 16.11667 16.28333 16.45 16.61667 16.78333 16.95 17.11667 17.28333 17.45 17.61667 17.78333 17.95 18.11667 18.28333 18.45 18.61667 18.78333 18.95 19.11667 19.28333 19.45 19.61667 19.78333 19.95 20.11667 20.28333 20.45 20.61667 20.78333 20.95 21.11667 21.28333 21.45 21.78333 21.95 22.11667 22.28333 22.45 22.61667 22.78333 22.95 23.11667 23.28333 23.45 23.61667 23.78333 23.95 0.1166667 0.2833333 0.45 0.6166667 0.7833333 0.95 1.116667 1.283333 1.45 1.616667 1.783333 1.95 2.116667 2.283333 2.45 2.616667 2.783333 2.95 3.116667 3.283333 3.45 3.616667 3.783333 3.95 4.116667 4.283333 4.45 4.616667 4.783333 4.95 5.116667 5.283333 5.45 5.616667 5.783333 5.95 6.116667 6.283333 6.45 6.616667 6.783333 6.95 7.116667 7.283333 7.45 7.616667 7.783333 7.95 8.116667 8.283333 8.45 8.616667 8.783333 8.95 9.116667 9.283333 9.45 9.616667 9.783333 9.95 10.11667 10.28333 10.45 10.61667 10.78333 10.95 11.11667 11.28333 11.45 11.61667 11.78333 11.95 12.11667 12.28333 12.45 12.61667 12.78333 12.95 13.11667 13.28333 13.45 13.61667 13.78333 13.95 14.11667 14.28333 14.45 14.61667 14.78333 14.95 15.11667 15.28333 15.45 15.61667 15.78333 15.95 16.11667 16.28333 16.45 16.61667 16.78333 16.95 17.11667 17.28333 17.45 17.61667 17.78333 17.95 18.11667 18.28333 18.45 18.61667 18.78333 18.95 19.11667 19.28333 19.45 19.61667 19.78333 19.95 20.11667 20.28333 20.45 20.61667 20.78333 20.95 21.11667 21.28333 21.45 21.61667 21.78333 21.95 22.11667 22.28333 22.45 22.61667 22.78333 22.95 23.11667 23.28333 23.45 23.61667 23.78333 23.95 0.1166667 0.2833333 0.45 0.6166667 0.7833333 0.95 1.116667 1.283333 1.45 1.616667 1.783333 1.95 2.116667 2.283333 2.45 2.616667 2.783333 2.95 3.116667 3.283333 3.45 3.616667 3.783333 3.95 4.116667 4.283333 4.45 4.616667 4.783333 4.95 5.116667 5.283333 5.45 5.616667 5.783333 5.95 6.116667 6.283333 6.45 6.616667 6.783333 6.95 7.116667 7.283333 7.45 7.616667 7.783333 7.95 8.116667 8.283333 8.45 8.616667 8.783333 8.95 9.116667 9.283333 9.45 9.616667 9.783333 9.95 10.11667 10.28333 10.45 10.61667 10.78333 10.95 11.11667 11.28333 11.45 11.61667 11.78333 11.95 12.11667 12.28333 12.45 12.61667 12.78333 12.95 13.11667 13.28333 13.45 13.61667 13.95 14.11667 14.28333 14.45 14.61667 14.78333 14.95 15.11667 15.28333 15.45 15.61667 15.78333 15.95 16.11667 16.28333 16.45 16.61667 16.78333 16.95 17.11667 17.28333 17.45 17.61667 17.78333 17.95 18.11667 18.28333 18.45 18.61667 18.78333 18.95 19.11667 19.28333 19.45 19.61667 19.78333 19.95 20.11667 20.28333 20.45 20.61667 20.78333 20.95 21.11667 21.28333 21.45 21.61667 21.78333 21.95 22.11667 22.28333 22.45 22.61667 22.78333 22.95 23.11667 23.28333 23.45 23.61667 23.78333 23.95 0.1166667 0.2833333 0.45 0.6166667 0.7833333 0.95 1.116667 1.283333 1.45 1.616667 1.783333 1.95 2.116667 2.283333 2.45 2.616667 2.783333 2.95 3.116667 3.283333 3.45 3.616667 3.783333 3.95 4.116667 4.283333 4.45 4.616667 4.783333 4.95 5.116667 5.283333 5.45 5.616667 5.783333 5.95 6.116667 6.283333 6.45 6.616667 6.783333 6.95 7.116667 7.283333 7.45 7.616667 7.783333 7.95 8.116667 8.283333 8.45 8.616667 8.783333 8.95 9.116667 9.283333 9.45 9.616667 9.783333 9.95 10.11667 10.28333 10.45 10.61667 10.78333 10.95 11.11667 11.28333 11.45 11.61667 11.78333 11.95 12.28333 12.45 12.61667 12.78333 12.95 13.11667 13.28333 13.45 13.61667 13.78333 13.95 14.11667 14.28333 14.45 14.61667 14.78333 14.95 15.11667 15.28333 15.45 15.61667 15.78333 15.95 16.11667 16.28333 16.45 16.61667 16.78333 16.95 17.11667 17.28333 17.45 17.61667 17.78333 17.95 18.11667 18.28333 18.45 18.61667 18.78333 18.95 19.11667 19.28333 19.45 19.61667 19.78333 19.95 20.11667 20.28333 20.45 20.61667 20.78333 20.95 21.11667 21.28333 21.45 21.61667 21.78333 21.95 22.11667 22.28333 22.45 22.61667 22.78333 22.95 23.11667 23.28333 23.45 23.61667 23.78333 23.95 0.1166667 0.2833333 0.45 0.6166667 0.7833333 0.95 1.116667 1.283333 1.45 1.616667 1.783333 1.95 2.116667 2.283333 2.45 2.616667 2.783333 2.95 3.116667 3.283333 3.45 3.616667 3.783333 3.95 4.116667 4.283333 4.45 4.616667 4.783333 4.95 5.116667 5.283333 5.45 5.616667 5.783333 5.95 6.116667 6.283333 6.45 6.616667 6.783333 6.95 7.116667 7.283333 7.45 7.616667 7.783333 7.95 8.116667 8.283333 8.45 8.616667 8.783333 8.95 9.116667 9.283333 9.45 9.616667 9.783333 9.95 10.11667 10.28333 10.45 10.61667 10.78333 10.95 11.11667 11.28333 11.45 11.61667 11.78333 11.95 12.28333 12.45 12.61667 12.78333 12.95 13.11667 13.28333 13.45 13.61667 13.78333 13.95 14.11667 14.28333 14.45 14.61667 14.78333 14.95 15.11667 15.28333 15.45 15.61667 15.78333 15.95 16.11667 16.28333 16.45 16.61667 16.78333 16.95 17.11667 17.28333 17.45 17.61667 17.78333 17.95 18.11667 18.28333 18.45 18.61667 18.78333 18.95 19.11667 19.28333 19.45 19.61667 19.78333 19.95 20.11667 20.28333 20.45 20.61667 20.78333 20.95 21.11667 21.28333 21.45 21.61667 21.78333 21.95 22.11667 22.28333 22.78333 22.95 23.11667 23.28333 23.45 23.61667 23.78333 23.95 0.1166667 0.2833333 0.45 0.6166667 0.7833333 0.95 1.116667 1.283333 1.45 1.616667 1.783333 1.95 2.116667 2.283333 2.45 2.616667 2.783333 2.95 3.116667 3.283333 3.45 3.616667 3.783333 4.45 4.616667 4.783333 4.95 5.116667 5.283333 5.45 5.616667 5.783333 5.95 6.116667 6.283333 6.45 6.616667 6.783333 6.95 7.116667 7.283333 7.45 7.616667 7.783333 7.95 8.116667 8.283333 8.45 8.616667 8.783333 8.95 9.116667 9.283333 9.45 9.616667 9.783333 9.95 10.11667 10.28333 10.45 10.61667 10.78333 10.95 11.11667 11.28333 11.45 11.61667 11.78333 11.95 12.11667 12.28333 12.45 12.61667 12.78333 12.95 13.11667 13.28333 13.45 13.61667 13.78333 13.95 14.11667 14.28333 14.45 14.61667 14.78333 14.95 15.11667 15.28333 15.45 15.61667 15.78333 15.95 16.11667 16.28333 16.45 16.61667 16.78333 16.95 17.11667 17.28333 17.45 17.61667 17.78333 17.95 18.11667 18.28333 18.45 18.61667 18.78333 18.95 19.11667 19.28333 19.45 19.61667 19.78333 19.95 20.11667 20.28333 20.45 20.61667 20.78333 20.95 21.11667 21.28333 21.45 21.61667 21.78333 21.95 22.11667 22.28333 22.45 22.61667 22.78333 22.95 23.11667 23.28333 23.45 23.61667 23.78333 23.95 0.1166667 0.2833333 0.45 0.6166667 0.7833333 0.95 1.116667 1.283333 1.45 1.616667 1.783333 1.95 2.116667 2.283333 2.45 2.616667 2.783333 2.95 3.116667 3.283333 3.45 3.616667 3.783333 3.95 4.116667 4.283333 4.45 4.616667 4.783333 4.95 5.116667 5.283333 5.45 5.616667 5.783333 5.95 6.116667 6.283333 6.45 6.616667 6.783333 6.95 7.116667 7.283333 7.45 7.616667 7.783333 7.95 8.116667 8.283333 8.45 8.616667 8.783333 8.95 9.116667 9.283333 9.45 9.616667 9.783333 9.95 10.11667 10.28333 10.45 10.61667 10.78333 10.95 11.11667 11.28333 11.45 11.61667 11.78333 11.95 12.11667 12.28333 12.45 12.61667 12.78333 12.95 13.11667 13.28333 13.45 13.61667 13.78333 13.95 14.11667 14.28333 14.45 14.61667 14.78333 14.95 15.11667 15.28333 15.45 15.61667 15.78333 15.95 16.11667 16.28333 16.45 16.61667 16.78333 16.95 17.11667 17.28333 17.45 17.61667 17.78333 17.95 18.11667 18.28333 18.45 18.61667 18.78333 18.95 19.11667 19.28333 19.45 19.61667 19.78333 19.95 20.11667 20.28333 20.45 20.61667 20.78333 20.95 21.11667 21.28333 21.45 21.61667 21.78333 21.95 22.11667 22.28333 22.45 22.61667 22.78333 22.95 23.11667 23.28333 23.45 23.61667 23.78333 23.95 0.1166667 0.2833333 0.45 0.6166667 0.7833333 0.95 1.116667 1.283333 1.45 1.616667 1.783333 1.95 2.116667 2.283333 2.45 2.616667 2.783333 2.95 3.116667 3.283333 3.45 3.616667 3.783333 3.95 4.116667 4.283333 4.45 4.616667 4.783333 4.95 5.116667 5.283333 5.45 5.616667 5.783333 5.95 6.116667 6.283333 6.45 6.616667 6.783333 6.95 7.116667 7.283333 7.45 7.616667 7.783333 7.95 8.116667 8.283333 8.45 8.616667 8.783333 8.95 9.116667 9.283333 9.45 9.616667 9.783333 9.95 10.11667 10.28333 10.45 10.61667 10.78333 10.95 11.11667 11.28333 11.45 11.61667 11.78333 11.95 12.11667 12.28333 12.45 12.61667 12.78333 12.95 13.11667 13.28333 13.45 13.61667 13.78333 13.95 14.11667 14.28333 14.45 14.61667 14.78333 14.95 15.11667 15.28333 15.45 15.61667 15.78333 15.95 16.11667 16.28333 16.45 16.61667 16.78333 16.95 17.11667 17.28333 17.45 17.61667 17.78333 17.95 18.11667 18.28333 18.45 18.61667 18.78333 18.95 19.11667 19.28333 19.45 19.61667 19.78333 19.95 20.11667 20.28333 20.45 20.61667 20.78333 20.95 21.11667 21.28333 21.45 21.61667 21.78333 21.95 22.11667 22.28333 22.45 22.61667 22.78333 22.95 23.11667 23.28333 23.45 23.61667 23.78333 23.95 0.1166667 0.2833333 0.45 0.6166667 0.7833333 0.95 1.116667 1.283333 1.45 1.616667 1.783333 1.95 2.116667 2.283333 2.45 2.616667 2.783333 2.95 3.116667 3.283333 3.45 3.616667 3.783333 3.95 4.116667 4.283333 4.45 4.616667 4.783333 4.95 5.116667 5.283333 5.45 5.616667 5.783333 5.95 6.116667 6.283333 6.45 6.616667 6.783333 6.95 7.116667 7.283333 7.45 7.616667 7.783333 7.95 8.116667 8.283333 8.45 8.616667 8.783333 8.95 9.116667 9.283333 9.45 9.616667 9.783333 9.95 10.11667 10.28333 10.45 10.61667 10.78333 10.95 11.11667 11.28333 11.45 11.61667 11.78333 11.95 12.11667 12.28333 12.45 12.61667 12.78333 12.95 13.11667 13.28333 13.45 13.61667 13.78333 13.95 14.11667 14.28333 14.45 14.61667 14.78333 14.95 15.11667 15.28333 15.45 15.61667 15.78333 15.95 16.11667 16.28333 16.45 16.61667 16.78333 16.95 17.11667 17.28333 17.45 17.61667 17.78333 17.95 18.11667 18.28333 18.45 18.61667 18.78333 18.95 19.11667 19.28333 19.45 19.61667 19.78333 19.95 20.11667 20.28333 20.45 20.61667 20.78333 20.95 21.11667 21.28333 21.45 21.61667 21.95 22.11667 22.28333 22.45 22.61667 22.78333 22.95 23.11667 23.28333 23.45 23.61667 23.78333 23.95 0.1166667 0.2833333 0.45 0.6166667 0.7833333 0.95 1.116667 1.283333 1.45 1.616667 1.783333 1.95 2.116667 2.283333 2.45 2.616667 2.783333 2.95 3.116667 3.283333 3.45 3.616667 3.783333 3.95 4.116667 4.283333 4.45 4.616667 4.783333 4.95 5.116667 5.283333 5.45 5.616667 5.783333 5.95 6.116667 6.283333 6.45 6.616667 6.783333 6.95 7.116667 7.283333 7.45 7.616667 7.783333 7.95 8.116667 8.283333 8.45 8.616667 8.783333 8.95 9.116667 9.283333 9.45 9.616667 9.783333 9.95 10.11667 10.28333 10.45 10.61667 10.78333 10.95 11.11667 11.28333 11.45 11.61667 11.78333 11.95 12.11667 12.28333 12.45 12.61667 12.95 13.11667 13.28333 13.45 13.61667 13.78333 13.95 14.11667 14.28333 14.45 14.61667 14.78333 14.95 15.11667 15.28333 15.45 15.61667 15.78333 15.95 16.11667 16.28333 16.45 16.61667 16.78333 16.95 17.11667 17.28333 17.45 17.61667 17.78333 17.95 18.11667 18.28333 18.45 18.61667 18.78333 18.95 19.11667 19.28333 19.45 19.61667 19.78333 19.95 20.11667 20.28333 20.45 20.61667 20.78333 20.95 21.11667 21.28333 21.45 21.61667 21.78333 21.95 22.11667 22.28333 22.45 22.61667 22.78333 22.95 23.11667 23.28333 23.45 23.61667 23.78333 23.95 0.1166667 0.2833333 0.45 0.6166667 0.7833333 0.95 1.116667 1.283333 1.45 1.616667 1.783333 1.95 2.116667 2.283333 2.45 2.616667 2.783333 2.95 3.116667 3.283333 3.45 3.616667 3.783333 3.95 4.116667 4.283333 4.45 4.616667 4.783333 4.95 5.116667 5.283333 5.45 5.616667 5.783333 5.95 6.116667 6.283333 6.45 6.616667 6.783333 6.95 7.116667 7.283333 7.45 7.616667 7.783333 7.95 8.116667 8.283333 8.45 8.616667 8.783333 8.95 9.116667 9.283333 9.45 9.616667 9.783333 9.95 10.11667 10.28333 10.45 10.61667 10.78333 10.95 11.11667 11.28333 11.45 11.61667 11.78333 11.95 12.11667 12.28333 12.45 12.61667 12.78333 12.95 13.11667 13.28333 13.45 13.61667 13.78333 13.95 14.11667 14.28333 14.45 14.61667 14.78333 14.95 15.11667 15.28333 15.45 15.61667 15.78333 15.95 16.11667 16.28333 16.45 16.61667 16.78333 16.95 17.11667 17.28333 17.45 17.61667 17.78333 17.95 18.11667 18.28333 18.45 18.61667 18.78333 18.95 19.11667 19.28333 19.45 19.61667 19.78333 19.95 20.11667 20.28333 20.45 20.61667 20.78333 20.95 21.11667 21.28333 21.45 21.61667 21.78333 21.95 22.11667 22.28333 22.45 22.61667 22.78333 22.95 23.11667 23.28333 23.45 23.61667 23.78333 23.95 

# Interval 
 0 0.1666667 0.3333333 0.5 0.6666667 0.8333333 1 1.166667 1.333333 1.5 1.666667 1.833333 2 2.166667 2.333333 2.5 2.666667 2.833333 3 3.166667 3.333333 3.5 3.666667 3.833333 4 4.166667 4.333333 4.5 4.666667 4.833333 5 5.166667 5.333333 5.5 5.666667 5.833333 6 6.166667 6.333333 6.5 6.666667 6.833333 7 7.166667 7.333333 7.5 7.666667 7.833333 8 8.166667 8.333333 8.5 8.666667 8.833333 9 9.166667 9.333333 9.5 9.666667 9.833333 10 10.16667 10.33333 10.5 10.66667 10.83333 11 11.16667 11.33333 11.5 11.66667 11.83333 12 12.16667 12.33333 12.5 12.66667 12.83333 13 13.16667 13.33333 13.5 13.66667 13.83333 14 14.16667 14.33333 14.5 14.66667 14.83333 15 15.16667 15.33333 15.5 15.66667 15.83333 16 16.16667 16.33333 16.5 16.66667 16.83333 17 17.16667 17.33333 17.5 17.66667 17.83333 18 18.16667 18.33333 18.5 18.66667 18.83333 19 19.16667 19.33333 19.5 19.66667 19.83333 20 20.16667 20.33333 20.5 20.66667 20.83333 21 21.16667 21.33333 21.5 21.66667 21.83333 22 22.16667 22.33333 22.5 22.66667 22.83333 23 23.16667 23.33333 23.5 23.66667 23.83333 24 24.16667 24.33333 24.5 24.66667 24.83333 25 25.16667 25.33333 25.5 25.66667 25.83333 26 26.16667 26.33333 26.5 26.66667 26.83333 27 27.16667 27.33333 27.5 27.66667 27.83333 28 28.16667 28.33333 28.5 28.66667 28.83333 29 29.16667 29.33333 29.5 29.66667 29.83333 30 30.16667 30.33333 30.5 30.66667 30.83333 31 31.16667 31.33333 31.5 31.66667 31.83333 32 32.16667 32.33333 32.5 32.66667 32.83333 33 33.16667 33.33333 33.5 33.66667 33.83333 34 34.16667 34.33333 34.5 34.66667 34.83333 35 35.16667 35.33333 35.5 35.66667 35.83333 36.16667 36.33333 36.5 36.66667 36.83333 37 37.16667 37.33333 37.5 37.66667 37.83333 38 38.16667 38.33333 38.5 38.66667 38.83333 39 39.16667 39.33333 39.5 39.66667 39.83333 40 40.16667 40.33333 40.5 40.66667 40.83333 41 41.16667 41.33333 41.5 41.66667 41.83333 42 42.16667 42.33333 42.5 42.66667 42.83333 43 43.16667 43.33333 43.5 43.66667 43.83333 44 44.16667 44.33333 44.5 44.66667 44.83333 45 45.16667 45.33333 45.5 45.66667 45.83333 46 46.16667 46.33333 46.5 46.66667 46.83333 47 47.16667 47.33333 47.5 47.66667 47.83333 48 48.16667 48.33333 48.5 48.66667 48.83333 49 49.16667 49.33333 49.5 49.66667 49.83333 50 50.16667 50.33333 50.5 50.66667 50.83333 51 51.16667 51.33333 51.5 51.66667 51.83333 52 52.16667 52.33333 52.5 52.66667 52.83333 53 53.16667 53.33333 53.5 53.66667 53.83333 54 54.16667 54.33333 54.5 54.66667 54.83333 55 55.16667 55.33333 55.5 55.66667 55.83333 56 56.16667 56.33333 56.5 56.66667 56.83333 57 57.16667 57.33333 57.5 57.66667 57.83333 58 58.16667 58.33333 58.5 58.66667 58.83333 59 59.16667 59.33333 59.5 59.66667 59.83333 60 60.16667 60.33333 60.5 60.66667 60.83333 61 61.16667 61.33333 61.5 61.66667 61.83333 62 62.16667 62.33333 62.5 62.66667 62.83333 63 63.16667 63.33333 63.5 63.66667 63.83333 64 64.16667 64.33333 64.5 64.66667 64.83333 65 65.16667 65.33333 65.5 65.66667 65.83333 66 66.16667 66.33333 66.5 66.66667 66.83333 67 67.16667 67.33333 67.5 67.66667 67.83333 68 68.16667 68.33333 68.5 68.66667 68.83333 69 69.16667 69.33333 69.66667 69.83333 70 70.16667 70.33333 70.5 70.66667 70.83333 71 71.16667 71.33333 71.5 71.66667 71.83333 72 72.16667 72.33333 72.5 72.66667 72.83333 73 73.16667 73.33333 73.5 73.66667 73.83333 74 74.16667 74.33333 74.5 74.66667 74.83333 75 75.16667 75.33333 75.5 75.66667 75.83333 76 76.16667 76.33333 76.5 76.66667 76.83333 77 77.16667 77.33333 77.5 77.66667 77.83333 78 78.16667 78.33333 78.5 78.66667 78.83333 79 79.16667 79.33333 79.5 79.66667 79.83333 80 80.16667 80.33333 80.5 80.66667 80.83333 81 81.16667 81.33333 81.5 81.66667 81.83333 82 82.16667 82.33333 82.5 82.66667 82.83333 83 83.16667 83.33333 83.5 83.66667 83.83333 84 84.16667 84.33333 84.5 84.66667 84.83333 85 85.16667 85.33333 85.5 85.66667 85.83333 86 86.16667 86.33333 86.5 86.66667 86.83333 87 87.16667 87.33333 87.5 87.66667 87.83333 88 88.16667 88.33333 88.5 88.66667 88.83333 89 89.16667 89.33333 89.5 89.66667 89.83333 90 90.16667 90.33333 90.5 90.66667 90.83333 91 91.16667 91.33333 91.5 91.66667 91.83333 92 92.16667 92.33333 92.5 92.66667 92.83333 93 93.16667 93.33333 93.5 93.66667 93.83333 94 94.16667 94.33333 94.5 94.66667 94.83333 95 95.16667 95.33333 95.5 95.66667 95.83333 96 96.16667 96.33333 96.5 96.66667 96.83333 97 97.16667 97.33333 97.5 97.66667 97.83333 98 98.16667 98.33333 98.5 98.66667 98.83333 99 99.16667 99.33333 99.5 99.66667 99.83333 100 100.1667 100.3333 100.5 100.6667 100.8333 101 101.1667 101.3333 101.5 101.6667 101.8333 102 102.1667 102.3333 102.5 102.6667 102.8333 103 103.1667 103.3333 103.5 103.6667 103.8333 104 104.1667 104.3333 104.5 104.6667 104.8333 105 105.1667 105.3333 105.5 105.6667 105.8333 106 106.1667 106.3333 106.5 106.6667 106.8333 107 107.1667 107.3333 107.5 107.6667 107.8333 108 108.1667 108.3333 108.5 108.6667 108.8333 109 109.1667 109.3333 109.5 109.8333 110 110.1667 110.3333 110.5 110.6667 110.8333 111 111.1667 111.3333 111.5 111.6667 111.8333 112 112.1667 112.3333 112.5 112.6667 112.8333 113 113.1667 113.3333 113.5 113.6667 113.8333 114 114.1667 114.3333 114.5 114.6667 114.8333 115 115.1667 115.3333 115.5 115.6667 115.8333 116 116.1667 116.3333 116.5 116.6667 116.8333 117 117.1667 117.3333 117.5 117.6667 117.8333 118 118.1667 118.3333 118.5 118.6667 118.8333 119 119.1667 119.3333 119.5 119.6667 119.8333 120 120.1667 120.3333 120.5 120.6667 120.8333 121 121.1667 121.3333 121.5 121.6667 121.8333 122 122.1667 122.3333 122.5 122.6667 122.8333 123 123.1667 123.3333 123.5 123.6667 123.8333 124 124.1667 124.3333 124.5 124.6667 124.8333 125 125.1667 125.3333 125.5 125.6667 125.8333 126 126.1667 126.3333 126.5 126.6667 126.8333 127 127.1667 127.3333 127.5 127.6667 127.8333 128 128.1667 128.3333 128.5 128.6667 128.8333 129 129.1667 129.3333 129.5 129.6667 129.8333 130 130.1667 130.3333 130.5 130.6667 130.8333 131 131.1667 131.3333 131.5 131.6667 131.8333 132.1667 132.3333 132.5 132.6667 132.8333 133 133.1667 133.3333 133.5 133.6667 133.8333 134 134.1667 134.3333 134.5 134.6667 134.8333 135 135.1667 135.3333 135.5 135.6667 135.8333 136 136.1667 136.3333 136.5 136.6667 136.8333 137 137.1667 137.3333 137.5 137.6667 137.8333 138 138.1667 138.3333 138.5 138.6667 138.8333 139 139.1667 139.3333 139.5 139.6667 139.8333 140 140.1667 140.3333 140.5 140.6667 140.8333 141 141.1667 141.3333 141.5 141.6667 141.8333 142 142.1667 142.3333 142.5 142.6667 142.8333 143 143.1667 143.3333 143.5 143.6667 143.8333 144 144.1667 144.3333 144.5 144.6667 144.8333 145 145.1667 145.3333 145.5 145.6667 145.8333 146 146.1667 146.3333 146.5 146.6667 146.8333 147 147.1667 147.3333 147.5 147.6667 147.8333 148 148.1667 148.3333 148.5 148.6667 148.8333 149 149.1667 149.3333 149.5 149.6667 149.8333 150 150.1667 150.3333 150.5 150.6667 150.8333 151 151.1667 151.3333 151.5 151.6667 151.8333 152 152.1667 152.3333 152.5 152.6667 152.8333 153 153.1667 153.3333 153.5 153.6667 153.8333 154 154.1667 154.3333 154.5 154.6667 154.8333 155 155.1667 155.3333 155.5 155.6667 155.8333 156.1667 156.3333 156.5 156.6667 156.8333 157 157.1667 157.3333 157.5 157.6667 157.8333 158 158.1667 158.3333 158.5 158.6667 158.8333 159 159.1667 159.3333 159.5 159.6667 159.8333 160 160.1667 160.3333 160.5 160.6667 160.8333 161 161.1667 161.3333 161.5 161.6667 161.8333 162 162.1667 162.3333 162.5 162.6667 162.8333 163 163.1667 163.3333 163.5 163.6667 163.8333 164 164.1667 164.3333 164.5 164.6667 164.8333 165 165.1667 165.3333 165.5 165.6667 165.8333 166 166.1667 166.6667 166.8333 167 167.1667 167.3333 167.5 167.6667 167.8333 168 168.1667 168.3333 168.5 168.6667 168.8333 169 169.1667 169.3333 169.5 169.6667 169.8333 170 170.1667 170.3333 170.5 170.6667 170.8333 171 171.1667 171.3333 171.5 171.6667 172.3333 172.5 172.6667 172.8333 173 173.1667 173.3333 173.5 173.6667 173.8333 174 174.1667 174.3333 174.5 174.6667 174.8333 175 175.1667 175.3333 175.5 175.6667 175.8333 176 176.1667 176.3333 176.5 176.6667 176.8333 177 177.1667 177.3333 177.5 177.6667 177.8333 178 178.1667 178.3333 178.5 178.6667 178.8333 179 179.1667 179.3333 179.5 179.6667 179.8333 180 180.1667 180.3333 180.5 180.6667 180.8333 181 181.1667 181.3333 181.5 181.6667 181.8333 182 182.1667 182.3333 182.5 182.6667 182.8333 183 183.1667 183.3333 183.5 183.6667 183.8333 184 184.1667 184.3333 184.5 184.6667 184.8333 185 185.1667 185.3333 185.5 185.6667 185.8333 186 186.1667 186.3333 186.5 186.6667 186.8333 187 187.1667 187.3333 187.5 187.6667 187.8333 188 188.1667 188.3333 188.5 188.6667 188.8333 189 189.1667 189.3333 189.5 189.6667 189.8333 190 190.1667 190.3333 190.5 190.6667 190.8333 191 191.1667 191.3333 191.5 191.6667 191.8333 192 192.1667 192.3333 192.5 192.6667 192.8333 193 193.1667 193.3333 193.5 193.6667 193.8333 194 194.1667 194.3333 194.5 194.6667 194.8333 195 195.1667 195.3333 195.5 195.6667 195.8333 196 196.1667 196.3333 196.5 196.6667 196.8333 197 197.1667 197.3333 197.5 197.6667 197.8333 198 198.1667 198.3333 198.5 198.6667 198.8333 199 199.1667 199.3333 199.5 199.6667 199.8333 200 200.1667 200.3333 200.5 200.6667 200.8333 201 201.1667 201.3333 201.5 201.6667 201.8333 202 202.1667 202.3333 202.5 202.6667 202.8333 203 203.1667 203.3333 203.5 203.6667 203.8333 204 204.1667 204.3333 204.5 204.6667 204.8333 205 205.1667 205.3333 205.5 205.6667 205.8333 206 206.1667 206.3333 206.5 206.6667 206.8333 207 207.1667 207.3333 207.5 207.6667 207.8333 208 208.1667 208.3333 208.5 208.6667 208.8333 209 209.1667 209.3333 209.5 209.6667 209.8333 210 210.1667 210.3333 210.5 210.6667 210.8333 211 211.1667 211.3333 211.5 211.6667 211.8333 212 212.1667 212.3333 212.5 212.6667 212.8333 213 213.1667 213.3333 213.5 213.6667 213.8333 214 214.1667 214.3333 214.5 214.6667 214.8333 215 215.1667 215.3333 215.5 215.6667 215.8333 216 216.1667 216.3333 216.5 216.6667 216.8333 217 217.1667 217.3333 217.5 217.6667 217.8333 218 218.1667 218.3333 218.5 218.6667 218.8333 219 219.1667 219.3333 219.5 219.6667 219.8333 220 220.1667 220.3333 220.5 220.6667 220.8333 221 221.1667 221.3333 221.5 221.6667 221.8333 222 222.1667 222.3333 222.5 222.6667 222.8333 223 223.1667 223.3333 223.5 223.6667 223.8333 224 224.1667 224.3333 224.5 224.6667 224.8333 225 225.1667 225.3333 225.5 225.6667 225.8333 226 226.1667 226.3333 226.5 226.6667 226.8333 227 227.1667 227.3333 227.5 227.6667 227.8333 228 228.1667 228.3333 228.5 228.6667 228.8333 229 229.1667 229.3333 229.5 229.6667 229.8333 230 230.1667 230.3333 230.5 230.6667 230.8333 231 231.1667 231.3333 231.5 231.6667 231.8333 232 232.1667 232.3333 232.5 232.6667 232.8333 233 233.1667 233.3333 233.5 233.6667 233.8333 234 234.1667 234.3333 234.5 234.6667 234.8333 235 235.1667 235.3333 235.5 235.6667 235.8333 236 236.1667 236.3333 236.5 236.6667 236.8333 237 237.1667 237.3333 237.5 237.6667 237.8333 238 238.1667 238.3333 238.5 238.6667 238.8333 239 239.1667 239.3333 239.5 239.6667 239.8333 240 240.1667 240.3333 240.5 240.6667 240.8333 241 241.1667 241.3333 241.5 241.6667 241.8333 242 242.1667 242.3333 242.5 242.6667 242.8333 243 243.1667 243.3333 243.5 243.6667 243.8333 244 244.1667 244.3333 244.5 244.6667 244.8333 245 245.1667 245.3333 245.5 245.6667 245.8333 246 246.1667 246.3333 246.5 246.6667 246.8333 247 247.1667 247.3333 247.5 247.6667 247.8333 248 248.1667 248.3333 248.5 248.6667 248.8333 249 249.1667 249.3333 249.5 249.6667 249.8333 250 250.1667 250.3333 250.5 250.6667 250.8333 251 251.1667 251.3333 251.5 251.6667 251.8333 252 252.1667 252.3333 252.5 252.6667 252.8333 253 253.1667 253.3333 253.5 253.6667 253.8333 254 254.1667 254.3333 254.5 254.6667 254.8333 255 255.1667 255.3333 255.5 255.6667 255.8333 256 256.1667 256.3333 256.5 256.6667 256.8333 257 257.1667 257.3333 257.5 257.6667 257.8333 258 258.1667 258.3333 258.5 258.6667 258.8333 259 259.1667 259.3333 259.5 259.6667 259.8333 260 260.1667 260.3333 260.5 260.6667 260.8333 261 261.1667 261.3333 261.5 261.8333 262 262.1667 262.3333 262.5 262.6667 262.8333 263 263.1667 263.3333 263.5 263.6667 263.8333 264 264.1667 264.3333 264.5 264.6667 264.8333 265 265.1667 265.3333 265.5 265.6667 265.8333 266 266.1667 266.3333 266.5 266.6667 266.8333 267 267.1667 267.3333 267.5 267.6667 267.8333 268 268.1667 268.3333 268.5 268.6667 268.8333 269 269.1667 269.3333 269.5 269.6667 269.8333 270 270.1667 270.3333 270.5 270.6667 270.8333 271 271.1667 271.3333 271.5 271.6667 271.8333 272 272.1667 272.3333 272.5 272.6667 272.8333 273 273.1667 273.3333 273.5 273.6667 273.8333 274 274.1667 274.3333 274.5 274.6667 274.8333 275 275.1667 275.3333 275.5 275.6667 275.8333 276 276.1667 276.3333 276.5 276.8333 277 277.1667 277.3333 277.5 277.6667 277.8333 278 278.1667 278.3333 278.5 278.6667 278.8333 279 279.1667 279.3333 279.5 279.6667 279.8333 280 280.1667 280.3333 280.5 280.6667 280.8333 281 281.1667 281.3333 281.5 281.6667 281.8333 282 282.1667 282.3333 282.5 282.6667 282.8333 283 283.1667 283.3333 283.5 283.6667 283.8333 284 284.1667 284.3333 284.5 284.6667 284.8333 285 285.1667 285.3333 285.5 285.6667 285.8333 286 286.1667 286.3333 286.5 286.6667 286.8333 287 287.1667 287.3333 287.5 287.6667 287.8333 288 288.1667 288.3333 288.5 288.6667 288.8333 289 289.1667 289.3333 289.5 289.6667 289.8333 290 290.1667 290.3333 290.5 290.6667 290.8333 291 291.1667 291.3333 291.5 291.6667 291.8333 292 292.1667 292.3333 292.5 292.6667 292.8333 293 293.1667 293.3333 293.5 293.6667 293.8333 294 294.1667 294.3333 294.5 294.6667 294.8333 295 295.1667 295.3333 295.5 295.6667 295.8333 296 296.1667 296.3333 296.5 296.6667 296.8333 297 297.1667 297.3333 297.5 297.6667 297.8333 298 298.1667 298.3333 298.5 298.6667 298.8333 299 299.1667 299.3333 299.5 299.6667 299.8333 300 300.1667 300.3333 300.5 300.6667 300.8333 301 301.1667 301.3333 301.5 301.6667 301.8333 302 302.1667 302.3333 302.5 302.6667 302.8333 303 303.1667 303.3333 303.5 303.6667 303.8333 304 304.1667 304.3333 304.5 304.6667 304.8333 305 305.1667 305.3333 305.5 305.6667 305.8333 306 306.1667 306.3333 306.5 306.6667 306.8333 307 307.1667 307.3333 307.5 307.6667 307.8333 308 308.1667 308.3333 308.5 308.6667 308.8333 309 309.1667 309.3333 309.5 309.6667 309.8333 310 310.1667 310.3333 310.5 310.6667 310.8333 311 311.1667 311.3333 311.5 311.6667 311.8333 

# O2data 
 7.751 7.747 7.762 7.754 7.765 7.777 7.784 7.79 7.795 7.795 7.817 7.819 7.826 7.829 7.841 7.847 7.849 7.861 7.852 7.864 7.875 7.863 7.892 7.899 7.9 7.905 7.91 7.93 7.937 7.928 7.926 7.933 7.925 7.932 7.931 7.94 7.95 7.95 7.945 7.949 7.955 7.958 7.974 7.998 8.02 8.028 8.042 8.063 8.086 8.087 8.082 8.083 8.077 8.076 8.086 8.088 8.091 8.099 8.098 8.102 8.117 8.13 8.138 8.155 8.183 8.179 8.194 8.184 8.2 8.205 8.197 8.206 8.23 8.224 8.235 8.208 8.172 8.121 8.1 8.077 8.081 8.067 8.006 8.014 7.977 7.946 7.887 7.833 7.82 7.791 7.77 7.75 7.722 7.689 7.666 7.661 7.656 7.63 7.62 7.603 7.598 7.593 7.577 7.576 7.581 7.569 7.573 7.554 7.538 7.542 7.536 7.523 7.528 7.523 7.515 7.512 7.515 7.502 7.507 7.501 7.488 7.496 7.481 7.489 7.483 7.485 7.483 7.483 7.482 7.481 7.481 7.486 7.494 7.492 7.51 7.508 7.518 7.524 7.515 7.535 7.54 7.541 7.541 7.555 7.564 7.568 7.579 7.572 7.584 7.587 7.598 7.607 7.613 7.61 7.616 7.638 7.648 7.651 7.664 7.667 7.666 7.678 7.682 7.697 7.708 7.706 7.723 7.73 7.73 7.735 7.747 7.765 7.771 7.779 7.789 7.807 7.809 7.82 7.832 7.833 7.849 7.858 7.873 7.883 7.902 7.909 7.917 7.948 7.954 7.981 7.99 8.003 8.024 8.029 8.048 8.064 8.08 8.095 8.109 8.116 8.123 8.132 8.147 8.151 8.166 8.168 8.191 8.226 8.249 8.239 8.256 8.27 8.264 8.276 8.264 8.281 8.312 8.32 8.295 8.262 8.213 8.194 8.17 8.198 8.162 8.135 8.124 8.118 8.043 8.011 7.977 7.955 7.925 7.896 7.876 7.886 7.88 7.841 7.86 7.859 7.83 7.777 7.744 7.726 7.694 7.666 7.644 7.644 7.626 7.612 7.596 7.585 7.583 7.575 7.57 7.556 7.546 7.539 7.535 7.53 7.526 7.518 7.517 7.507 7.507 7.497 7.491 7.484 7.477 7.473 7.472 7.481 7.485 7.486 7.503 7.494 7.494 7.511 7.508 7.5 7.525 7.528 7.528 7.535 7.54 7.539 7.551 7.552 7.568 7.568 7.588 7.591 7.598 7.607 7.622 7.626 7.638 7.638 7.651 7.657 7.656 7.676 7.673 7.688 7.698 7.704 7.713 7.73 7.734 7.755 7.752 7.759 7.765 7.785 7.795 7.803 7.811 7.814 7.827 7.844 7.839 7.858 7.865 7.877 7.888 7.896 7.909 7.921 7.954 7.954 7.969 7.997 8.01 8.032 8.039 8.071 8.07 8.088 8.09 8.112 8.125 8.142 8.134 8.145 8.152 8.161 8.178 8.188 8.197 8.218 8.243 8.276 8.277 8.307 8.311 8.325 8.33 8.33 8.352 8.388 8.383 8.39 8.354 8.325 8.283 8.249 8.24 8.248 8.23 8.216 8.196 8.179 8.176 8.151 8.136 8.108 8.097 8.075 8.045 8.06 8.027 7.998 7.961 7.934 7.898 7.863 7.837 7.811 7.797 7.766 7.754 7.744 7.738 7.714 7.697 7.686 7.677 7.662 7.637 7.631 7.614 7.607 7.587 7.587 7.564 7.565 7.55 7.537 7.53 7.523 7.504 7.5 7.488 7.485 7.489 7.486 7.485 7.483 7.477 7.473 7.482 7.484 7.498 7.51 7.507 7.516 7.516 7.527 7.532 7.543 7.553 7.554 7.548 7.568 7.583 7.592 7.598 7.604 7.61 7.62 7.629 7.637 7.639 7.658 7.663 7.668 7.682 7.684 7.694 7.691 7.697 7.724 7.722 7.736 7.733 7.748 7.752 7.768 7.775 7.782 7.797 7.798 7.806 7.817 7.82 7.837 7.847 7.852 7.858 7.87 7.886 7.892 7.916 7.937 7.952 7.962 7.984 7.998 8.018 8.047 8.107 8.164 8.202 8.274 8.303 8.288 8.334 8.371 8.384 8.43 8.451 8.465 8.488 8.466 8.463 8.465 8.486 8.486 8.468 8.438 8.444 8.487 8.516 8.534 8.536 8.461 8.391 8.342 8.291 8.286 8.33 8.331 8.333 8.29 8.284 8.262 8.265 8.254 8.231 8.184 8.127 8.111 8.074 8.092 8.074 7.969 7.877 7.814 7.749 7.752 7.814 7.823 7.816 7.862 7.944 7.958 7.87 7.807 7.77 7.733 7.72 7.74 7.797 7.748 7.728 7.714 7.692 7.684 7.708 7.704 7.685 7.662 7.642 7.62 7.601 7.591 7.58 7.578 7.58 7.576 7.586 7.588 7.587 7.592 7.589 7.594 7.597 7.602 7.604 7.62 7.615 7.621 7.628 7.631 7.644 7.646 7.653 7.664 7.668 7.666 7.683 7.69 7.693 7.71 7.72 7.721 7.724 7.73 7.749 7.756 7.751 7.754 7.765 7.765 7.771 7.777 7.793 7.809 7.807 7.815 7.815 7.804 7.816 7.817 7.828 7.828 7.838 7.837 7.844 7.847 7.853 7.844 7.851 7.867 7.879 7.89 7.913 7.938 7.955 7.97 7.984 8.003 8.054 8.043 8.069 8.066 8.055 8.066 8.073 8.077 8.069 8.084 8.117 8.141 8.147 8.191 8.239 8.322 8.376 8.386 8.395 8.422 8.365 8.348 8.338 8.386 8.432 8.414 8.4 8.376 8.357 8.326 8.35 8.286 8.2 8.141 8.225 8.276 8.282 8.305 8.31 8.307 8.277 8.25 8.248 8.247 8.247 8.24 8.226 8.229 8.205 8.179 8.184 8.151 8.121 8.112 8.086 8.067 8.06 7.995 7.967 7.969 7.952 7.926 7.883 7.887 7.89 7.898 7.879 7.839 7.815 7.815 7.802 7.772 7.775 7.76 7.742 7.739 7.732 7.732 7.731 7.731 7.732 7.739 7.747 7.739 7.749 7.748 7.758 7.765 7.762 7.773 7.779 7.791 7.791 7.797 7.796 7.806 7.81 7.821 7.824 7.836 7.841 7.845 7.855 7.858 7.858 7.869 7.882 7.891 7.9 7.897 7.911 7.919 7.934 7.936 7.943 7.943 7.965 7.961 7.978 7.984 7.991 7.986 7.995 8.009 8.018 8.023 8.036 8.042 8.046 8.054 8.051 8.065 8.073 8.077 8.096 8.124 8.123 8.124 8.143 8.163 8.174 8.207 8.216 8.279 8.3 8.282 8.263 8.26 8.293 8.346 8.402 8.441 8.432 8.397 8.411 8.409 8.39 8.372 8.391 8.395 8.403 8.42 8.426 8.427 8.429 8.433 8.466 8.49 8.483 8.445 8.413 8.379 8.336 8.312 8.324 8.316 8.289 8.286 8.288 8.241 8.205 8.144 8.118 8.102 8.093 8.057 8.032 7.999 7.989 7.981 7.974 7.98 7.975 8.013 8.008 7.943 7.866 7.843 7.844 7.838 7.797 7.798 7.821 7.779 7.777 7.76 7.72 7.694 7.68 7.663 7.666 7.687 7.69 7.664 7.629 7.612 7.6 7.588 7.575 7.568 7.565 7.564 7.569 7.568 7.576 7.579 7.574 7.578 7.586 7.592 7.597 7.599 7.602 7.607 7.61 7.611 7.62 7.633 7.63 7.642 7.643 7.655 7.66 7.676 7.683 7.683 7.689 7.69 7.699 7.704 7.715 7.72 7.732 7.734 7.747 7.75 7.761 7.763 7.767 7.786 7.792 7.793 7.814 7.805 7.829 7.83 7.838 7.847 7.847 7.848 7.863 7.869 7.88 7.886 7.9 7.905 7.909 7.916 7.922 7.94 7.962 7.972 7.998 8.009 8.027 8.048 8.056 8.074 8.097 8.106 8.113 8.12 8.13 8.146 8.167 8.176 8.195 8.221 8.233 8.261 8.283 8.317 8.348 8.346 8.356 8.353 8.366 8.358 8.356 8.354 8.426 8.419 8.382 8.348 8.293 8.254 8.225 8.244 8.24 8.189 8.18 8.149 8.078 8.06 8.012 7.992 7.965 7.934 7.899 7.877 7.842 7.821 7.801 7.787 7.782 7.748 7.741 7.718 7.693 7.666 7.663 7.662 7.674 7.671 7.705 7.699 7.699 7.713 7.713 7.717 7.696 7.649 7.637 7.615 7.556 7.517 7.474 7.451 7.425 7.392 7.371 7.362 7.355 7.344 7.337 7.328 7.333 7.326 7.328 7.324 7.309 7.3 7.299 7.315 7.322 7.329 7.33 7.335 7.342 7.34 7.343 7.36 7.359 7.371 7.373 7.377 7.38 7.382 7.388 7.389 7.401 7.399 7.408 7.411 7.42 7.418 7.418 7.432 7.43 7.438 7.439 7.443 7.461 7.46 7.476 7.48 7.475 7.483 7.486 7.499 7.489 7.518 7.509 7.533 7.525 7.537 7.553 7.552 7.574 7.6 7.642 7.669 7.699 7.722 7.755 7.773 7.783 7.812 7.814 7.807 7.81 7.804 7.807 7.814 7.823 7.859 7.855 7.873 7.884 7.913 7.927 7.946 7.961 7.969 7.995 7.988 8.013 8.046 8.106 8.124 8.151 8.112 8.114 8.06 8.019 8.002 7.996 7.996 8.037 8.047 8.002 8.001 7.96 7.95 7.94 7.961 7.96 7.928 7.901 7.848 7.823 7.805 7.779 7.768 7.738 7.72 7.709 7.71 7.709 7.734 7.713 7.68 7.622 7.602 7.584 7.572 7.556 7.557 7.535 7.523 7.506 7.483 7.461 7.434 7.418 7.388 7.372 7.34 7.327 7.309 7.279 7.267 7.253 7.247 7.234 7.239 7.236 7.227 7.231 7.23 7.234 7.229 7.237 7.228 7.238 7.245 7.233 7.255 7.258 7.271 7.251 7.26 7.275 7.268 7.277 7.295 7.293 7.303 7.313 7.316 7.327 7.334 7.345 7.345 7.364 7.369 7.366 7.381 7.401 7.402 7.411 7.395 7.403 7.411 7.427 7.431 7.442 7.442 7.451 7.465 7.465 7.475 7.482 7.5 7.502 7.515 7.526 7.534 7.538 7.547 7.554 7.586 7.596 7.618 7.572 7.676 7.717 7.74 7.772 7.807 7.84 7.866 7.893 7.934 7.972 8 8.039 8.053 8.075 8.115 8.134 8.172 8.212 8.246 8.27 8.3 8.319 8.346 8.379 8.393 8.43 8.445 8.485 8.498 8.497 8.473 8.462 8.441 8.407 8.389 8.389 8.39 8.377 8.338 8.306 8.255 8.201 8.161 8.127 8.095 8.063 8.032 8.015 7.968 7.937 7.911 7.891 7.881 7.85 7.83 7.81 7.775 7.742 7.727 7.699 7.683 7.676 7.654 7.65 7.624 7.607 7.591 7.582 7.572 7.558 7.544 7.529 7.509 7.499 7.47 7.445 7.423 7.4 7.376 7.351 7.339 7.314 7.312 7.295 7.289 7.291 7.294 7.292 7.297 7.295 7.299 7.301 7.298 7.305 7.298 7.309 7.304 7.307 7.315 7.324 7.342 7.326 7.334 7.35 7.352 7.353 7.367 7.376 7.377 7.4 7.397 7.409 7.418 7.426 7.433 7.442 7.452 7.46 7.463 7.476 7.484 7.498 7.504 7.518 7.526 7.531 7.547 7.555 7.563 7.574 7.586 7.59 7.59 7.607 7.632 7.639 7.645 7.655 7.656 7.676 7.687 7.709 7.726 7.753 7.788 7.799 7.832 7.861 7.881 7.923 7.956 7.975 7.99 8.012 8.033 8.042 8.08 8.094 8.09 8.123 8.123 8.167 8.199 8.237 8.26 8.277 8.29 8.311 8.318 8.332 8.363 8.414 8.43 8.46 8.454 8.451 8.418 8.363 8.315 8.315 8.346 8.289 8.273 8.255 8.188 8.159 8.102 8.069 8.04 8.056 8.025 8.042 8.036 8.054 8.032 8.004 7.987 7.95 7.911 7.86 7.826 7.778 7.748 7.723 7.685 7.673 7.642 7.638 7.606 7.589 7.577 7.566 7.56 7.556 7.53 7.535 7.523 7.501 7.49 7.466 7.441 7.424 7.39 7.366 7.341 7.321 7.316 7.301 7.296 7.294 7.291 7.288 7.295 7.287 7.293 7.289 7.293 7.297 7.293 7.303 7.3 7.299 7.306 7.311 7.31 7.322 7.32 7.333 7.341 7.334 7.347 7.338 7.351 7.357 7.351 7.373 7.364 7.383 7.375 7.395 7.391 7.41 7.413 7.417 7.432 7.438 7.444 7.439 7.454 7.479 7.468 7.479 7.477 7.506 7.513 7.519 7.529 7.542 7.548 7.562 7.568 7.576 7.574 7.587 7.612 7.615 7.633 7.667 7.695 7.72 7.758 7.781 7.812 7.845 7.868 7.895 7.917 7.953 7.966 7.987 8.007 8.035 8.051 8.068 8.085 8.112 8.151 8.185 8.217 8.233 8.253 8.264 8.272 8.308 8.336 8.397 8.404 8.438 8.421 8.416 8.38 8.325 8.27 8.267 8.306 8.273 8.241 8.21 8.158 8.118 8.091 8.067 8.05 8.019 8.006 7.986 7.95 7.916 7.872 7.834 7.814 7.792 7.785 7.748 7.719 7.69 7.662 7.646 7.621 7.612 7.594 7.603 7.599 7.603 7.575 7.559 7.554 7.545 7.547 7.53 7.494 7.459 7.439 7.408 7.367 7.336 7.306 7.282 7.263 7.244 7.237 7.234 7.231 7.233 7.228 7.238 7.23 7.239 7.246 7.246 7.249 7.253 7.246 7.255 7.262 7.263 7.269 7.278 7.279 7.28 7.276 7.282 7.298 7.283 7.296 7.302 7.298 7.298 7.322 7.311 7.328 7.329 7.34 7.337 7.344 7.351 7.355 7.378 7.383 7.386 7.378 7.397 7.398 7.407 7.421 7.424 7.437 7.446 7.446 7.463 7.464 7.47 7.479 7.494 7.504 7.496 7.516 7.538 7.546 7.558 7.591 7.623 7.628 7.661 7.692 7.719 7.741 7.763 7.78 7.82 7.853 7.871 7.902 7.912 7.927 7.961 7.977 7.999 8.028 8.104 8.166 8.181 8.194 8.189 8.206 8.193 8.204 8.254 8.284 8.262 8.306 8.332 8.331 8.272 8.218 8.237 8.25 8.246 8.229 8.201 8.169 8.135 8.134 8.139 8.118 8.108 8.122 8.142 8.123 8.11 8.115 8.095 8.067 8.041 8.028 8.01 7.989 7.962 7.921 7.926 7.918 7.862 7.792 7.734 7.691 7.634 7.6 7.553 7.52 7.487 7.464 7.436 7.416 7.383 7.365 7.341 7.316 7.282 7.252 7.225 7.212 7.199 7.184 7.186 7.181 7.171 7.17 7.191 7.189 7.193 7.194 7.2 7.208 7.216 7.214 7.21 7.225 7.238 7.235 7.233 7.245 7.243 7.258 7.249 7.254 7.263 7.262 7.262 7.264 7.281 7.279 7.287 7.298 7.306 7.317 7.301 7.298 7.313 7.332 7.348 7.349 7.35 7.361 7.337 7.374 7.379 7.374 7.382 7.391 7.394 7.397 7.404 7.412 7.424 7.445 7.44 7.439 7.455 7.465 7.455 7.466 7.488 7.496 7.52 7.535 7.583 7.637 7.687 7.726 7.766 7.792 7.86 7.901 7.939 7.961 8.015 8.041 8.103 8.158 8.182 8.219 8.247 8.285 8.292 8.321 8.345 8.339 8.363 8.401 8.433 8.453 8.402 8.366 8.363 8.441 8.489 8.476 8.443 8.418 8.381 8.386 8.382 8.327 8.309 8.249 8.222 8.2 8.178 8.163 8.15 8.11 8.117 8.125 8.096 8.059 8.027 8.01 7.98 7.926 7.89 7.887 7.828 7.806 7.744 7.733 7.727 7.713 7.697 7.647 7.643 7.601 7.603 7.611 7.596 7.551 7.544 7.485 7.449 7.394 7.333 7.275 7.229 7.189 7.156 7.109 7.098 7.063 7.052 7.027 7.022 7.031 7.028 7.003 7.006 7.008 7.01 7.005 7.012 7.005 7.016 6.998 7.017 7.027 

# DOY 
 225 225 225 225 225 225 225 225 225 225 225 225 225 225 225 225 225 225 225 225 225 225 225 225 225 225 225 225 225 225 225 225 225 225 225 225 225 225 225 225 225 225 225 225 225 225 225 225 225 225 225 225 225 225 225 225 225 225 225 225 225 225 225 225 225 225 225 225 225 225 225 225 225 225 225 225 225 225 225 225 225 225 225 225 225 225 225 225 225 225 225 225 225 225 225 225 225 225 225 225 225 225 225 225 225 225 225 225 225 225 225 225 225 225 225 225 225 225 225 225 225 225 225 225 225 225 225 225 225 225 225 225 225 225 225 225 225 225 225 225 225 225 225 225 226 226 226 226 226 226 226 226 226 226 226 226 226 226 226 226 226 226 226 226 226 226 226 226 226 226 226 226 226 226 226 226 226 226 226 226 226 226 226 226 226 226 226 226 226 226 226 226 226 226 226 226 226 226 226 226 226 226 226 226 226 226 226 226 226 226 226 226 226 226 226 226 226 226 226 226 226 226 226 226 226 226 226 226 226 226 226 226 226 226 226 226 226 226 226 226 226 226 226 226 226 226 226 226 226 226 226 226 226 226 226 226 226 226 226 226 226 226 226 226 226 226 226 226 226 226 226 226 226 226 226 226 226 226 226 226 226 226 226 226 226 226 226 227 227 227 227 227 227 227 227 227 227 227 227 227 227 227 227 227 227 227 227 227 227 227 227 227 227 227 227 227 227 227 227 227 227 227 227 227 227 227 227 227 227 227 227 227 227 227 227 227 227 227 227 227 227 227 227 227 227 227 227 227 227 227 227 227 227 227 227 227 227 227 227 227 227 227 227 227 227 227 227 227 227 227 227 227 227 227 227 227 227 227 227 227 227 227 227 227 227 227 227 227 227 227 227 227 227 227 227 227 227 227 227 227 227 227 227 227 227 227 227 227 227 227 227 227 227 227 227 227 227 227 227 227 227 227 227 227 227 227 227 227 227 227 228 228 228 228 228 228 228 228 228 228 228 228 228 228 228 228 228 228 228 228 228 228 228 228 228 228 228 228 228 228 228 228 228 228 228 228 228 228 228 228 228 228 228 228 228 228 228 228 228 228 228 228 228 228 228 228 228 228 228 228 228 228 228 228 228 228 228 228 228 228 228 228 228 228 228 228 228 228 228 228 228 228 228 228 228 228 228 228 228 228 228 228 228 228 228 228 228 228 228 228 228 228 228 228 228 228 228 228 228 228 228 228 228 228 228 228 228 228 228 228 228 228 228 228 228 228 228 228 228 228 228 228 228 228 228 228 228 228 228 228 228 228 228 228 229 229 229 229 229 229 229 229 229 229 229 229 229 229 229 229 229 229 229 229 229 229 229 229 229 229 229 229 229 229 229 229 229 229 229 229 229 229 229 229 229 229 229 229 229 229 229 229 229 229 229 229 229 229 229 229 229 229 229 229 229 229 229 229 229 229 229 229 229 229 229 229 229 229 229 229 229 229 229 229 229 229 229 229 229 229 229 229 229 229 229 229 229 229 229 229 229 229 229 229 229 229 229 229 229 229 229 229 229 229 229 229 229 229 229 229 229 229 229 229 229 229 229 229 229 229 229 229 229 229 229 229 229 229 229 229 229 229 229 229 229 229 229 230 230 230 230 230 230 230 230 230 230 230 230 230 230 230 230 230 230 230 230 230 230 230 230 230 230 230 230 230 230 230 230 230 230 230 230 230 230 230 230 230 230 230 230 230 230 230 230 230 230 230 230 230 230 230 230 230 230 230 230 230 230 230 230 230 230 230 230 230 230 230 230 230 230 230 230 230 230 230 230 230 230 230 230 230 230 230 230 230 230 230 230 230 230 230 230 230 230 230 230 230 230 230 230 230 230 230 230 230 230 230 230 230 230 230 230 230 230 230 230 230 230 230 230 230 230 230 230 230 230 230 230 230 230 230 230 230 230 230 230 230 230 230 231 231 231 231 231 231 231 231 231 231 231 231 231 231 231 231 231 231 231 231 231 231 231 231 231 231 231 231 231 231 231 231 231 231 231 231 231 231 231 231 231 231 231 231 231 231 231 231 231 231 231 231 231 231 231 231 231 231 231 231 231 231 231 231 231 231 231 231 231 231 231 231 231 231 231 231 231 231 231 231 231 231 231 231 231 231 231 231 231 231 231 231 231 231 231 231 231 231 231 231 231 231 231 231 231 231 231 231 231 231 231 231 231 231 231 231 231 231 231 231 231 231 231 231 231 231 231 231 231 231 231 231 231 231 231 231 231 231 231 231 231 232 232 232 232 232 232 232 232 232 232 232 232 232 232 232 232 232 232 232 232 232 232 232 232 232 232 232 232 232 232 232 232 232 232 232 232 232 232 232 232 232 232 232 232 232 232 232 232 232 232 232 232 232 232 232 232 232 232 232 232 232 232 232 232 232 232 232 232 232 232 232 232 232 232 232 232 232 232 232 232 232 232 232 232 232 232 232 232 232 232 232 232 232 232 232 232 232 232 232 232 232 232 232 232 232 232 232 232 232 232 232 232 232 232 232 232 232 232 232 232 232 232 232 232 232 232 232 232 232 232 232 232 232 232 232 232 232 232 232 232 232 233 233 233 233 233 233 233 233 233 233 233 233 233 233 233 233 233 233 233 233 233 233 233 233 233 233 233 233 233 233 233 233 233 233 233 233 233 233 233 233 233 233 233 233 233 233 233 233 233 233 233 233 233 233 233 233 233 233 233 233 233 233 233 233 233 233 233 233 233 233 233 233 233 233 233 233 233 233 233 233 233 233 233 233 233 233 233 233 233 233 233 233 233 233 233 233 233 233 233 233 233 233 233 233 233 233 233 233 233 233 233 233 233 233 233 233 233 233 233 233 233 233 233 233 233 233 233 233 233 233 233 233 233 233 233 233 233 233 233 233 233 233 233 233 234 234 234 234 234 234 234 234 234 234 234 234 234 234 234 234 234 234 234 234 234 234 234 234 234 234 234 234 234 234 234 234 234 234 234 234 234 234 234 234 234 234 234 234 234 234 234 234 234 234 234 234 234 234 234 234 234 234 234 234 234 234 234 234 234 234 234 234 234 234 234 234 234 234 234 234 234 234 234 234 234 234 234 234 234 234 234 234 234 234 234 234 234 234 234 234 234 234 234 234 234 234 234 234 234 234 234 234 234 234 234 234 234 234 234 234 234 234 234 234 234 234 234 234 234 234 234 234 234 234 234 234 234 234 234 234 234 234 234 234 234 234 234 234 235 235 235 235 235 235 235 235 235 235 235 235 235 235 235 235 235 235 235 235 235 235 235 235 235 235 235 235 235 235 235 235 235 235 235 235 235 235 235 235 235 235 235 235 235 235 235 235 235 235 235 235 235 235 235 235 235 235 235 235 235 235 235 235 235 235 235 235 235 235 235 235 235 235 235 235 235 235 235 235 235 235 235 235 235 235 235 235 235 235 235 235 235 235 235 235 235 235 235 235 235 235 235 235 235 235 235 235 235 235 235 235 235 235 235 235 235 235 235 235 235 235 235 235 235 235 235 235 235 235 235 235 235 235 235 235 235 235 235 235 235 235 235 236 236 236 236 236 236 236 236 236 236 236 236 236 236 236 236 236 236 236 236 236 236 236 236 236 236 236 236 236 236 236 236 236 236 236 236 236 236 236 236 236 236 236 236 236 236 236 236 236 236 236 236 236 236 236 236 236 236 236 236 236 236 236 236 236 236 236 236 236 236 236 236 236 236 236 236 236 236 236 236 236 236 236 236 236 236 236 236 236 236 236 236 236 236 236 236 236 236 236 236 236 236 236 236 236 236 236 236 236 236 236 236 236 236 236 236 236 236 236 236 236 236 236 236 236 236 236 236 236 236 236 236 236 236 236 236 236 236 236 236 236 236 236 237 237 237 237 237 237 237 237 237 237 237 237 237 237 237 237 237 237 237 237 237 237 237 237 237 237 237 237 237 237 237 237 237 237 237 237 237 237 237 237 237 237 237 237 237 237 237 237 237 237 237 237 237 237 237 237 237 237 237 237 237 237 237 237 237 237 237 237 237 237 237 237 237 237 237 237 237 237 237 237 237 237 237 237 237 237 237 237 237 237 237 237 237 237 237 237 237 237 237 237 237 237 237 237 237 237 237 237 237 237 237 237 237 237 237 237 237 237 237 237 237 237 237 237 237 237 237 237 237 237 237 237 237 237 237 237 237 237 237 237 237 237 237 237 

# TOD 
 0.1166667 0.2833333 0.45 0.6166667 0.7833333 0.95 1.116667 1.283333 1.45 1.616667 1.783333 1.95 2.116667 2.283333 2.45 2.616667 2.783333 2.95 3.116667 3.283333 3.45 3.616667 3.783333 3.95 4.116667 4.283333 4.45 4.616667 4.783333 4.95 5.116667 5.283333 5.45 5.616667 5.783333 5.95 6.116667 6.283333 6.45 6.616667 6.783333 6.95 7.116667 7.283333 7.45 7.616667 7.783333 7.95 8.116667 8.283333 8.45 8.616667 8.783333 8.95 9.116667 9.283333 9.45 9.616667 9.783333 9.95 10.11667 10.28333 10.45 10.61667 10.78333 10.95 11.11667 11.28333 11.45 11.61667 11.78333 11.95 12.11667 12.28333 12.45 12.61667 12.78333 12.95 13.11667 13.28333 13.45 13.61667 13.78333 13.95 14.11667 14.28333 14.45 14.61667 14.78333 14.95 15.11667 15.28333 15.45 15.61667 15.78333 15.95 16.11667 16.28333 16.45 16.61667 16.78333 16.95 17.11667 17.28333 17.45 17.61667 17.78333 17.95 18.11667 18.28333 18.45 18.61667 18.78333 18.95 19.11667 19.28333 19.45 19.61667 19.78333 19.95 20.11667 20.28333 20.45 20.61667 20.78333 20.95 21.11667 21.28333 21.45 21.61667 21.78333 21.95 22.11667 22.28333 22.45 22.61667 22.78333 22.95 23.11667 23.28333 23.45 23.61667 23.78333 23.95 0.1166667 0.2833333 0.45 0.6166667 0.7833333 0.95 1.116667 1.283333 1.45 1.616667 1.783333 1.95 2.116667 2.283333 2.45 2.616667 2.783333 2.95 3.116667 3.283333 3.45 3.616667 3.783333 3.95 4.116667 4.283333 4.45 4.616667 4.783333 4.95 5.116667 5.283333 5.45 5.616667 5.783333 5.95 6.116667 6.283333 6.45 6.616667 6.783333 6.95 7.116667 7.283333 7.45 7.616667 7.783333 7.95 8.116667 8.283333 8.45 8.616667 8.783333 8.95 9.116667 9.283333 9.45 9.616667 9.783333 9.95 10.11667 10.28333 10.45 10.61667 10.78333 10.95 11.11667 11.28333 11.45 11.61667 11.78333 11.95 12.28333 12.45 12.61667 12.78333 12.95 13.11667 13.28333 13.45 13.61667 13.78333 13.95 14.11667 14.28333 14.45 14.61667 14.78333 14.95 15.11667 15.28333 15.45 15.61667 15.78333 15.95 16.11667 16.28333 16.45 16.61667 16.78333 16.95 17.11667 17.28333 17.45 17.61667 17.78333 17.95 18.11667 18.28333 18.45 18.61667 18.78333 18.95 19.11667 19.28333 19.45 19.61667 19.78333 19.95 20.11667 20.28333 20.45 20.61667 20.78333 20.95 21.11667 21.28333 21.45 21.61667 21.78333 21.95 22.11667 22.28333 22.45 22.61667 22.78333 22.95 23.11667 23.28333 23.45 23.61667 23.78333 23.95 0.1166667 0.2833333 0.45 0.6166667 0.7833333 0.95 1.116667 1.283333 1.45 1.616667 1.783333 1.95 2.116667 2.283333 2.45 2.616667 2.783333 2.95 3.116667 3.283333 3.45 3.616667 3.783333 3.95 4.116667 4.283333 4.45 4.616667 4.783333 4.95 5.116667 5.283333 5.45 5.616667 5.783333 5.95 6.116667 6.283333 6.45 6.616667 6.783333 6.95 7.116667 7.283333 7.45 7.616667 7.783333 7.95 8.116667 8.283333 8.45 8.616667 8.783333 8.95 9.116667 9.283333 9.45 9.616667 9.783333 9.95 10.11667 10.28333 10.45 10.61667 10.78333 10.95 11.11667 11.28333 11.45 11.61667 11.78333 11.95 12.11667 12.28333 12.45 12.61667 12.78333 12.95 13.11667 13.28333 13.45 13.61667 13.78333 13.95 14.11667 14.28333 14.45 14.61667 14.78333 14.95 15.11667 15.28333 15.45 15.61667 15.78333 15.95 16.11667 16.28333 16.45 16.61667 16.78333 16.95 17.11667 17.28333 17.45 17.61667 17.78333 17.95 18.11667 18.28333 18.45 18.61667 18.78333 18.95 19.11667 19.28333 19.45 19.61667 19.78333 19.95 20.11667 20.28333 20.45 20.61667 20.78333 20.95 21.11667 21.28333 21.45 21.78333 21.95 22.11667 22.28333 22.45 22.61667 22.78333 22.95 23.11667 23.28333 23.45 23.61667 23.78333 23.95 0.1166667 0.2833333 0.45 0.6166667 0.7833333 0.95 1.116667 1.283333 1.45 1.616667 1.783333 1.95 2.116667 2.283333 2.45 2.616667 2.783333 2.95 3.116667 3.283333 3.45 3.616667 3.783333 3.95 4.116667 4.283333 4.45 4.616667 4.783333 4.95 5.116667 5.283333 5.45 5.616667 5.783333 5.95 6.116667 6.283333 6.45 6.616667 6.783333 6.95 7.116667 7.283333 7.45 7.616667 7.783333 7.95 8.116667 8.283333 8.45 8.616667 8.783333 8.95 9.116667 9.283333 9.45 9.616667 9.783333 9.95 10.11667 10.28333 10.45 10.61667 10.78333 10.95 11.11667 11.28333 11.45 11.61667 11.78333 11.95 12.11667 12.28333 12.45 12.61667 12.78333 12.95 13.11667 13.28333 13.45 13.61667 13.78333 13.95 14.11667 14.28333 14.45 14.61667 14.78333 14.95 15.11667 15.28333 15.45 15.61667 15.78333 15.95 16.11667 16.28333 16.45 16.61667 16.78333 16.95 17.11667 17.28333 17.45 17.61667 17.78333 17.95 18.11667 18.28333 18.45 18.61667 18.78333 18.95 19.11667 19.28333 19.45 19.61667 19.78333 19.95 20.11667 20.28333 20.45 20.61667 20.78333 20.95 21.11667 21.28333 21.45 21.61667 21.78333 21.95 22.11667 22.28333 22.45 22.61667 22.78333 22.95 23.11667 23.28333 23.45 23.61667 23.78333 23.95 0.1166667 0.2833333 0.45 0.6166667 0.7833333 0.95 1.116667 1.283333 1.45 1.616667 1.783333 1.95 2.116667 2.283333 2.45 2.616667 2.783333 2.95 3.116667 3.283333 3.45 3.616667 3.783333 3.95 4.116667 4.283333 4.45 4.616667 4.783333 4.95 5.116667 5.283333 5.45 5.616667 5.783333 5.95 6.116667 6.283333 6.45 6.616667 6.783333 6.95 7.116667 7.283333 7.45 7.616667 7.783333 7.95 8.116667 8.283333 8.45 8.616667 8.783333 8.95 9.116667 9.283333 9.45 9.616667 9.783333 9.95 10.11667 10.28333 10.45 10.61667 10.78333 10.95 11.11667 11.28333 11.45 11.61667 11.78333 11.95 12.11667 12.28333 12.45 12.61667 12.78333 12.95 13.11667 13.28333 13.45 13.61667 13.95 14.11667 14.28333 14.45 14.61667 14.78333 14.95 15.11667 15.28333 15.45 15.61667 15.78333 15.95 16.11667 16.28333 16.45 16.61667 16.78333 16.95 17.11667 17.28333 17.45 17.61667 17.78333 17.95 18.11667 18.28333 18.45 18.61667 18.78333 18.95 19.11667 19.28333 19.45 19.61667 19.78333 19.95 20.11667 20.28333 20.45 20.61667 20.78333 20.95 21.11667 21.28333 21.45 21.61667 21.78333 21.95 22.11667 22.28333 22.45 22.61667 22.78333 22.95 23.11667 23.28333 23.45 23.61667 23.78333 23.95 0.1166667 0.2833333 0.45 0.6166667 0.7833333 0.95 1.116667 1.283333 1.45 1.616667 1.783333 1.95 2.116667 2.283333 2.45 2.616667 2.783333 2.95 3.116667 3.283333 3.45 3.616667 3.783333 3.95 4.116667 4.283333 4.45 4.616667 4.783333 4.95 5.116667 5.283333 5.45 5.616667 5.783333 5.95 6.116667 6.283333 6.45 6.616667 6.783333 6.95 7.116667 7.283333 7.45 7.616667 7.783333 7.95 8.116667 8.283333 8.45 8.616667 8.783333 8.95 9.116667 9.283333 9.45 9.616667 9.783333 9.95 10.11667 10.28333 10.45 10.61667 10.78333 10.95 11.11667 11.28333 11.45 11.61667 11.78333 11.95 12.28333 12.45 12.61667 12.78333 12.95 13.11667 13.28333 13.45 13.61667 13.78333 13.95 14.11667 14.28333 14.45 14.61667 14.78333 14.95 15.11667 15.28333 15.45 15.61667 15.78333 15.95 16.11667 16.28333 16.45 16.61667 16.78333 16.95 17.11667 17.28333 17.45 17.61667 17.78333 17.95 18.11667 18.28333 18.45 18.61667 18.78333 18.95 19.11667 19.28333 19.45 19.61667 19.78333 19.95 20.11667 20.28333 20.45 20.61667 20.78333 20.95 21.11667 21.28333 21.45 21.61667 21.78333 21.95 22.11667 22.28333 22.45 22.61667 22.78333 22.95 23.11667 23.28333 23.45 23.61667 23.78333 23.95 0.1166667 0.2833333 0.45 0.6166667 0.7833333 0.95 1.116667 1.283333 1.45 1.616667 1.783333 1.95 2.116667 2.283333 2.45 2.616667 2.783333 2.95 3.116667 3.283333 3.45 3.616667 3.783333 3.95 4.116667 4.283333 4.45 4.616667 4.783333 4.95 5.116667 5.283333 5.45 5.616667 5.783333 5.95 6.116667 6.283333 6.45 6.616667 6.783333 6.95 7.116667 7.283333 7.45 7.616667 7.783333 7.95 8.116667 8.283333 8.45 8.616667 8.783333 8.95 9.116667 9.283333 9.45 9.616667 9.783333 9.95 10.11667 10.28333 10.45 10.61667 10.78333 10.95 11.11667 11.28333 11.45 11.61667 11.78333 11.95 12.28333 12.45 12.61667 12.78333 12.95 13.11667 13.28333 13.45 13.61667 13.78333 13.95 14.11667 14.28333 14.45 14.61667 14.78333 14.95 15.11667 15.28333 15.45 15.61667 15.78333 15.95 16.11667 16.28333 16.45 16.61667 16.78333 16.95 17.11667 17.28333 17.45 17.61667 17.78333 17.95 18.11667 18.28333 18.45 18.61667 18.78333 18.95 19.11667 19.28333 19.45 19.61667 19.78333 19.95 20.11667 20.28333 20.45 20.61667 20.78333 20.95 21.11667 21.28333 21.45 21.61667 21.78333 21.95 22.11667 22.28333 22.78333 22.95 23.11667 23.28333 23.45 23.61667 23.78333 23.95 0.1166667 0.2833333 0.45 0.6166667 0.7833333 0.95 1.116667 1.283333 1.45 1.616667 1.783333 1.95 2.116667 2.283333 2.45 2.616667 2.783333 2.95 3.116667 3.283333 3.45 3.616667 3.783333 4.45 4.616667 4.783333 4.95 5.116667 5.283333 5.45 5.616667 5.783333 5.95 6.116667 6.283333 6.45 6.616667 6.783333 6.95 7.116667 7.283333 7.45 7.616667 7.783333 7.95 8.116667 8.283333 8.45 8.616667 8.783333 8.95 9.116667 9.283333 9.45 9.616667 9.783333 9.95 10.11667 10.28333 10.45 10.61667 10.78333 10.95 11.11667 11.28333 11.45 11.61667 11.78333 11.95 12.11667 12.28333 12.45 12.61667 12.78333 12.95 13.11667 13.28333 13.45 13.61667 13.78333 13.95 14.11667 14.28333 14.45 14.61667 14.78333 14.95 15.11667 15.28333 15.45 15.61667 15.78333 15.95 16.11667 16.28333 16.45 16.61667 16.78333 16.95 17.11667 17.28333 17.45 17.61667 17.78333 17.95 18.11667 18.28333 18.45 18.61667 18.78333 18.95 19.11667 19.28333 19.45 19.61667 19.78333 19.95 20.11667 20.28333 20.45 20.61667 20.78333 20.95 21.11667 21.28333 21.45 21.61667 21.78333 21.95 22.11667 22.28333 22.45 22.61667 22.78333 22.95 23.11667 23.28333 23.45 23.61667 23.78333 23.95 0.1166667 0.2833333 0.45 0.6166667 0.7833333 0.95 1.116667 1.283333 1.45 1.616667 1.783333 1.95 2.116667 2.283333 2.45 2.616667 2.783333 2.95 3.116667 3.283333 3.45 3.616667 3.783333 3.95 4.116667 4.283333 4.45 4.616667 4.783333 4.95 5.116667 5.283333 5.45 5.616667 5.783333 5.95 6.116667 6.283333 6.45 6.616667 6.783333 6.95 7.116667 7.283333 7.45 7.616667 7.783333 7.95 8.116667 8.283333 8.45 8.616667 8.783333 8.95 9.116667 9.283333 9.45 9.616667 9.783333 9.95 10.11667 10.28333 10.45 10.61667 10.78333 10.95 11.11667 11.28333 11.45 11.61667 11.78333 11.95 12.11667 12.28333 12.45 12.61667 12.78333 12.95 13.11667 13.28333 13.45 13.61667 13.78333 13.95 14.11667 14.28333 14.45 14.61667 14.78333 14.95 15.11667 15.28333 15.45 15.61667 15.78333 15.95 16.11667 16.28333 16.45 16.61667 16.78333 16.95 17.11667 17.28333 17.45 17.61667 17.78333 17.95 18.11667 18.28333 18.45 18.61667 18.78333 18.95 19.11667 19.28333 19.45 19.61667 19.78333 19.95 20.11667 20.28333 20.45 20.61667 20.78333 20.95 21.11667 21.28333 21.45 21.61667 21.78333 21.95 22.11667 22.28333 22.45 22.61667 22.78333 22.95 23.11667 23.28333 23.45 23.61667 23.78333 23.95 0.1166667 0.2833333 0.45 0.6166667 0.7833333 0.95 1.116667 1.283333 1.45 1.616667 1.783333 1.95 2.116667 2.283333 2.45 2.616667 2.783333 2.95 3.116667 3.283333 3.45 3.616667 3.783333 3.95 4.116667 4.283333 4.45 4.616667 4.783333 4.95 5.116667 5.283333 5.45 5.616667 5.783333 5.95 6.116667 6.283333 6.45 6.616667 6.783333 6.95 7.116667 7.283333 7.45 7.616667 7.783333 7.95 8.116667 8.283333 8.45 8.616667 8.783333 8.95 9.116667 9.283333 9.45 9.616667 9.783333 9.95 10.11667 10.28333 10.45 10.61667 10.78333 10.95 11.11667 11.28333 11.45 11.61667 11.78333 11.95 12.11667 12.28333 12.45 12.61667 12.78333 12.95 13.11667 13.28333 13.45 13.61667 13.78333 13.95 14.11667 14.28333 14.45 14.61667 14.78333 14.95 15.11667 15.28333 15.45 15.61667 15.78333 15.95 16.11667 16.28333 16.45 16.61667 16.78333 16.95 17.11667 17.28333 17.45 17.61667 17.78333 17.95 18.11667 18.28333 18.45 18.61667 18.78333 18.95 19.11667 19.28333 19.45 19.61667 19.78333 19.95 20.11667 20.28333 20.45 20.61667 20.78333 20.95 21.11667 21.28333 21.45 21.61667 21.78333 21.95 22.11667 22.28333 22.45 22.61667 22.78333 22.95 23.11667 23.28333 23.45 23.61667 23.78333 23.95 0.1166667 0.2833333 0.45 0.6166667 0.7833333 0.95 1.116667 1.283333 1.45 1.616667 1.783333 1.95 2.116667 2.283333 2.45 2.616667 2.783333 2.95 3.116667 3.283333 3.45 3.616667 3.783333 3.95 4.116667 4.283333 4.45 4.616667 4.783333 4.95 5.116667 5.283333 5.45 5.616667 5.783333 5.95 6.116667 6.283333 6.45 6.616667 6.783333 6.95 7.116667 7.283333 7.45 7.616667 7.783333 7.95 8.116667 8.283333 8.45 8.616667 8.783333 8.95 9.116667 9.283333 9.45 9.616667 9.783333 9.95 10.11667 10.28333 10.45 10.61667 10.78333 10.95 11.11667 11.28333 11.45 11.61667 11.78333 11.95 12.11667 12.28333 12.45 12.61667 12.78333 12.95 13.11667 13.28333 13.45 13.61667 13.78333 13.95 14.11667 14.28333 14.45 14.61667 14.78333 14.95 15.11667 15.28333 15.45 15.61667 15.78333 15.95 16.11667 16.28333 16.45 16.61667 16.78333 16.95 17.11667 17.28333 17.45 17.61667 17.78333 17.95 18.11667 18.28333 18.45 18.61667 18.78333 18.95 19.11667 19.28333 19.45 19.61667 19.78333 19.95 20.11667 20.28333 20.45 20.61667 20.78333 20.95 21.11667 21.28333 21.45 21.61667 21.95 22.11667 22.28333 22.45 22.61667 22.78333 22.95 23.11667 23.28333 23.45 23.61667 23.78333 23.95 0.1166667 0.2833333 0.45 0.6166667 0.7833333 0.95 1.116667 1.283333 1.45 1.616667 1.783333 1.95 2.116667 2.283333 2.45 2.616667 2.783333 2.95 3.116667 3.283333 3.45 3.616667 3.783333 3.95 4.116667 4.283333 4.45 4.616667 4.783333 4.95 5.116667 5.283333 5.45 5.616667 5.783333 5.95 6.116667 6.283333 6.45 6.616667 6.783333 6.95 7.116667 7.283333 7.45 7.616667 7.783333 7.95 8.116667 8.283333 8.45 8.616667 8.783333 8.95 9.116667 9.283333 9.45 9.616667 9.783333 9.95 10.11667 10.28333 10.45 10.61667 10.78333 10.95 11.11667 11.28333 11.45 11.61667 11.78333 11.95 12.11667 12.28333 12.45 12.61667 12.95 13.11667 13.28333 13.45 13.61667 13.78333 13.95 14.11667 14.28333 14.45 14.61667 14.78333 14.95 15.11667 15.28333 15.45 15.61667 15.78333 15.95 16.11667 16.28333 16.45 16.61667 16.78333 16.95 17.11667 17.28333 17.45 17.61667 17.78333 17.95 18.11667 18.28333 18.45 18.61667 18.78333 18.95 19.11667 19.28333 19.45 19.61667 19.78333 19.95 20.11667 20.28333 20.45 20.61667 20.78333 20.95 21.11667 21.28333 21.45 21.61667 21.78333 21.95 22.11667 22.28333 22.45 22.61667 22.78333 22.95 23.11667 23.28333 23.45 23.61667 23.78333 23.95 0.1166667 0.2833333 0.45 0.6166667 0.7833333 0.95 1.116667 1.283333 1.45 1.616667 1.783333 1.95 2.116667 2.283333 2.45 2.616667 2.783333 2.95 3.116667 3.283333 3.45 3.616667 3.783333 3.95 4.116667 4.283333 4.45 4.616667 4.783333 4.95 5.116667 5.283333 5.45 5.616667 5.783333 5.95 6.116667 6.283333 6.45 6.616667 6.783333 6.95 7.116667 7.283333 7.45 7.616667 7.783333 7.95 8.116667 8.283333 8.45 8.616667 8.783333 8.95 9.116667 9.283333 9.45 9.616667 9.783333 9.95 10.11667 10.28333 10.45 10.61667 10.78333 10.95 11.11667 11.28333 11.45 11.61667 11.78333 11.95 12.11667 12.28333 12.45 12.61667 12.78333 12.95 13.11667 13.28333 13.45 13.61667 13.78333 13.95 14.11667 14.28333 14.45 14.61667 14.78333 14.95 15.11667 15.28333 15.45 15.61667 15.78333 15.95 16.11667 16.28333 16.45 16.61667 16.78333 16.95 17.11667 17.28333 17.45 17.61667 17.78333 17.95 18.11667 18.28333 18.45 18.61667 18.78333 18.95 19.11667 19.28333 19.45 19.61667 19.78333 19.95 20.11667 20.28333 20.45 20.61667 20.78333 20.95 21.11667 21.28333 21.45 21.61667 21.78333 21.95 22.11667 22.28333 22.45 22.61667 22.78333 22.95 23.11667 23.28333 23.45 23.61667 23.78333 23.95 

# Interval 
 0 0.1666667 0.3333333 0.5 0.6666667 0.8333333 1 1.166667 1.333333 1.5 1.666667 1.833333 2 2.166667 2.333333 2.5 2.666667 2.833333 3 3.166667 3.333333 3.5 3.666667 3.833333 4 4.166667 4.333333 4.5 4.666667 4.833333 5 5.166667 5.333333 5.5 5.666667 5.833333 6 6.166667 6.333333 6.5 6.666667 6.833333 7 7.166667 7.333333 7.5 7.666667 7.833333 8 8.166667 8.333333 8.5 8.666667 8.833333 9 9.166667 9.333333 9.5 9.666667 9.833333 10 10.16667 10.33333 10.5 10.66667 10.83333 11 11.16667 11.33333 11.5 11.66667 11.83333 12 12.16667 12.33333 12.5 12.66667 12.83333 13 13.16667 13.33333 13.5 13.66667 13.83333 14 14.16667 14.33333 14.5 14.66667 14.83333 15 15.16667 15.33333 15.5 15.66667 15.83333 16 16.16667 16.33333 16.5 16.66667 16.83333 17 17.16667 17.33333 17.5 17.66667 17.83333 18 18.16667 18.33333 18.5 18.66667 18.83333 19 19.16667 19.33333 19.5 19.66667 19.83333 20 20.16667 20.33333 20.5 20.66667 20.83333 21 21.16667 21.33333 21.5 21.66667 21.83333 22 22.16667 22.33333 22.5 22.66667 22.83333 23 23.16667 23.33333 23.5 23.66667 23.83333 24 24.16667 24.33333 24.5 24.66667 24.83333 25 25.16667 25.33333 25.5 25.66667 25.83333 26 26.16667 26.33333 26.5 26.66667 26.83333 27 27.16667 27.33333 27.5 27.66667 27.83333 28 28.16667 28.33333 28.5 28.66667 28.83333 29 29.16667 29.33333 29.5 29.66667 29.83333 30 30.16667 30.33333 30.5 30.66667 30.83333 31 31.16667 31.33333 31.5 31.66667 31.83333 32 32.16667 32.33333 32.5 32.66667 32.83333 33 33.16667 33.33333 33.5 33.66667 33.83333 34 34.16667 34.33333 34.5 34.66667 34.83333 35 35.16667 35.33333 35.5 35.66667 35.83333 36.16667 36.33333 36.5 36.66667 36.83333 37 37.16667 37.33333 37.5 37.66667 37.83333 38 38.16667 38.33333 38.5 38.66667 38.83333 39 39.16667 39.33333 39.5 39.66667 39.83333 40 40.16667 40.33333 40.5 40.66667 40.83333 41 41.16667 41.33333 41.5 41.66667 41.83333 42 42.16667 42.33333 42.5 42.66667 42.83333 43 43.16667 43.33333 43.5 43.66667 43.83333 44 44.16667 44.33333 44.5 44.66667 44.83333 45 45.16667 45.33333 45.5 45.66667 45.83333 46 46.16667 46.33333 46.5 46.66667 46.83333 47 47.16667 47.33333 47.5 47.66667 47.83333 48 48.16667 48.33333 48.5 48.66667 48.83333 49 49.16667 49.33333 49.5 49.66667 49.83333 50 50.16667 50.33333 50.5 50.66667 50.83333 51 51.16667 51.33333 51.5 51.66667 51.83333 52 52.16667 52.33333 52.5 52.66667 52.83333 53 53.16667 53.33333 53.5 53.66667 53.83333 54 54.16667 54.33333 54.5 54.66667 54.83333 55 55.16667 55.33333 55.5 55.66667 55.83333 56 56.16667 56.33333 56.5 56.66667 56.83333 57 57.16667 57.33333 57.5 57.66667 57.83333 58 58.16667 58.33333 58.5 58.66667 58.83333 59 59.16667 59.33333 59.5 59.66667 59.83333 60 60.16667 60.33333 60.5 60.66667 60.83333 61 61.16667 61.33333 61.5 61.66667 61.83333 62 62.16667 62.33333 62.5 62.66667 62.83333 63 63.16667 63.33333 63.5 63.66667 63.83333 64 64.16667 64.33333 64.5 64.66667 64.83333 65 65.16667 65.33333 65.5 65.66667 65.83333 66 66.16667 66.33333 66.5 66.66667 66.83333 67 67.16667 67.33333 67.5 67.66667 67.83333 68 68.16667 68.33333 68.5 68.66667 68.83333 69 69.16667 69.33333 69.66667 69.83333 70 70.16667 70.33333 70.5 70.66667 70.83333 71 71.16667 71.33333 71.5 71.66667 71.83333 72 72.16667 72.33333 72.5 72.66667 72.83333 73 73.16667 73.33333 73.5 73.66667 73.83333 74 74.16667 74.33333 74.5 74.66667 74.83333 75 75.16667 75.33333 75.5 75.66667 75.83333 76 76.16667 76.33333 76.5 76.66667 76.83333 77 77.16667 77.33333 77.5 77.66667 77.83333 78 78.16667 78.33333 78.5 78.66667 78.83333 79 79.16667 79.33333 79.5 79.66667 79.83333 80 80.16667 80.33333 80.5 80.66667 80.83333 81 81.16667 81.33333 81.5 81.66667 81.83333 82 82.16667 82.33333 82.5 82.66667 82.83333 83 83.16667 83.33333 83.5 83.66667 83.83333 84 84.16667 84.33333 84.5 84.66667 84.83333 85 85.16667 85.33333 85.5 85.66667 85.83333 86 86.16667 86.33333 86.5 86.66667 86.83333 87 87.16667 87.33333 87.5 87.66667 87.83333 88 88.16667 88.33333 88.5 88.66667 88.83333 89 89.16667 89.33333 89.5 89.66667 89.83333 90 90.16667 90.33333 90.5 90.66667 90.83333 91 91.16667 91.33333 91.5 91.66667 91.83333 92 92.16667 92.33333 92.5 92.66667 92.83333 93 93.16667 93.33333 93.5 93.66667 93.83333 94 94.16667 94.33333 94.5 94.66667 94.83333 95 95.16667 95.33333 95.5 95.66667 95.83333 96 96.16667 96.33333 96.5 96.66667 96.83333 97 97.16667 97.33333 97.5 97.66667 97.83333 98 98.16667 98.33333 98.5 98.66667 98.83333 99 99.16667 99.33333 99.5 99.66667 99.83333 100 100.1667 100.3333 100.5 100.6667 100.8333 101 101.1667 101.3333 101.5 101.6667 101.8333 102 102.1667 102.3333 102.5 102.6667 102.8333 103 103.1667 103.3333 103.5 103.6667 103.8333 104 104.1667 104.3333 104.5 104.6667 104.8333 105 105.1667 105.3333 105.5 105.6667 105.8333 106 106.1667 106.3333 106.5 106.6667 106.8333 107 107.1667 107.3333 107.5 107.6667 107.8333 108 108.1667 108.3333 108.5 108.6667 108.8333 109 109.1667 109.3333 109.5 109.8333 110 110.1667 110.3333 110.5 110.6667 110.8333 111 111.1667 111.3333 111.5 111.6667 111.8333 112 112.1667 112.3333 112.5 112.6667 112.8333 113 113.1667 113.3333 113.5 113.6667 113.8333 114 114.1667 114.3333 114.5 114.6667 114.8333 115 115.1667 115.3333 115.5 115.6667 115.8333 116 116.1667 116.3333 116.5 116.6667 116.8333 117 117.1667 117.3333 117.5 117.6667 117.8333 118 118.1667 118.3333 118.5 118.6667 118.8333 119 119.1667 119.3333 119.5 119.6667 119.8333 120 120.1667 120.3333 120.5 120.6667 120.8333 121 121.1667 121.3333 121.5 121.6667 121.8333 122 122.1667 122.3333 122.5 122.6667 122.8333 123 123.1667 123.3333 123.5 123.6667 123.8333 124 124.1667 124.3333 124.5 124.6667 124.8333 125 125.1667 125.3333 125.5 125.6667 125.8333 126 126.1667 126.3333 126.5 126.6667 126.8333 127 127.1667 127.3333 127.5 127.6667 127.8333 128 128.1667 128.3333 128.5 128.6667 128.8333 129 129.1667 129.3333 129.5 129.6667 129.8333 130 130.1667 130.3333 130.5 130.6667 130.8333 131 131.1667 131.3333 131.5 131.6667 131.8333 132.1667 132.3333 132.5 132.6667 132.8333 133 133.1667 133.3333 133.5 133.6667 133.8333 134 134.1667 134.3333 134.5 134.6667 134.8333 135 135.1667 135.3333 135.5 135.6667 135.8333 136 136.1667 136.3333 136.5 136.6667 136.8333 137 137.1667 137.3333 137.5 137.6667 137.8333 138 138.1667 138.3333 138.5 138.6667 138.8333 139 139.1667 139.3333 139.5 139.6667 139.8333 140 140.1667 140.3333 140.5 140.6667 140.8333 141 141.1667 141.3333 141.5 141.6667 141.8333 142 142.1667 142.3333 142.5 142.6667 142.8333 143 143.1667 143.3333 143.5 143.6667 143.8333 144 144.1667 144.3333 144.5 144.6667 144.8333 145 145.1667 145.3333 145.5 145.6667 145.8333 146 146.1667 146.3333 146.5 146.6667 146.8333 147 147.1667 147.3333 147.5 147.6667 147.8333 148 148.1667 148.3333 148.5 148.6667 148.8333 149 149.1667 149.3333 149.5 149.6667 149.8333 150 150.1667 150.3333 150.5 150.6667 150.8333 151 151.1667 151.3333 151.5 151.6667 151.8333 152 152.1667 152.3333 152.5 152.6667 152.8333 153 153.1667 153.3333 153.5 153.6667 153.8333 154 154.1667 154.3333 154.5 154.6667 154.8333 155 155.1667 155.3333 155.5 155.6667 155.8333 156.1667 156.3333 156.5 156.6667 156.8333 157 157.1667 157.3333 157.5 157.6667 157.8333 158 158.1667 158.3333 158.5 158.6667 158.8333 159 159.1667 159.3333 159.5 159.6667 159.8333 160 160.1667 160.3333 160.5 160.6667 160.8333 161 161.1667 161.3333 161.5 161.6667 161.8333 162 162.1667 162.3333 162.5 162.6667 162.8333 163 163.1667 163.3333 163.5 163.6667 163.8333 164 164.1667 164.3333 164.5 164.6667 164.8333 165 165.1667 165.3333 165.5 165.6667 165.8333 166 166.1667 166.6667 166.8333 167 167.1667 167.3333 167.5 167.6667 167.8333 168 168.1667 168.3333 168.5 168.6667 168.8333 169 169.1667 169.3333 169.5 169.6667 169.8333 170 170.1667 170.3333 170.5 170.6667 170.8333 171 171.1667 171.3333 171.5 171.6667 172.3333 172.5 172.6667 172.8333 173 173.1667 173.3333 173.5 173.6667 173.8333 174 174.1667 174.3333 174.5 174.6667 174.8333 175 175.1667 175.3333 175.5 175.6667 175.8333 176 176.1667 176.3333 176.5 176.6667 176.8333 177 177.1667 177.3333 177.5 177.6667 177.8333 178 178.1667 178.3333 178.5 178.6667 178.8333 179 179.1667 179.3333 179.5 179.6667 179.8333 180 180.1667 180.3333 180.5 180.6667 180.8333 181 181.1667 181.3333 181.5 181.6667 181.8333 182 182.1667 182.3333 182.5 182.6667 182.8333 183 183.1667 183.3333 183.5 183.6667 183.8333 184 184.1667 184.3333 184.5 184.6667 184.8333 185 185.1667 185.3333 185.5 185.6667 185.8333 186 186.1667 186.3333 186.5 186.6667 186.8333 187 187.1667 187.3333 187.5 187.6667 187.8333 188 188.1667 188.3333 188.5 188.6667 188.8333 189 189.1667 189.3333 189.5 189.6667 189.8333 190 190.1667 190.3333 190.5 190.6667 190.8333 191 191.1667 191.3333 191.5 191.6667 191.8333 192 192.1667 192.3333 192.5 192.6667 192.8333 193 193.1667 193.3333 193.5 193.6667 193.8333 194 194.1667 194.3333 194.5 194.6667 194.8333 195 195.1667 195.3333 195.5 195.6667 195.8333 196 196.1667 196.3333 196.5 196.6667 196.8333 197 197.1667 197.3333 197.5 197.6667 197.8333 198 198.1667 198.3333 198.5 198.6667 198.8333 199 199.1667 199.3333 199.5 199.6667 199.8333 200 200.1667 200.3333 200.5 200.6667 200.8333 201 201.1667 201.3333 201.5 201.6667 201.8333 202 202.1667 202.3333 202.5 202.6667 202.8333 203 203.1667 203.3333 203.5 203.6667 203.8333 204 204.1667 204.3333 204.5 204.6667 204.8333 205 205.1667 205.3333 205.5 205.6667 205.8333 206 206.1667 206.3333 206.5 206.6667 206.8333 207 207.1667 207.3333 207.5 207.6667 207.8333 208 208.1667 208.3333 208.5 208.6667 208.8333 209 209.1667 209.3333 209.5 209.6667 209.8333 210 210.1667 210.3333 210.5 210.6667 210.8333 211 211.1667 211.3333 211.5 211.6667 211.8333 212 212.1667 212.3333 212.5 212.6667 212.8333 213 213.1667 213.3333 213.5 213.6667 213.8333 214 214.1667 214.3333 214.5 214.6667 214.8333 215 215.1667 215.3333 215.5 215.6667 215.8333 216 216.1667 216.3333 216.5 216.6667 216.8333 217 217.1667 217.3333 217.5 217.6667 217.8333 218 218.1667 218.3333 218.5 218.6667 218.8333 219 219.1667 219.3333 219.5 219.6667 219.8333 220 220.1667 220.3333 220.5 220.6667 220.8333 221 221.1667 221.3333 221.5 221.6667 221.8333 222 222.1667 222.3333 222.5 222.6667 222.8333 223 223.1667 223.3333 223.5 223.6667 223.8333 224 224.1667 224.3333 224.5 224.6667 224.8333 225 225.1667 225.3333 225.5 225.6667 225.8333 226 226.1667 226.3333 226.5 226.6667 226.8333 227 227.1667 227.3333 227.5 227.6667 227.8333 228 228.1667 228.3333 228.5 228.6667 228.8333 229 229.1667 229.3333 229.5 229.6667 229.8333 230 230.1667 230.3333 230.5 230.6667 230.8333 231 231.1667 231.3333 231.5 231.6667 231.8333 232 232.1667 232.3333 232.5 232.6667 232.8333 233 233.1667 233.3333 233.5 233.6667 233.8333 234 234.1667 234.3333 234.5 234.6667 234.8333 235 235.1667 235.3333 235.5 235.6667 235.8333 236 236.1667 236.3333 236.5 236.6667 236.8333 237 237.1667 237.3333 237.5 237.6667 237.8333 238 238.1667 238.3333 238.5 238.6667 238.8333 239 239.1667 239.3333 239.5 239.6667 239.8333 240 240.1667 240.3333 240.5 240.6667 240.8333 241 241.1667 241.3333 241.5 241.6667 241.8333 242 242.1667 242.3333 242.5 242.6667 242.8333 243 243.1667 243.3333 243.5 243.6667 243.8333 244 244.1667 244.3333 244.5 244.6667 244.8333 245 245.1667 245.3333 245.5 245.6667 245.8333 246 246.1667 246.3333 246.5 246.6667 246.8333 247 247.1667 247.3333 247.5 247.6667 247.8333 248 248.1667 248.3333 248.5 248.6667 248.8333 249 249.1667 249.3333 249.5 249.6667 249.8333 250 250.1667 250.3333 250.5 250.6667 250.8333 251 251.1667 251.3333 251.5 251.6667 251.8333 252 252.1667 252.3333 252.5 252.6667 252.8333 253 253.1667 253.3333 253.5 253.6667 253.8333 254 254.1667 254.3333 254.5 254.6667 254.8333 255 255.1667 255.3333 255.5 255.6667 255.8333 256 256.1667 256.3333 256.5 256.6667 256.8333 257 257.1667 257.3333 257.5 257.6667 257.8333 258 258.1667 258.3333 258.5 258.6667 258.8333 259 259.1667 259.3333 259.5 259.6667 259.8333 260 260.1667 260.3333 260.5 260.6667 260.8333 261 261.1667 261.3333 261.5 261.8333 262 262.1667 262.3333 262.5 262.6667 262.8333 263 263.1667 263.3333 263.5 263.6667 263.8333 264 264.1667 264.3333 264.5 264.6667 264.8333 265 265.1667 265.3333 265.5 265.6667 265.8333 266 266.1667 266.3333 266.5 266.6667 266.8333 267 267.1667 267.3333 267.5 267.6667 267.8333 268 268.1667 268.3333 268.5 268.6667 268.8333 269 269.1667 269.3333 269.5 269.6667 269.8333 270 270.1667 270.3333 270.5 270.6667 270.8333 271 271.1667 271.3333 271.5 271.6667 271.8333 272 272.1667 272.3333 272.5 272.6667 272.8333 273 273.1667 273.3333 273.5 273.6667 273.8333 274 274.1667 274.3333 274.5 274.6667 274.8333 275 275.1667 275.3333 275.5 275.6667 275.8333 276 276.1667 276.3333 276.5 276.8333 277 277.1667 277.3333 277.5 277.6667 277.8333 278 278.1667 278.3333 278.5 278.6667 278.8333 279 279.1667 279.3333 279.5 279.6667 279.8333 280 280.1667 280.3333 280.5 280.6667 280.8333 281 281.1667 281.3333 281.5 281.6667 281.8333 282 282.1667 282.3333 282.5 282.6667 282.8333 283 283.1667 283.3333 283.5 283.6667 283.8333 284 284.1667 284.3333 284.5 284.6667 284.8333 285 285.1667 285.3333 285.5 285.6667 285.8333 286 286.1667 286.3333 286.5 286.6667 286.8333 287 287.1667 287.3333 287.5 287.6667 287.8333 288 288.1667 288.3333 288.5 288.6667 288.8333 289 289.1667 289.3333 289.5 289.6667 289.8333 290 290.1667 290.3333 290.5 290.6667 290.8333 291 291.1667 291.3333 291.5 291.6667 291.8333 292 292.1667 292.3333 292.5 292.6667 292.8333 293 293.1667 293.3333 293.5 293.6667 293.8333 294 294.1667 294.3333 294.5 294.6667 294.8333 295 295.1667 295.3333 295.5 295.6667 295.8333 296 296.1667 296.3333 296.5 296.6667 296.8333 297 297.1667 297.3333 297.5 297.6667 297.8333 298 298.1667 298.3333 298.5 298.6667 298.8333 299 299.1667 299.3333 299.5 299.6667 299.8333 300 300.1667 300.3333 300.5 300.6667 300.8333 301 301.1667 301.3333 301.5 301.6667 301.8333 302 302.1667 302.3333 302.5 302.6667 302.8333 303 303.1667 303.3333 303.5 303.6667 303.8333 304 304.1667 304.3333 304.5 304.6667 304.8333 305 305.1667 305.3333 305.5 305.6667 305.8333 306 306.1667 306.3333 306.5 306.6667 306.8333 307 307.1667 307.3333 307.5 307.6667 307.8333 308 308.1667 308.3333 308.5 308.6667 308.8333 309 309.1667 309.3333 309.5 309.6667 309.8333 310 310.1667 310.3333 310.5 310.6667 310.8333 311 311.1667 311.3333 311.5 311.6667 311.8333 

# O18data 
 16 16 

# DOY_18O 
 225 237 

# TOD_18O 
 0.1166667 23.95 

# Int_18O 
 0 311.8333 

# endofdata 
 -999 

