Location,RL,Date,Species ,Pass,PassTime,Count,TL,FL,W,Tag,Recap,Biop,Mortality,StreamW,Depletion
Plimpton,236,3-Oct-25,WCT,2,,1,,34,0.3,,,,,3.3,2
Plimpton,236,3-Oct-25,WCT,1,,1,,36,0.3,,,,,3.3,2
Buffalo,294,10-Oct-25,WCT,2,,1,,33,0.4,,,,,1.5,2
CLT,251,25-Sep-25,WCT,3,,1,,35,0.4,,,,,4.15,2
Buffalo,294,10-Oct-25,WCT,2,,1,,35,0.4,,,,,1.5,2
Buffalo,294,10-Oct-25,WCT,1,,1,,36,0.4,,,,,1.5,2
Buffalo,294,10-Oct-25,WCT,1,,1,,37,0.4,,,,,1.5,2
Jerry,250,9-Oct-25,WCT,3,,1,,38,0.4,,,,,2.25,2
Buffalo,294,10-Oct-25,WCT,1,,1,,40,0.4,,,,,1.5,2
Buffalo,294,10-Oct-25,WCT,1,,1,,41,0.4,,,,,1.5,2
Buffalo,294,10-Oct-25,WCT,3,,1,,35,0.5,,,,,1.5,2
Buffalo,294,10-Oct-25,WCT,1,,1,,36,0.5,,,,,1.5,2
Buffalo,294,10-Oct-25,WCT,2,,1,,38,0.5,,,,,1.5,2
Buffalo,294,10-Oct-25,WCT,2,,1,,38,0.5,,,,,1.5,2
Buffalo,294,10-Oct-25,WCT,3,,1,,44,0.5,,,,,1.5,2
Buffalo,294,10-Oct-25,WCT,3,,1,,36,0.6,,,,,1.5,2
CCT,261,9-Sep-25,WCT,1,,1,,41,0.6,,,,,1.8,2
Jerry,250,9-Oct-25,WCT,1,,1,,41,0.6,,,,,2.25,2
Jerry,250,9-Oct-25,WCT,2,,1,,42,0.6,,,,,2.25,2
CCT,261,9-Sep-25,WCT,2,,1,,43,0.6,,,,,1.8,2
Buffalo,294,10-Oct-25,WCT,3,,1,,44,0.6,,,,,1.5,2
Buffalo,294,10-Oct-25,WCT,1,,1,,44,0.6,,,,,1.5,2
CLT,251,25-Sep-25,WCT,1,,1,,43,0.7,,,,,4.15,2
Buffalo,294,10-Oct-25,WCT,2,,1,,43,0.7,,,,,1.5,2
Buffalo,294,10-Oct-25,WCT,1,,1,,44,0.7,,,,,1.5,2
CLT,251,25-Sep-25,WCT,2,,1,,42,0.8,,,,,4.15,2
CCT,261,9-Sep-25,WCT,1,,1,,44,0.8,,,,,1.8,2
CCT,261,9-Sep-25,WCT,2,,1,,44,0.8,,,,,1.8,2
CCT,261,9-Sep-25,WCT,2,,1,,46,0.8,,,,,1.8,2
CLT,251,30-Jun-25,WCT,1,3260,1,45,42,0.8,,,,,4.15,1
Buffalo,294,15-Jul-25,WCT,2,2951,1,,47,0.8,,,,mort,1.5,1
CCT,261,9-Sep-25,WCT,1,,1,,43,0.9,,,,,1.8,2
Buffalo,294,10-Oct-25,WCT,2,,1,,44,0.9,,,,,1.5,2
CCT,261,9-Sep-25,WCT,1,,1,,45,0.9,,,,,1.8,2
CCT,261,9-Sep-25,WCT,1,,1,,46,0.9,,,,,1.8,2
CCT,261,9-Sep-25,WCT,2,,1,,46,0.9,,,,,1.8,2
CCT,261,9-Sep-25,WCT,2,,1,,47,0.9,,,,,1.8,2
Pintler,205,2-Oct-25,WCT,1,,1,,47,0.9,,,,,5.9,2
CCT,261,9-Sep-25,WCT,1,,1,,48,0.9,,,,,1.8,2
CCT,261,9-Sep-25,WCT,1,,1,,47,1,,,,,1.8,2
Buffalo,294,15-Jul-25,WCT,1,,1,,45,1,,,,,1.5,1
CCT,261,9-Sep-25,WCT,1,,1,,41,1.1,,,,,1.8,2
CCT,261,9-Sep-25,WCT,2,,1,,48,1.1,,,,,1.8,2
Pintler,205,2-Oct-25,WCT,1,,1,,48,1.1,,,,,5.9,2
CCT,261,9-Sep-25,WCT,2,,1,,50,1.1,,,,,1.8,2
CCT,261,9-Sep-25,WCT,1,,1,,51,1.1,,,,,1.8,2
CCT,261,9-Sep-25,WCT,1,,1,,52,1.1,,,,,1.8,2
CCT,261,9-Sep-25,WCT,2,,1,,49,1.2,,,,,1.8,2
CCT,261,9-Sep-25,WCT,2,,1,,50,1.2,,,,,1.8,2
CCT,261,9-Sep-25,WCT,1,,1,,51,1.2,,,,,1.8,2
Buffalo,294,15-Jul-25,WCT,2,2951,1,,52,1.2,,,,mort,1.5,1
Cow,250,27-Sep-25,WCT,1,,1,,51,1.3,,,,,7.2,2
CLT,251,30-Jun-25,WCT,2,1971,1,55,53,1.3,,,,,4.15,1
Dry,210,9-Jul-25,WCT,2,,1,,50,1.3,,,,,3.3,1
Buffalo,294,15-Jul-25,WCT,3,2028,1,,48,1.3,,,,,1.5,1
CCT,261,9-Sep-25,WCT,2,,1,,53,1.4,,,,,1.8,2
CCT,261,9-Sep-25,WCT,2,,1,,54,1.4,,,,,1.8,2
CCT,261,9-Sep-25,WCT,2,,1,,55,1.4,,,,,1.8,2
Pintler,205,7-Jul-25,WCT,2,1282,1,,47,1.4,,,,,5.9,1
CCT,261,9-Sep-25,WCT,2,,1,,56,1.5,,,,,1.8,2
Pintler,205,7-Jul-25,WCT,2,1282,1,,55,1.5,,,,,5.9,1
Buffalo,294,15-Jul-25,WCT,1,,1,,48,1.5,,,,,1.5,1
Buffalo,294,15-Jul-25,WCT,1,,1,,50,1.5,,,,,1.5,1
Buffalo,294,15-Jul-25,WCT,1,,1,,53,1.5,,,,,1.5,1
Buffalo,294,15-Jul-25,WCT,1,,1,,53,1.5,,,,,1.5,1
Buffalo,294,15-Jul-25,WCT,2,2951,1,,52,1.5,,,,,1.5,1
Buffalo,294,15-Jul-25,WCT,2,2951,1,,54,1.5,,,,,1.5,1
Jerry,250,4-Aug-25,WCT,1,,1,,54,1.5,,,,,2.25,1
CCT,261,9-Sep-25,WCT,1,,1,,55,1.6,,,,,1.8,2
CCT,261,9-Sep-25,WCT,1,,1,,55,1.6,,,,,1.8,2
Pintler,205,7-Jul-25,WCT,1,1456,1,,56,1.6,,,,,5.9,1
Pintler,205,7-Jul-25,WCT,3,1220,1,,53,1.6,,,,,5.9,1
Buffalo,294,15-Jul-25,WCT,1,,1,,54,1.6,,,,,1.5,1
Buffalo,294,15-Jul-25,WCT,1,,1,,54,1.6,,,,,1.5,1
Buffalo,294,15-Jul-25,WCT,3,2028,1,,52,1.6,,,,,1.5,1
CCT,261,9-Sep-25,WCT,1,,1,,56,1.7,,,,,1.8,2
Buffalo,294,10-Oct-25,WCT,2,,1,,57,1.7,,,,,1.5,2
Pintler,205,7-Jul-25,WCT,1,1456,1,,54,1.7,,,,,5.9,1
Pintler,205,7-Jul-25,WCT,1,1456,1,,55,1.7,,,,,5.9,1
Buffalo,294,15-Jul-25,WCT,2,2951,1,,56,1.7,,,,,1.5,1
Buffalo,294,15-Jul-25,WCT,3,2028,1,,53,1.7,,,,,1.5,1
Cow,250,27-Sep-25,WCT,1,,1,,55,1.8,,,,,7.2,2
CCT,261,9-Sep-25,WCT,2,,1,,56,1.8,,,,,1.8,2
CCT,261,9-Sep-25,WCT,1,,1,,57,1.8,,,,,1.8,2
Cow,250,27-Sep-25,WCT,1,,1,,59,1.8,,,,,7.2,2
Buffalo,294,10-Oct-25,WCT,3,,1,,61,1.8,,,,,1.5,2
Buffalo,294,10-Oct-25,WCT,1,,1,,61,1.8,,,,,1.5,2
Buffalo,294,15-Jul-25,WCT,1,,1,,54,1.8,,,,,1.5,1
Buffalo,294,15-Jul-25,WCT,2,2951,1,,53,1.8,,,,,1.5,1
Buffalo,294,15-Jul-25,WCT,2,2951,1,,55,1.8,,,,,1.5,1
Buffalo,294,15-Jul-25,WCT,2,2951,1,,56,1.8,,,,,1.5,1
Buffalo,294,15-Jul-25,WCT,3,2028,1,,53,1.8,,,,,1.5,1
CCT,261,9-Sep-25,WCT,1,,1,,58,1.9,,,,,1.8,2
Buffalo,294,10-Oct-25,WCT,3,,1,,58,1.9,,,,,1.5,2
Buffalo,294,10-Oct-25,WCT,1,,1,,58,1.9,,,,,1.5,2
CCT,261,9-Sep-25,WCT,1,,1,,59,1.9,,,,,1.8,2
CCT,261,9-Sep-25,WCT,1,,1,,60,1.9,,,,,1.8,2
Pintler,205,7-Jul-25,WCT,3,1220,1,,55,1.9,,,,,5.9,1
Buffalo,294,15-Jul-25,WCT,1,,1,,54,1.9,,,,,1.5,1
Buffalo,294,15-Jul-25,WCT,1,,1,,58,1.9,,,,,1.5,1
Buffalo,294,15-Jul-25,WCT,2,2951,1,,52,1.9,,,,,1.5,1
Buffalo,294,15-Jul-25,WCT,2,2951,1,,57,1.9,,,,,1.5,1
Buffalo,294,15-Jul-25,WCT,3,2028,1,,57,1.9,,,,,1.5,1
Jerry,250,4-Aug-25,WCT,1,,1,,58,1.9,,,,,2.25,1
Cow,250,27-Sep-25,WCT,1,,1,,56,2,,,,,7.2,2
Cow,250,27-Sep-25,WCT,1,,1,,89,2,688049,,,,7.2,2
CCT,261,9-Sep-25,WCT,1,,1,,61,2.1,,,,,1.8,2
CCT,261,1-Jul-25,WCT,1,1457,1,56,53,2.1,,,,,1.8,1
Buffalo,294,15-Jul-25,WCT,1,,1,,54,2.1,,,,,1.5,1
Buffalo,294,15-Jul-25,WCT,2,2951,1,,65,2.1,,,,,1.5,1
Buffalo,294,15-Jul-25,WCT,3,2028,1,,59,2.1,,,,,1.5,1
Cow,250,27-Sep-25,WCT,1,,1,,63,2.2,,,,,7.2,2
Pintler,205,7-Jul-25,WCT,2,1282,1,,61,2.2,,,,,5.9,1
Buffalo,294,15-Jul-25,WCT,1,,1,,58,2.2,,,,,1.5,1
Buffalo,294,15-Jul-25,WCT,1,,1,,59,2.2,,,,,1.5,1
Buffalo,294,15-Jul-25,WCT,2,2951,1,,59,2.2,,,,,1.5,1
Buffalo,294,15-Jul-25,WCT,2,2951,1,,64,2.2,,,,,1.5,1
Jerry,250,4-Aug-25,WCT,1,,1,,64,2.2,,,,,2.25,1
CCT,261,9-Sep-25,WCT,1,,1,,60,2.3,,,,,1.8,2
Buffalo,294,10-Oct-25,WCT,2,,1,,61,2.3,,,,,1.5,2
Buffalo,294,15-Jul-25,WCT,1,,1,,60,2.3,,,,,1.5,1
Buffalo,294,15-Jul-25,WCT,2,2951,1,,59,2.3,,,,,1.5,1
Buffalo,294,10-Oct-25,WCT,2,,1,,64,2.4,,,,,1.5,2
Buffalo,294,10-Oct-25,WCT,1,,1,,64,2.4,,,,,1.5,2
Pintler,205,7-Jul-25,WCT,1,1456,1,,60,2.4,,,,,5.9,1
Buffalo,294,15-Jul-25,WCT,1,,1,,63,2.4,,,,,1.5,1
Jerry,250,4-Aug-25,WCT,3,,1,,63,2.4,,,,,2.25,1
Jerry,250,4-Aug-25,WCT,3,,1,,73,2.4,,,,,2.25,1
CCT,261,9-Sep-25,WCT,2,,1,,62,2.5,,,,,1.8,2
CCT,261,9-Sep-25,WCT,1,,1,,64,2.5,,,,,1.8,2
Buffalo,294,15-Jul-25,WCT,1,,1,,61,2.5,,,,,1.5,1
Buffalo,294,15-Jul-25,WCT,1,,1,,62,2.5,,,,,1.5,1
Buffalo,294,15-Jul-25,WCT,2,2951,1,,60,2.5,,,,,1.5,1
Buffalo,294,15-Jul-25,WCT,2,2951,1,,63,2.5,,,,,1.5,1
Buffalo,294,15-Jul-25,WCT,3,2028,1,,61,2.5,,,,,1.5,1
Buffalo,294,10-Oct-25,WCT,1,,1,,65,2.6,,,,,1.5,2
Buffalo,294,15-Jul-25,WCT,2,2951,1,,60,2.6,,,,,1.5,1
Buffalo,294,15-Jul-25,WCT,2,2951,1,,62,2.6,,,,,1.5,1
Jerry,250,4-Aug-25,WCT,1,,1,,65,2.6,,,,,2.25,1
Jerry,250,4-Aug-25,WCT,2,,1,,65,2.6,,,,,2.25,1
Buffalo,294,10-Oct-25,WCT,2,,1,,61,2.7,,,,,1.5,2
Plimpton,236,3-Oct-25,WCT,1,,1,,62,2.7,,,,,3.3,2
Buffalo,294,10-Oct-25,WCT,1,,1,,64,2.7,,,,,1.5,2
Jerry,250,9-Oct-25,WCT,1,,1,,65,2.7,,,,,2.25,2
Buffalo,294,10-Oct-25,WCT,2,,1,,65,2.7,,,,,1.5,2
Buffalo,294,10-Oct-25,WCT,1,,1,,66,2.7,,,,,1.5,2
CLT,251,25-Sep-25,WCT,1,,1,,67,2.7,,,,,4.15,2
Buffalo,294,10-Oct-25,WCT,3,,1,,68,2.7,,,,,1.5,2
Buffalo,294,15-Jul-25,WCT,2,2951,1,,64,2.7,,,,,1.5,1
Jerry,250,4-Aug-25,WCT,1,,1,,66,2.7,,,,,2.25,1
Jerry,250,4-Aug-25,WCT,3,,1,,64,2.7,,,,,2.25,1
Jerry,250,4-Aug-25,WCT,3,,1,,66,2.7,,,,,2.25,1
Jerry,250,9-Oct-25,WCT,1,,1,,66,2.8,,,,,2.25,2
Buffalo,294,10-Oct-25,WCT,1,,1,,66,2.8,,,,,1.5,2
Buffalo,294,10-Oct-25,WCT,1,,1,,66,2.8,,,,,1.5,2
Buffalo,294,10-Oct-25,WCT,2,,1,,67,2.8,,,,,1.5,2
Buffalo,294,10-Oct-25,WCT,1,,1,,67,2.8,,,,,1.5,2
CLT,251,25-Sep-25,WCT,2,,1,,69,2.8,,,,,4.15,2
Plimpton,236,3-Oct-25,WCT,1,,1,,65,2.9,,,,,3.3,2
Cow,250,27-Sep-25,WCT,1,,1,,66,2.9,,,,,7.2,2
Buffalo,294,10-Oct-25,WCT,1,,1,,68,2.9,,,,,1.5,2
Buffalo,294,10-Oct-25,WCT,1,,1,,68,2.9,,,,,1.5,2
Buffalo,294,10-Oct-25,WCT,1,,1,,69,2.9,,,,,1.5,2
Buffalo,294,10-Oct-25,WCT,1,,1,,70,2.9,,,,,1.5,2
Cow,250,27-Sep-25,WCT,1,,1,,94,2.9,687948,,,,7.2,2
Cow,295,2-Jul-25,WCT,1,,1,,66,2.9,,,,,7.2,1
Buffalo,294,15-Jul-25,WCT,1,,1,,64,2.9,,,,,1.5,1
Jerry,250,4-Aug-25,WCT,1,,1,,67,2.9,,,,,2.25,1
Jerry,250,4-Aug-25,WCT,2,,1,,67,2.9,,,,mort,2.25,1
Jerry,250,4-Aug-25,WCT,3,,1,,76,2.9,,,,,2.25,1
Buffalo,294,10-Oct-25,WCT,1,,1,,67,3,,,,,1.5,2
Buffalo,294,10-Oct-25,WCT,2,,1,,68,3,,,,,1.5,2
Buffalo,294,10-Oct-25,WCT,2,,1,,69,3,,,,,1.5,2
Buffalo,294,10-Oct-25,WCT,1,,1,,69,3,,,,,1.5,2
Buffalo,294,10-Oct-25,WCT,3,,1,,70,3,,,,,1.5,2
Buffalo,294,10-Oct-25,WCT,2,,1,,71,3,,,,,1.5,2
Plimpton,236,3-Oct-25,WCT,2,,1,,76,3,,,,,3.3,2
Buffalo,294,10-Oct-25,WCT,1,,1,,76,3,,,,,1.5,2
Cow,295,2-Jul-25,WCT,1,,1,,68,3,,,,,7.2,1
Cow,295,2-Jul-25,WCT,3,,1,,68,3,,,,,7.2,1
Plimpton,236,8-Jul-25,WCT,1,,1,,64,3,,,,mort,3.3,1
Jerry,250,4-Aug-25,WCT,1,,1,,67,3,,,,,2.25,1
Jerry,250,4-Aug-25,WCT,1,,1,,68,3,,,,,2.25,1
Jerry,250,4-Aug-25,WCT,1,,1,,67,3,,,,,2.25,1
Jerry,250,4-Aug-25,WCT,1,,1,,76,3,,,,,2.25,1
Jerry,250,4-Aug-25,WCT,3,,1,,69,3,,,,,2.25,1
CLT,251,25-Sep-25,WCT,1,,1,,66,3.1,,,,,4.15,2
Plimpton,236,8-Jul-25,WCT,1,,1,,64,3.1,,,,,3.3,1
Jerry,250,4-Aug-25,WCT,1,,1,,68,3.1,,,,,2.25,1
Jerry,250,4-Aug-25,WCT,2,,1,,68,3.1,,,,,2.25,1
Plimpton,236,3-Oct-25,WCT,1,,1,,64,3.2,,,,,3.3,2
Buffalo,294,10-Oct-25,WCT,2,,1,,67,3.2,,,,,1.5,2
Buffalo,294,10-Oct-25,WCT,2,,1,,68,3.2,,,,,1.5,2
Buffalo,294,10-Oct-25,WCT,2,,1,,69,3.2,,,,,1.5,2
Dry,210,4-Oct-25,WCT,1,,1,,72,3.2,,,,,3.3,2
CLT,251,30-Jun-25,WCT,2,1971,1,70,66,3.2,,,,,4.15,1
CCT,261,1-Jul-25,WCT,1,1457,1,70,67,3.2,,,,,1.8,1
Jerry,250,4-Aug-25,WCT,1,,1,,79,3.2,,,,,2.25,1
Jerry,250,4-Aug-25,WCT,1,,1,,68,3.2,,,,,2.25,1
Jerry,250,4-Aug-25,WCT,2,,1,,69,3.2,,,,,2.25,1
Jerry,250,4-Aug-25,WCT,2,,1,,68,3.2,,,,,2.25,1
Plimpton,236,3-Oct-25,WCT,1,,1,,69,3.3,,,,,3.3,2
Buffalo,294,10-Oct-25,WCT,1,,1,,69,3.3,,,,,1.5,2
Jerry,250,9-Oct-25,WCT,1,,1,,70,3.3,,,,,2.25,2
Buffalo,294,10-Oct-25,WCT,1,,1,,70,3.3,,,,,1.5,2
Buffalo,294,10-Oct-25,WCT,1,,1,,70,3.3,,,,,1.5,2
CLT,251,25-Sep-25,WCT,2,,1,,71,3.3,,,,,4.15,2
Jerry,250,9-Oct-25,WCT,1,,1,,73,3.3,,,,,2.25,2
Buffalo,294,10-Oct-25,WCT,3,,1,,73,3.3,,,,,1.5,2
Cow,295,2-Jul-25,WCT,1,,1,,68,3.3,,,,,7.2,1
Jerry,250,4-Aug-25,WCT,1,,1,,69,3.3,,,,,2.25,1
CLT,251,25-Sep-25,WCT,1,,1,,66,3.4,,,,,4.15,2
Buffalo,294,10-Oct-25,WCT,1,,1,,69,3.4,,,,,1.5,2
CLT,251,25-Sep-25,WCT,2,,1,,70,3.4,,,,,4.15,2
Jerry,250,9-Oct-25,WCT,2,,1,,72,3.4,,,,,2.25,2
Buffalo,294,10-Oct-25,WCT,1,,1,,72,3.4,,,,,1.5,2
Buffalo,294,10-Oct-25,WCT,1,,1,,73,3.4,,,,,1.5,2
CCT,261,1-Jul-25,WCT,1,1457,1,70,67,3.4,,,,,1.8,1
CCT,261,1-Jul-25,WCT,2,1594,1,,67,3.4,,,,,1.8,1
Buffalo,294,10-Oct-25,WCT,2,,1,,69,3.5,,,,,1.5,2
Buffalo,294,10-Oct-25,WCT,3,,1,,70,3.5,,,,,1.5,2
Buffalo,294,10-Oct-25,WCT,1,,1,,71,3.5,,,,,1.5,2
Jerry,250,9-Oct-25,WCT,3,,1,,72,3.5,,,,,2.25,2
Buffalo,294,10-Oct-25,WCT,1,,1,,72,3.5,,,,,1.5,2
Dry,210,4-Oct-25,WCT,1,,1,,73,3.5,,,,,3.3,2
Jerry,250,9-Oct-25,WCT,1,,1,,73,3.5,,,,,2.25,2
Buffalo,294,10-Oct-25,WCT,2,,1,,73,3.5,,,,,1.5,2
Buffalo,294,10-Oct-25,WCT,1,,1,,73,3.5,,,,,1.5,2
Cow,295,2-Jul-25,WCT,1,,1,,71,3.5,,,,,7.2,1
Cow,295,2-Jul-25,WCT,1,,1,,71,3.5,,,,,7.2,1
Buffalo,294,15-Jul-25,WCT,1,,1,,70,3.5,,,,,1.5,1
Jerry,250,4-Aug-25,WCT,1,,1,,71,3.5,,,,,2.25,1
Jerry,250,4-Aug-25,WCT,1,,1,,72,3.5,,,,,2.25,1
Buffalo,294,10-Oct-25,WCT,3,,1,,71,3.6,,,,,1.5,2
Jerry,250,9-Oct-25,WCT,1,,1,,72,3.6,,,,,2.25,2
Buffalo,294,10-Oct-25,WCT,2,,1,,72,3.6,,,,,1.5,2
Jerry,250,9-Oct-25,WCT,1,,1,,73,3.6,,,,,2.25,2
Jerry,250,9-Oct-25,WCT,1,,1,,73,3.6,,,,,2.25,2
Buffalo,294,10-Oct-25,WCT,2,,1,,74,3.6,,,,,1.5,2
Buffalo,294,10-Oct-25,WCT,1,,1,,74,3.6,,,,,1.5,2
CLT,251,30-Jun-25,WCT,1,3260,1,75,71,3.6,,,,,4.15,1
CCT,261,1-Jul-25,WCT,1,1457,1,73,71,3.6,,,,,1.8,1
Buffalo,294,10-Oct-25,WCT,1,,1,,73,3.7,,,,,1.5,2
Jerry,250,4-Aug-25,WCT,3,,1,,73,3.7,,,,,2.25,1
Buffalo,294,10-Oct-25,WCT,2,,1,,71,3.8,,,,,1.5,2
CLT,251,25-Sep-25,WCT,1,,1,,72,3.8,,,,,4.15,2
Pintler,205,2-Oct-25,WCT,1,,1,,73,3.8,,,,,5.9,2
Buffalo,294,10-Oct-25,WCT,3,,1,,73,3.8,,,,,1.5,2
Buffalo,294,10-Oct-25,WCT,1,,1,,75,3.8,,,,,1.5,2
Buffalo,294,10-Oct-25,WCT,1,,1,,75,3.8,,,,,1.5,2
Buffalo,294,10-Oct-25,WCT,1,,1,,75,3.8,,,,,1.5,2
CCT,261,1-Jul-25,WCT,3,1352,1,,68,3.8,,,,,1.8,1
Cow,295,2-Jul-25,WCT,2,,1,,71,3.8,,,,,7.2,1
Cow,295,2-Jul-25,WCT,3,,1,,74,3.8,,,,,7.2,1
Plimpton,236,8-Jul-25,WCT,1,,1,,69,3.8,,,,,3.3,1
Jerry,250,4-Aug-25,WCT,1,,1,,73,3.8,,,,,2.25,1
Buffalo,294,10-Oct-25,WCT,1,,1,,71,3.9,,,,,1.5,2
Plimpton,236,3-Oct-25,WCT,1,,1,,72,3.9,,,,,3.3,2
Jerry,250,9-Oct-25,WCT,1,,1,,74,3.9,,,,,2.25,2
CLT,251,25-Sep-25,WCT,3,,1,,75,3.9,,,,,4.15,2
Plimpton,236,3-Oct-25,WCT,1,,1,,75,3.9,,,,,3.3,2
Jerry,250,9-Oct-25,WCT,1,,1,,75,3.9,,,,,2.25,2
Buffalo,294,10-Oct-25,WCT,2,,1,,78,3.9,,,,,1.5,2
CCT,261,1-Jul-25,WCT,1,1457,1,73,71,3.9,,,,,1.8,1
CCT,261,1-Jul-25,WCT,2,1594,1,,75,3.9,,,,,1.8,1
Jerry,250,4-Aug-25,WCT,1,,1,,73,3.9,,,,,2.25,1
Buffalo,294,10-Oct-25,WCT,2,,1,,72,4,,,,,1.5,2
Jerry,250,9-Oct-25,WCT,3,,1,,74,4,,,,,2.25,2
Jerry,250,9-Oct-25,WCT,1,,1,,74,4,,,,,2.25,2
Buffalo,294,10-Oct-25,WCT,2,,1,,74,4,,,,,1.5,2
CLT,251,25-Sep-25,WCT,1,,1,,75,4,,,,,4.15,2
Buffalo,294,10-Oct-25,WCT,2,,1,,75,4,,,,,1.5,2
Buffalo,294,10-Oct-25,WCT,1,,1,,75,4,,,,,1.5,2
CLT,251,25-Sep-25,WCT,2,,1,,76,4,,,,,4.15,2
Jerry,250,9-Oct-25,WCT,1,,1,,76,4,,,,,2.25,2
Buffalo,294,10-Oct-25,WCT,1,,1,,76,4,,,,,1.5,2
Buffalo,294,10-Oct-25,WCT,1,,1,,76,4,,,,,1.5,2
Jerry,250,9-Oct-25,WCT,1,,1,,77,4,,,,,2.25,2
CLT,251,25-Sep-25,WCT,1,,1,,103,4,687891,,,,4.15,2
CCT,261,1-Jul-25,WCT,3,1352,1,,70,4,,,,,1.8,1
Cow,295,2-Jul-25,WCT,1,,1,,72,4,,,,,7.2,1
Cow,295,2-Jul-25,WCT,1,,1,,72,4,,,,,7.2,1
Jerry,250,4-Aug-25,WCT,1,,1,,73,4,,,,,2.25,1
Buffalo,294,10-Oct-25,WCT,1,,1,,75,4.1,,,,,1.5,2
Jerry,250,9-Oct-25,WCT,1,,1,,77,4.1,,,,,2.25,2
Dry,210,4-Oct-25,WCT,1,,1,,79,4.1,,,,,3.3,2
Cow,250,27-Sep-25,WCT,1,,1,,80,4.1,,,,,7.2,2
CCT,261,1-Jul-25,WCT,1,1457,1,73,71,4.1,,,,,1.8,1
Plimpton,236,8-Jul-25,WCT,2,2196,1,,73,4.1,,,,,3.3,1
Jerry,250,4-Aug-25,WCT,1,,1,,75,4.1,,,,,2.25,1
CLT,251,25-Sep-25,WCT,1,,1,,75,4.2,,,,,4.15,2
CLT,251,25-Sep-25,WCT,1,,1,,75,4.2,,,,,4.15,2
Buffalo,294,10-Oct-25,WCT,1,,1,,75,4.2,,,,,1.5,2
Pintler,205,2-Oct-25,WCT,2,,1,,76,4.2,,,,,5.9,2
Buffalo,294,10-Oct-25,WCT,1,,1,,76,4.2,,,,,1.5,2
Buffalo,294,10-Oct-25,WCT,3,,1,,77,4.2,,,,,1.5,2
Buffalo,294,10-Oct-25,WCT,2,,1,,77,4.2,,,,,1.5,2
Cow,250,27-Sep-25,WCT,1,,1,,79,4.2,,,,,7.2,2
CCT,261,1-Jul-25,WCT,2,1594,1,,71,4.2,,,,,1.8,1
CCT,261,1-Jul-25,WCT,3,1352,1,,71,4.2,,,,,1.8,1
Pintler,205,2-Oct-25,WCT,1,,1,,70,4.3,,,,,5.9,2
CLT,251,25-Sep-25,WCT,3,,1,,74,4.3,,,,,4.15,2
Buffalo,294,10-Oct-25,WCT,3,,1,,75,4.3,,,,,1.5,2
CLT,251,25-Sep-25,WCT,2,,1,,76,4.3,,,,,4.15,2
CLT,251,25-Sep-25,WCT,1,,1,,76,4.3,,,,,4.15,2
Pintler,205,2-Oct-25,WCT,1,,1,,76,4.3,,,,,5.9,2
Jerry,250,9-Oct-25,WCT,1,,1,,76,4.3,,,,,2.25,2
CLT,251,25-Sep-25,WCT,1,,1,,77,4.3,,,,,4.15,2
Jerry,250,9-Oct-25,WCT,2,,1,,77,4.3,,,,,2.25,2
Buffalo,294,10-Oct-25,WCT,1,,1,,77,4.3,,,,,1.5,2
CLT,251,30-Jun-25,WCT,3,2267,1,77,74,4.3,,,,,4.15,1
CCT,261,1-Jul-25,WCT,1,1457,1,75,72,4.3,,,,,1.8,1
CCT,261,1-Jul-25,WCT,2,1594,1,,70,4.3,,,,,1.8,1
Cow,295,2-Jul-25,WCT,1,,1,,75,4.3,438040,,,mort,7.2,1
Cow,295,2-Jul-25,WCT,3,,1,,73,4.3,,,,,7.2,1
CLT,251,25-Sep-25,WCT,2,,1,,76,4.4,,,,,4.15,2
Dry,210,4-Oct-25,WCT,2,,1,,77,4.4,,,,,3.3,2
Pintler,205,2-Oct-25,WCT,1,,1,,78,4.4,,,,,5.9,2
Dry,210,4-Oct-25,WCT,1,,1,,78,4.4,,,,,3.3,2
Buffalo,294,10-Oct-25,WCT,2,,1,,78,4.4,,,,,1.5,2
Buffalo,294,10-Oct-25,WCT,1,,1,,80,4.4,,,,,1.5,2
CLT,251,30-Jun-25,WCT,1,3260,1,80,75,4.4,437449,,,,4.15,1
CCT,261,1-Jul-25,WCT,1,1457,1,77,73,4.4,,,,,1.8,1
Cow,295,2-Jul-25,WCT,3,,1,,76,4.4,,,,,7.2,1
Plimpton,236,8-Jul-25,WCT,1,,1,,74,4.4,,,,,3.3,1
Buffalo,294,15-Jul-25,WCT,1,,1,,75,4.4,,,,,1.5,1
Jerry,250,4-Aug-25,WCT,1,,1,,73,4.4,,,,,2.25,1
Jerry,250,9-Oct-25,WCT,1,,1,,76,4.5,,,,,2.25,2
Jerry,250,9-Oct-25,WCT,1,,1,,77,4.5,,,,,2.25,2
Buffalo,294,10-Oct-25,WCT,2,,1,,78,4.5,,,,,1.5,2
Buffalo,294,10-Oct-25,WCT,1,,1,,78,4.5,,,,,1.5,2
CLT,251,30-Jun-25,WCT,1,3260,1,81,77,4.5,444727,,,,4.15,1
CCT,261,1-Jul-25,WCT,1,1457,1,72,69,4.5,,,,,1.8,1
CCT,261,1-Jul-25,WCT,3,1352,1,,80,4.5,437919,,,,1.8,1
CLT,251,25-Sep-25,WCT,1,,1,,74,4.6,,,,,4.15,2
Pintler,205,2-Oct-25,WCT,1,,1,,74,4.6,,,,,5.9,2
Pintler,205,2-Oct-25,WCT,2,,1,,77,4.6,,,,,5.9,2
Pintler,205,2-Oct-25,WCT,3,,1,,77,4.6,,,,,5.9,2
Buffalo,294,10-Oct-25,WCT,2,,1,,77,4.6,,,,,1.5,2
Plimpton,236,3-Oct-25,WCT,1,,1,,78,4.6,,,,,3.3,2
Buffalo,294,10-Oct-25,WCT,1,,1,,80,4.6,,,,,1.5,2
CCT,261,1-Jul-25,WCT,1,1457,1,78,75,4.6,,,,,1.8,1
CCT,261,1-Jul-25,WCT,2,1594,1,,73,4.6,,,,,1.8,1
CCT,261,1-Jul-25,WCT,2,1594,1,,74,4.6,,,,,1.8,1
Cow,295,2-Jul-25,WCT,2,,1,,78,4.6,,,,,7.2,1
Pintler,205,2-Oct-25,WCT,1,,1,,76,4.7,,,,,5.9,2
CLT,251,25-Sep-25,WCT,1,,1,,78,4.7,,,,,4.15,2
Buffalo,294,10-Oct-25,WCT,3,,1,,78,4.7,,,,,1.5,2
Buffalo,294,10-Oct-25,WCT,1,,1,,78,4.7,,,,,1.5,2
Cow,250,27-Sep-25,WCT,1,,1,,79,4.7,,,,,7.2,2
Pintler,205,2-Oct-25,WCT,1,,1,,79,4.7,,,,,5.9,2
Buffalo,294,10-Oct-25,WCT,1,,1,,80,4.7,,,,,1.5,2
CCT,261,1-Jul-25,WCT,1,1457,1,75,73,4.7,,,,,1.8,1
CLT,251,25-Sep-25,WCT,1,,1,,79,4.8,,,,,4.15,2
Dry,210,4-Oct-25,WCT,1,,1,,79,4.8,,,,,3.3,2
Buffalo,294,10-Oct-25,WCT,1,,1,,79,4.8,,,,,1.5,2
Cow,250,27-Sep-25,WCT,1,,1,,82,4.8,688200,,,,7.2,2
Buffalo,294,10-Oct-25,WCT,1,,1,,84,4.8,688518,,,,1.5,2
Pintler,205,7-Jul-25,WCT,1,1456,1,,74,4.8,,,,,5.9,1
Plimpton,236,8-Jul-25,WCT,1,,1,,74,4.8,,,,,3.3,1
Cow,250,27-Sep-25,WCT,1,,1,,79,4.9,,,,,7.2,2
Buffalo,294,10-Oct-25,WCT,2,,1,,79,4.9,,,,,1.5,2
Jerry,250,9-Oct-25,WCT,1,,1,,81,4.9,688359,,,,2.25,2
CCT,261,1-Jul-25,WCT,3,1352,1,,78,4.9,,,,,1.8,1
Buffalo,294,15-Jul-25,WCT,2,2951,1,,75,4.9,,,,,1.5,1
CLT,251,25-Sep-25,WCT,1,,1,,74,5,,,,,4.15,2
Plimpton,236,3-Oct-25,WCT,1,,1,,79,5,,,,,3.3,2
Buffalo,294,10-Oct-25,WCT,1,,1,,81,5,,,,,1.5,2
Dry,210,4-Oct-25,WCT,1,,1,,82,5,688381,,,,3.3,2
CCT,261,1-Jul-25,WCT,1,1457,1,78,74,5,,,,,1.8,1
CCT,261,1-Jul-25,WCT,2,1594,1,,73,5,,,,,1.8,1
Cow,295,2-Jul-25,WCT,2,,1,,76,5,,,,,7.2,1
Buffalo,294,15-Jul-25,WCT,1,,1,,78,5,,,,,1.5,1
Pintler,205,2-Oct-25,WCT,1,,1,,79,5.1,,,,,5.9,2
Cow,250,27-Sep-25,WCT,1,,1,,80,5.1,687936,,,,7.2,2
Pintler,205,2-Oct-25,WCT,1,,1,,81,5.1,688266,,,,5.9,2
Buffalo,294,10-Oct-25,WCT,1,,1,,82,5.1,,,,,1.5,2
CLT,251,30-Jun-25,WCT,1,3260,1,81,77,5.1,438448,,,,4.15,1
CCT,261,1-Jul-25,WCT,3,1352,1,,80,5.1,434309,,,mort,1.8,1
Buffalo,294,10-Oct-25,WCT,1,,1,,79,5.2,,,,,1.5,2
Cow,250,27-Sep-25,WCT,1,,1,,82,5.2,442754,,,,7.2,2
Pintler,205,2-Oct-25,WCT,2,,1,,82,5.2,688272,,,,5.9,2
Cow,250,27-Sep-25,WCT,1,,1,,83,5.2,687976,,,,7.2,2
Pintler,205,2-Oct-25,WCT,1,,1,,83,5.2,688265,,,,5.9,2
CCT,261,1-Jul-25,WCT,1,1457,1,81,77,5.2,444400,,,,1.8,1
CCT,261,1-Jul-25,WCT,1,1457,1,83,78,5.2,436236,,,,1.8,1
CCT,261,1-Jul-25,WCT,2,1594,1,,75,5.2,,,,,1.8,1
CCT,261,1-Jul-25,WCT,3,1352,1,,77,5.2,,,,,1.8,1
Cow,295,2-Jul-25,WCT,3,,1,,79,5.2,,,,,7.2,1
Buffalo,294,15-Jul-25,WCT,2,2951,1,,77,5.2,,,,,1.5,1
CLT,251,25-Sep-25,WCT,2,,1,,79,5.3,,,,,4.15,2
Pintler,205,2-Oct-25,WCT,1,,1,,82,5.3,688289,,,,5.9,2
CCT,261,9-Sep-25,WCT,2,,1,,83,5.3,437031,,,,1.8,2
CCT,261,9-Sep-25,WCT,1,,1,,85,5.3,687717,,,,1.8,2
CLT,251,30-Jun-25,WCT,1,3260,1,79,75,5.3,,,,,4.15,1
CCT,261,1-Jul-25,WCT,1,1457,1,83,79,5.3,443313,,,,1.8,1
Plimpton,236,8-Jul-25,WCT,2,2196,1,,78,5.3,,,,,3.3,1
Buffalo,294,15-Jul-25,WCT,1,,1,,76,5.3,,,,,1.5,1
Pintler,205,2-Oct-25,WCT,1,,1,,78,5.4,,,,,5.9,2
Cow,250,27-Sep-25,WCT,1,,1,,80,5.4,688012,,,,7.2,2
CLT,251,25-Sep-25,WCT,1,,1,,81,5.4,687847,,,,4.15,2
CLT,251,25-Sep-25,WCT,2,,1,,83,5.4,687743,,,,4.15,2
Dry,210,4-Oct-25,WCT,1,,1,,83,5.4,688376,,,,3.3,2
Buffalo,294,10-Oct-25,WCT,1,,1,,83,5.4,,,,,1.5,2
Pintler,205,2-Oct-25,WCT,1,,1,,85,5.4,688292,,,,5.9,2
Cow,250,27-Sep-25,WCT,1,,1,,89,5.4,688153,,,,7.2,2
CLT,251,30-Jun-25,WCT,2,1971,1,83,79,5.4,437429,,,,4.15,1
CCT,261,1-Jul-25,WCT,1,1457,1,79,76,5.4,443369,,,,1.8,1
CCT,261,1-Jul-25,WCT,3,1352,1,,79,5.4,,,,,1.8,1
Plimpton,236,8-Jul-25,WCT,1,,1,,81,5.4,435335,,,,3.3,1
Pintler,205,2-Oct-25,WCT,1,,1,,78,5.5,,,,,5.9,2
Cow,250,27-Sep-25,WCT,1,,1,,79,5.5,,,,,7.2,2
Cow,250,27-Sep-25,WCT,1,,1,,79,5.5,,,,,7.2,2
Plimpton,236,3-Oct-25,WCT,1,,1,,79,5.5,,,,,3.3,2
Cow,250,27-Sep-25,WCT,1,,1,,82,5.5,687995,,,,7.2,2
Pintler,205,2-Oct-25,WCT,2,,1,,83,5.5,688312,,,,5.9,2
Dry,210,4-Oct-25,WCT,1,,1,,83,5.5,688373,,,,3.3,2
Buffalo,294,15-Jul-25,WCT,2,2951,1,,80,5.5,444270,,,,1.5,1
Cow,250,27-Sep-25,WCT,1,,1,,82,5.6,688118,,,,7.2,2
Pintler,205,2-Oct-25,WCT,1,,1,,82,5.6,688324,,,,5.9,2
Pintler,205,2-Oct-25,WCT,1,,1,,83,5.6,688277,,,,5.9,2
Pintler,205,2-Oct-25,WCT,1,,1,,84,5.6,688263,,,,5.9,2
Buffalo,294,10-Oct-25,WCT,1,,1,,84,5.6,688333,,,,1.5,2
Cow,250,27-Sep-25,WCT,1,,1,,82,5.7,688189,,,,7.2,2
Pintler,205,2-Oct-25,WCT,3,,1,,84,5.7,688274,,,,5.9,2
Cow,250,27-Sep-25,WCT,1,,1,,85,5.7,687938,,,,7.2,2
Pintler,205,2-Oct-25,WCT,1,,1,,86,5.7,688285,,,,5.9,2
Cow,250,27-Sep-25,WCT,1,,1,,88,5.7,688215,,,,7.2,2
CLT,251,30-Jun-25,WCT,3,2267,1,85,80,5.7,444224,,,,4.15,1
CCT,261,1-Jul-25,WCT,1,1457,1,83,79,5.7,441738,,,,1.8,1
CCT,261,1-Jul-25,WCT,2,1594,1,,79,5.7,,,,,1.8,1
Pintler,205,2-Oct-25,WCT,1,,1,,78,5.8,,,,,5.9,2
Pintler,205,2-Oct-25,WCT,1,,1,,82,5.8,688306,,,,5.9,2
Pintler,205,2-Oct-25,WCT,1,,1,,84,5.8,688302,,,,5.9,2
Jerry,250,9-Oct-25,WCT,1,,1,,84,5.8,688331,,,,2.25,2
Buffalo,294,10-Oct-25,WCT,2,,1,,84,5.8,688411,,,,1.5,2
Dry,210,4-Oct-25,WCT,1,,1,,85,5.8,688348,,,,3.3,2
Cow,250,27-Sep-25,WCT,1,,1,,88,5.8,688204,,,,7.2,2
Cow,250,27-Sep-25,WCT,1,,1,,90,5.8,688205,,,,7.2,2
CLT,251,30-Jun-25,WCT,2,1971,1,86,83,5.8,433040,,,,4.15,1
CCT,261,1-Jul-25,WCT,2,1594,1,,76,5.8,,,,,1.8,1
Buffalo,294,15-Jul-25,WCT,3,2028,1,,79,5.8,,,,,1.5,1
Cow,250,27-Sep-25,WCT,1,,1,,83,5.9,687944,,,,7.2,2
Pintler,205,2-Oct-25,WCT,1,,1,,84,5.9,688252,,,,5.9,2
Buffalo,294,10-Oct-25,WCT,2,,1,,85,5.9,688343,,,,1.5,2
CLT,251,30-Jun-25,WCT,3,2267,1,84,80,5.9,442336,,,,4.15,1
CCT,261,1-Jul-25,WCT,3,1352,1,,82,5.9,435975,,,,1.8,1
Cow,295,2-Jul-25,WCT,1,,1,,81,5.9,441525,,,,7.2,1
Cow,295,2-Jul-25,WCT,1,,1,,83,5.9,438239,,,,7.2,1
Cow,295,2-Jul-25,WCT,1,,1,,87,5.9,441514,,,,7.2,1
Cow,295,2-Jul-25,WCT,2,,1,,80,5.9,,,,mort,7.2,1
Cow,295,2-Jul-25,WCT,2,,1,,84,5.9,435775,,,,7.2,1
Cow,295,2-Jul-25,WCT,3,,1,,84,5.9,434254,,,,7.2,1
Cow,295,2-Jul-25,WCT,3,,1,,84,5.9,436829,,,,7.2,1
Cow,250,27-Sep-25,WCT,1,,1,,79,6,,,,,7.2,2
CLT,251,25-Sep-25,WCT,2,,1,,84,6,687794,,,,4.15,2
CCT,261,9-Sep-25,WCT,1,,1,,85,6,687863,,,,1.8,2
CCT,261,9-Sep-25,WCT,1,,1,,86,6,687691,,,,1.8,2
Cow,250,27-Sep-25,WCT,1,,1,,86,6,,,,,7.2,2
Pintler,205,2-Oct-25,WCT,1,,1,,86,6,688244,,,,5.9,2
Cow,250,27-Sep-25,WCT,1,,1,,87,6,687946,,,,7.2,2
Cow,250,27-Sep-25,WCT,1,,1,,88,6,687949,,,,7.2,2
Cow,250,27-Sep-25,WCT,1,,1,,92,6,434337,,,,7.2,2
CLT,251,30-Jun-25,WCT,3,2267,1,85,82,6,441010,,,,4.15,1
CCT,261,1-Jul-25,WCT,2,1594,1,,79,6,,,,,1.8,1
Buffalo,294,15-Jul-25,WCT,1,,1,,81,6,441178,,,,1.5,1
Pintler,205,2-Oct-25,WCT,1,,1,,82,6.1,688304,,,,5.9,2
Cow,250,27-Sep-25,WCT,1,,1,,83,6.1,688077,,,,7.2,2
Pintler,205,2-Oct-25,WCT,2,,1,,84,6.1,688307,,,,5.9,2
Plimpton,236,3-Oct-25,WCT,1,,1,,84,6.1,688231,,,,3.3,2
Cow,250,27-Sep-25,WCT,1,,1,,85,6.1,687980,,,,7.2,2
Cow,250,27-Sep-25,WCT,1,,1,,86,6.1,687983,,,,7.2,2
Pintler,205,2-Oct-25,WCT,2,,1,,86,6.1,688230,,,,5.9,2
CLT,251,25-Sep-25,WCT,3,,1,,87,6.1,434568,,,,4.15,2
CLT,251,25-Sep-25,WCT,1,,1,,87,6.1,687845,,,,4.15,2
Cow,250,27-Sep-25,WCT,1,,1,,87,6.1,438052,,,,7.2,2
Cow,250,27-Sep-25,WCT,1,,1,,87,6.1,688055,,,,7.2,2
Buffalo,294,10-Oct-25,WCT,2,,1,,88,6.1,688356,,,,1.5,2
CCT,261,1-Jul-25,WCT,1,1457,1,86,82,6.1,442786,,,,1.8,1
CCT,261,1-Jul-25,WCT,2,1594,1,,80,6.1,435855,,,,1.8,1
CCT,261,1-Jul-25,WCT,3,1352,1,,83,6.1,436356,,,,1.8,1
CCT,261,1-Jul-25,WCT,3,1352,1,,84,6.1,437993,,,,1.8,1
Jerry,250,4-Aug-25,WCT,1,,1,,84,6.1,442531,,,,2.25,1
CLT,251,25-Sep-25,WCT,1,,1,,84,6.2,443198,1,,,4.15,2
Plimpton,236,3-Oct-25,WCT,1,,1,,85,6.2,688423,,,,3.3,2
CLT,251,25-Sep-25,WCT,2,,1,,86,6.2,687762,,,,4.15,2
CCT,261,9-Sep-25,WCT,2,,1,,87,6.2,437572,,,,1.8,2
Cow,250,27-Sep-25,WCT,1,,1,,87,6.2,687954,,,,7.2,2
Cow,250,27-Sep-25,WCT,1,,1,,93,6.2,688126,,,,7.2,2
CLT,251,30-Jun-25,WCT,1,3260,1,88,84,6.2,441776,,,,4.15,1
Cow,295,2-Jul-25,WCT,1,,1,,97,6.2,444336,,,,7.2,1
Jerry,250,4-Aug-25,WCT,1,,1,,86,6.2,442758,,,,2.25,1
CLT,251,25-Sep-25,WCT,1,,1,,85,6.3,687883,,,,4.15,2
Pintler,205,2-Oct-25,WCT,2,,1,,85,6.3,688261,,,,5.9,2
Cow,250,27-Sep-25,WCT,1,,1,,87,6.3,443339,,,,7.2,2
Cow,250,27-Sep-25,WCT,1,,1,,95,6.3,688097,,,,7.2,2
Buffalo,294,15-Jul-25,WCT,1,,1,,80,6.3,437009,,,,1.5,1
CCT,261,9-Sep-25,WCT,1,,1,,85,6.4,687632,,,,1.8,2
Cow,250,27-Sep-25,WCT,1,,1,,86,6.4,688223,,,,7.2,2
Cow,250,27-Sep-25,WCT,1,,1,,86,6.4,687929,,,,7.2,2
Cow,250,27-Sep-25,WCT,1,,1,,88,6.4,688007,,,,7.2,2
Cow,250,27-Sep-25,WCT,1,,1,,90,6.4,688166,,,,7.2,2
CCT,261,9-Sep-25,WCT,2,,1,,97,6.4,434172,,,,1.8,2
Buffalo,294,15-Jul-25,WCT,1,,1,,88,6.4,442275,,,,1.5,1
Jerry,250,4-Aug-25,WCT,1,,1,,85,6.4,444149,,,,2.25,1
Pintler,205,2-Oct-25,WCT,2,,1,,83,6.5,688287,,,,5.9,2
Cow,250,27-Sep-25,WCT,1,,1,,84,6.5,688062,,,,7.2,2
Jerry,250,9-Oct-25,WCT,1,,1,,86,6.5,444149,1,,,2.25,2
Jerry,250,9-Oct-25,WCT,1,,1,,87,6.5,688388,,,,2.25,2
CLT,251,25-Sep-25,WCT,3,,1,,88,6.5,435766,,,,4.15,2
Cow,250,27-Sep-25,WCT,1,,1,,89,6.5,687960,,,,7.2,2
Buffalo,294,10-Oct-25,WCT,1,,1,,90,6.5,688334,,,,1.5,2
CLT,251,30-Jun-25,WCT,1,3260,1,85,81,6.5,443198,,,,4.15,1
CCT,261,1-Jul-25,WCT,1,1457,1,87,82,6.5,442556,,,,1.8,1
CCT,261,1-Jul-25,WCT,1,1457,1,86,82,6.5,435203,,,,1.8,1
Pintler,205,2-Oct-25,WCT,2,,1,,83,6.6,688291,,,,5.9,2
Plimpton,236,3-Oct-25,WCT,1,,1,,83,6.6,688322,,,,3.3,2
CCT,261,9-Sep-25,WCT,1,,1,,86,6.6,687675,,,,1.8,2
CCT,261,9-Sep-25,WCT,1,,1,,87,6.6,687687,,,,1.8,2
Cow,250,27-Sep-25,WCT,1,,1,,87,6.6,688102,,,,7.2,2
Cow,250,27-Sep-25,WCT,1,,1,,88,6.6,687969,,,,7.2,2
Plimpton,236,3-Oct-25,WCT,1,,1,,88,6.6,688419,,,,3.3,2
Cow,250,27-Sep-25,WCT,1,,1,,91,6.6,688175,,,,7.2,2
CCT,261,1-Jul-25,WCT,2,1594,1,,80,6.6,436586,,,,1.8,1
Cow,295,2-Jul-25,WCT,3,,1,,84,6.6,435354,,,,7.2,1
Pintler,205,2-Oct-25,WCT,1,,1,,88,6.7,688267,,,,5.9,2
Cow,250,27-Sep-25,WCT,1,,1,,89,6.7,688086,,,,7.2,2
Cow,250,27-Sep-25,WCT,1,,1,,89,6.7,688013,,,,7.2,2
CCT,261,9-Sep-25,WCT,2,,1,,90,6.7,435660,,,,1.8,2
CLT,251,25-Sep-25,WCT,2,,1,,91,6.7,687773,,,,4.15,2
CLT,251,30-Jun-25,WCT,2,1971,1,88,83,6.7,442215,,,,4.15,1
CLT,251,30-Jun-25,WCT,3,2267,1,89,85,6.7,438273,,,,4.15,1
CCT,261,1-Jul-25,WCT,2,1594,1,,83,6.7,433352,,,,1.8,1
CCT,261,1-Jul-25,WCT,2,1594,1,,84,6.7,444350,,,,1.8,1
CCT,261,1-Jul-25,WCT,2,1594,1,,85,6.7,442567,,,,1.8,1
Cow,250,27-Sep-25,WCT,1,,1,,86,6.8,688005,,,,7.2,2
CCT,261,9-Sep-25,WCT,1,,1,,88,6.8,687902,,,,1.8,2
Plimpton,236,3-Oct-25,WCT,1,,1,,89,6.8,688264,,,,3.3,2
Plimpton,236,3-Oct-25,WCT,1,,1,,89,6.8,688400,,,,3.3,2
CCT,261,9-Sep-25,WCT,2,,1,,91,6.8,434169,,,,1.8,2
Cow,295,2-Jul-25,WCT,3,,1,,79,6.8,,,,,7.2,1
Plimpton,236,8-Jul-25,WCT,1,,1,,87,6.8,437338,,,,3.3,1
Buffalo,294,15-Jul-25,WCT,2,2951,1,,85,6.8,442007,,,,1.5,1
Buffalo,294,15-Jul-25,WCT,2,2951,1,,86,6.8,435583,,,,1.5,1
Cow,250,27-Sep-25,WCT,1,,1,,90,6.9,688069,,,,7.2,2
Buffalo,294,10-Oct-25,WCT,2,,1,,90,6.9,688380,,,,1.5,2
Plimpton,236,3-Oct-25,WCT,1,,1,,91,6.9,688241,,,,3.3,2
Buffalo,294,10-Oct-25,WCT,1,,1,,92,6.9,688393,,,,1.5,2
Cow,250,27-Sep-25,WCT,1,,1,,93,6.9,688112,,,,7.2,2
Cow,250,27-Sep-25,WCT,1,,1,,98,6.9,688186,,,,7.2,2
CCT,261,1-Jul-25,WCT,3,1352,1,,82,6.9,436428,,,,1.8,1
Buffalo,294,15-Jul-25,WCT,3,2028,1,,85,6.9,433994,,,,1.5,1
Jerry,250,4-Aug-25,WCT,1,,1,,86,6.9,435498,,,,2.25,1
Jerry,250,4-Aug-25,WCT,1,,1,,88,6.9,442296,,,,2.25,1
Plimpton,236,3-Oct-25,WCT,1,,1,,89,7,688392,,,,3.3,2
CLT,251,25-Sep-25,WCT,1,,1,,90,7,687826,,,,4.15,2
Cow,250,27-Sep-25,WCT,1,,1,,90,7,688206,,,,7.2,2
Cow,250,27-Sep-25,WCT,1,,1,,90,7,687951,,,,7.2,2
CCT,261,9-Sep-25,WCT,1,,1,,92,7,687890,,,,1.8,2
Cow,250,27-Sep-25,WCT,1,,1,,93,7,688075,,,,7.2,2
Cow,250,27-Sep-25,WCT,1,,1,,93,7,688006,,,,7.2,2
Cow,250,27-Sep-25,WCT,1,,1,,94,7,435639,,,,7.2,2
Pintler,205,2-Oct-25,WCT,1,,1,,85,7.1,688270,,,,5.9,2
Pintler,205,2-Oct-25,WCT,1,,1,,90,7.1,688284,,,,5.9,2
Buffalo,294,10-Oct-25,WCT,1,,1,,90,7.1,434861,1,,,1.5,2
Cow,250,27-Sep-25,WCT,1,,1,,91,7.1,687934,,,,7.2,2
Cow,250,27-Sep-25,WCT,1,,1,,92,7.1,438445,,,,7.2,2
CLT,251,30-Jun-25,WCT,3,2267,1,89,84,7.1,443033,,,,4.15,1
Jerry,250,4-Aug-25,WCT,2,,1,,87,7.1,443436,,,,2.25,1
Jerry,250,9-Oct-25,WCT,1,,1,,90,7.2,443436,1,,,2.25,2
CLT,251,25-Sep-25,WCT,2,,1,,92,7.2,687800,,,,4.15,2
CLT,251,25-Sep-25,WCT,1,,1,,92,7.2,687827,,,,4.15,2
Cow,250,27-Sep-25,WCT,1,,1,,92,7.2,687937,,,,7.2,2
Cow,250,27-Sep-25,WCT,1,,1,,93,7.2,688129,,,,7.2,2
CCT,261,1-Jul-25,WCT,3,1352,1,,83,7.2,443529,,,,1.8,1
Jerry,250,4-Aug-25,WCT,1,,1,,90,7.2,444521,,,,2.25,1
Plimpton,236,3-Oct-25,WCT,1,,1,,89,7.3,388401,,,,3.3,2
CLT,251,25-Sep-25,WCT,2,,1,,90,7.3,687741,,,,4.15,2
Pintler,205,2-Oct-25,WCT,1,,1,,90,7.3,688242,,,,5.9,2
Cow,250,27-Sep-25,WCT,1,,1,,91,7.3,687940,,,,7.2,2
Buffalo,294,10-Oct-25,WCT,1,,1,,91,7.3,688507,,,,1.5,2
CLT,251,25-Sep-25,WCT,2,,1,,93,7.3,687736,,,,4.15,2
Pintler,205,7-Jul-25,WCT,1,1456,1,,83,7.3,444524,,,,5.9,1
Jerry,250,4-Aug-25,WCT,1,,1,,89,7.3,444907,,,,2.25,1
Jerry,250,4-Aug-25,WCT,3,,1,,91,7.3,443412,,,,2.25,1
Cow,250,27-Sep-25,WCT,1,,1,,83,7.4,688132,,,,7.2,2
CLT,251,25-Sep-25,WCT,3,,1,,90,7.4,687781,,,,4.15,2
Pintler,205,2-Oct-25,WCT,2,,1,,90,7.4,688234,,,,5.9,2
Plimpton,236,3-Oct-25,WCT,2,,1,,90,7.4,688224,,,,3.3,2
CCT,261,9-Sep-25,WCT,1,,1,,91,7.4,687630,,,,1.8,2
Plimpton,236,3-Oct-25,WCT,1,,1,,92,7.4,688228,,,,3.3,2
Cow,250,27-Sep-25,WCT,1,,1,,94,7.4,,,,,7.2,2
Pintler,205,2-Oct-25,WCT,1,,1,,94,7.4,688301,,,,5.9,2
CLT,251,30-Jun-25,WCT,1,3260,1,88,83,7.4,438301,,,,4.15,1
CCT,261,1-Jul-25,WCT,1,1457,1,88,84,7.4,437439,,,,1.8,1
Cow,295,2-Jul-25,WCT,2,,1,,90,7.4,435643,,,mort,7.2,1
Pintler,205,7-Jul-25,WCT,3,1220,1,,89,7.4,435363,,,,5.9,1
Buffalo,294,15-Jul-25,WCT,2,2951,1,,88,7.4,433534,,,,1.5,1
Jerry,250,4-Aug-25,WCT,1,,1,,89,7.4,436984,,,,2.25,1
Cow,250,27-Sep-25,WCT,1,,1,,89,7.5,688124,,,,7.2,2
Cow,250,27-Sep-25,WCT,1,,1,,90,7.5,688151,,,,7.2,2
CLT,251,25-Sep-25,WCT,2,,1,,93,7.5,687768,,,,4.15,2
Dry,210,4-Oct-25,WCT,1,,1,,95,7.5,688326,,,,3.3,2
CCT,261,1-Jul-25,WCT,1,1457,1,90,84,7.5,433579,,,,1.8,1
Buffalo,294,15-Jul-25,WCT,1,,1,,90,7.5,442925,,,,1.5,1
CLT,251,25-Sep-25,WCT,3,,1,,90,7.6,438306,,,,4.15,2
Cow,250,27-Sep-25,WCT,1,,1,,91,7.6,688120,,,,7.2,2
CLT,251,25-Sep-25,WCT,2,,1,,93,7.6,687748,,,,4.15,2
Cow,250,27-Sep-25,WCT,1,,1,,93,7.6,,,,,7.2,2
Cow,250,27-Sep-25,WCT,1,,1,,93,7.6,687989,,,,7.2,2
CLT,251,30-Jun-25,WCT,1,3260,1,91,86,7.6,435170,,,,4.15,1
CLT,251,30-Jun-25,WCT,2,1971,1,93,88,7.6,443768,,,,4.15,1
CCT,261,1-Jul-25,WCT,1,1457,1,92,87,7.6,434369,,,,1.8,1
Jerry,250,4-Aug-25,WCT,1,,1,,89,7.6,434952,,,,2.25,1
Cow,250,27-Sep-25,WCT,1,,1,,92,7.7,688158,,,,7.2,2
CCT,261,9-Sep-25,WCT,1,,1,,93,7.7,687685,,,,1.8,2
Cow,250,27-Sep-25,WCT,1,,1,,93,7.7,442666,,,,7.2,2
CCT,261,9-Sep-25,WCT,1,,1,,94,7.7,687702,,,,1.8,2
Buffalo,294,10-Oct-25,WCT,1,,1,,94,7.7,688358,,,,1.5,2
CCT,261,9-Sep-25,WCT,1,,1,,95,7.7,687900,,,,1.8,2
Buffalo,294,10-Oct-25,WCT,1,,1,,95,7.7,,,,,1.5,2
CCT,261,1-Jul-25,WCT,2,1594,1,,87,7.7,444414,,,,1.8,1
CCT,261,1-Jul-25,WCT,3,1352,1,,84,7.7,433322,,,,1.8,1
Cow,295,2-Jul-25,WCT,2,,1,,89,7.7,444783,,,,7.2,1
Jerry,250,4-Aug-25,WCT,1,,1,,91,7.7,443380,,,,2.25,1
Jerry,250,4-Aug-25,WCT,1,,1,,90,7.7,435035,,,,2.25,1
Jerry,250,4-Aug-25,WCT,2,,1,,89,7.7,436094,,,,2.25,1
Cow,250,27-Sep-25,WCT,1,,1,,91,7.8,688171,,,,7.2,2
Cow,250,27-Sep-25,WCT,1,,1,,91,7.8,,,,,7.2,2
Cow,250,27-Sep-25,WCT,1,,1,,91,7.8,688207,,,,7.2,2
Cow,250,27-Sep-25,WCT,1,,1,,93,7.8,687966,,,,7.2,2
CLT,251,25-Sep-25,WCT,2,,1,,94,7.8,687753,,,,4.15,2
CLT,251,25-Sep-25,WCT,1,,1,,94,7.8,687878,,,,4.15,2
CCT,261,1-Jul-25,WCT,3,1352,1,,90,7.8,438043,,,,1.8,1
Pintler,205,2-Oct-25,WCT,1,,1,,89,7.9,688276,,,,5.9,2
Jerry,250,9-Oct-25,WCT,1,,1,,92,7.9,434952,1,,,2.25,2
CLT,251,25-Sep-25,WCT,2,,1,,93,7.9,687772,,,,4.15,2
Jerry,250,9-Oct-25,WCT,1,,1,,94,7.9,444073,1,,,2.25,2
CLT,251,25-Sep-25,WCT,1,,1,,95,7.9,687836,,,,4.15,2
Pintler,205,2-Oct-25,WCT,1,,1,,95,7.9,688273,,,,5.9,2
Plimpton,236,3-Oct-25,WCT,1,,1,,96,7.9,688418,,,,3.3,2
CCT,261,1-Jul-25,WCT,1,1457,1,90,85,7.9,443003,,,,1.8,1
Pintler,205,7-Jul-25,WCT,1,1456,1,,89,7.9,444434,,,,5.9,1
Buffalo,294,15-Jul-25,WCT,1,,1,,90,7.9,444558,,,,1.5,1
Buffalo,294,15-Jul-25,WCT,3,2028,1,,85,7.9,434861,,,,1.5,1
Jerry,250,9-Oct-25,WCT,1,,1,,93,8,443380,1,,,2.25,2
Cow,250,27-Sep-25,WCT,1,,1,,94,8,444160,,,,7.2,2
CLT,251,25-Sep-25,WCT,3,,1,,95,8,444217,,,,4.15,2
CLT,251,25-Sep-25,WCT,2,,1,,95,8,687738,,,,4.15,2
CCT,261,1-Jul-25,WCT,2,1594,1,,85,8,442243,,,,1.8,1
Dry,210,9-Jul-25,WCT,1,,1,,91,8,435304,,,,3.3,1
Jerry,250,4-Aug-25,WCT,1,,1,,91,8,444073,,,,2.25,1
CLT,251,25-Sep-25,WCT,1,,1,,124,8,687907,,,,4.15,2
CLT,251,25-Sep-25,WCT,1,,1,,90,8.1,687865,,,,4.15,2
Pintler,205,2-Oct-25,WCT,1,,1,,90,8.1,688311,,,,5.9,2
Cow,250,27-Sep-25,WCT,1,,1,,93,8.1,,,,mort,7.2,2
CLT,251,25-Sep-25,WCT,1,,1,,94,8.1,687809,,,,4.15,2
CLT,251,25-Sep-25,WCT,1,,1,,94,8.1,687899,,,,4.15,2
Cow,250,27-Sep-25,WCT,1,,1,,96,8.1,688119,,,,7.2,2
Cow,250,27-Sep-25,WCT,1,,1,,96,8.1,688073,,,,7.2,2
Cow,250,27-Sep-25,WCT,1,,1,,97,8.1,687953,,,,7.2,2
Plimpton,236,8-Jul-25,WCT,2,2196,1,,91,8.1,438687,,,,3.3,1
Buffalo,294,15-Jul-25,WCT,2,2951,1,,89,8.1,434700,,,,1.5,1
Buffalo,294,15-Jul-25,WCT,2,2951,1,,90,8.1,443241,,,,1.5,1
Buffalo,294,15-Jul-25,WCT,3,2028,1,,88,8.1,441319,,,,1.5,1
Cow,250,27-Sep-25,WCT,1,,1,,89,8.2,688088,,,,7.2,2
Cow,250,27-Sep-25,WCT,1,,1,,94,8.2,688103,,,,7.2,2
Plimpton,236,3-Oct-25,WCT,1,,1,,95,8.2,688258,,,,3.3,2
CCT,261,9-Sep-25,WCT,1,,1,,96,8.2,687686,,,,1.8,2
CCT,261,9-Sep-25,WCT,2,,1,,96,8.2,438462,,,,1.8,2
CLT,251,25-Sep-25,WCT,1,,1,,99,8.2,687882,,,,4.15,2
Cow,295,2-Jul-25,WCT,2,,1,,87,8.2,434877,,,,7.2,1
Plimpton,236,8-Jul-25,WCT,1,,1,,91,8.2,436217,,,,3.3,1
Buffalo,294,15-Jul-25,WCT,1,,1,,90,8.2,437409,,,,1.5,1
Jerry,250,4-Aug-25,WCT,1,,1,,98,8.2,444415,,,,2.25,1
Jerry,250,4-Aug-25,WCT,1,,1,,92,8.2,443816,,,,2.25,1
Jerry,250,4-Aug-25,WCT,1,,1,,89,8.2,435618,,,,2.25,1
CLT,251,25-Sep-25,WCT,1,,1,,94,8.3,687838,,,,4.15,2
Cow,250,27-Sep-25,WCT,1,,1,,95,8.3,442829,,,,7.2,2
Cow,250,27-Sep-25,WCT,1,,1,,95,8.3,687950,,,,7.2,2
CLT,251,25-Sep-25,WCT,1,,1,,96,8.3,687848,,,,4.15,2
Cow,250,27-Sep-25,WCT,1,,1,,96,8.3,688220,,,,7.2,2
CLT,251,25-Sep-25,WCT,2,,1,,97,8.3,687728,,,,4.15,2
CLT,251,25-Sep-25,WCT,2,,1,,97,8.3,687779,,,,4.15,2
CLT,251,25-Sep-25,WCT,1,,1,,97,8.3,687854,,,,4.15,2
CLT,251,25-Sep-25,WCT,1,,1,,100,8.3,687866,,,,4.15,2
Buffalo,294,15-Jul-25,WCT,1,,1,,92,8.3,443780,,,,1.5,1
Buffalo,294,15-Jul-25,WCT,1,,1,,93,8.3,442018,,,,1.5,1
Buffalo,294,15-Jul-25,WCT,2,2951,1,,91,8.3,44067,,,,1.5,1
Jerry,250,4-Aug-25,WCT,1,,1,,103,8.3,437283,,,,2.25,1
CCT,261,9-Sep-25,WCT,1,,1,,91,8.4,687656,,,,1.8,2
CLT,251,25-Sep-25,WCT,1,,1,,94,8.4,687806,,,,4.15,2
Cow,250,27-Sep-25,WCT,1,,1,,94,8.4,687925,,,,7.2,2
CLT,251,25-Sep-25,WCT,2,,1,,95,8.4,687742,,,,4.15,2
Cow,250,27-Sep-25,WCT,1,,1,,95,8.4,688178,,,,7.2,2
Cow,250,27-Sep-25,WCT,1,,1,,95,8.4,688148,,,,7.2,2
CLT,251,25-Sep-25,WCT,3,,1,,96,8.4,437429,1,,,4.15,2
Buffalo,294,10-Oct-25,WCT,1,,1,,96,8.4,441319,1,,,1.5,2
Buffalo,294,10-Oct-25,WCT,2,,1,,98,8.4,688346,,,,1.5,2
Buffalo,294,10-Oct-25,WCT,1,,1,,98,8.4,437009,1,,,1.5,2
CCT,261,1-Jul-25,WCT,3,1352,1,,83,8.4,440984,,,,1.8,1
Jerry,250,4-Aug-25,WCT,1,,1,,94,8.4,444311,,,,2.25,1
Jerry,250,4-Aug-25,WCT,1,,1,,94,8.4,444676,,,,2.25,1
CLT,251,25-Sep-25,WCT,1,,1,,72,8.5,687855,,,,4.15,2
CLT,251,25-Sep-25,WCT,3,,1,,94,8.5,438149,,,,4.15,2
CLT,251,25-Sep-25,WCT,3,,1,,95,8.5,687822,,,,4.15,2
CLT,251,25-Sep-25,WCT,2,,1,,95,8.5,687813,,,,4.15,2
CCT,261,9-Sep-25,WCT,1,,1,,95,8.5,687710,,,,1.8,2
Pintler,205,2-Oct-25,WCT,3,,1,,95,8.5,688288,,,,5.9,2
CCT,261,9-Sep-25,WCT,2,,1,,96,8.5,444790,,,,1.8,2
Buffalo,294,10-Oct-25,WCT,2,,1,,96,8.5,688366,,,,1.5,2
CLT,251,25-Sep-25,WCT,1,,1,,97,8.5,687881,,,,4.15,2
Plimpton,236,3-Oct-25,WCT,1,,1,,97,8.5,688256,,,,3.3,2
CCT,261,1-Jul-25,WCT,1,1457,1,93,88,8.5,435663,,,,1.8,1
Cow,295,2-Jul-25,WCT,1,,1,,90.5,8.5,444313,,,,7.2,1
Cow,250,27-Sep-25,WCT,1,,1,,95,8.6,,,,,7.2,2
Buffalo,294,10-Oct-25,WCT,1,,1,,97,8.6,433994,1,,,1.5,2
CLT,251,25-Sep-25,WCT,2,,1,,98,8.6,687732,,,,4.15,2
Plimpton,236,3-Oct-25,WCT,1,,1,,99,8.6,688232,,,,3.3,2
Buffalo,294,15-Jul-25,WCT,1,,1,,91,8.6,434839,,,,1.5,1
Buffalo,294,15-Jul-25,WCT,1,,1,,92,8.6,444580,,,,1.5,1
Jerry,250,4-Aug-25,WCT,1,,1,,93,8.6,444459,,,,2.25,1
CLT,251,25-Sep-25,WCT,1,,1,,95,8.7,687858,,,,4.15,2
Cow,250,27-Sep-25,WCT,1,,1,,95,8.7,688185,,,,7.2,2
Plimpton,236,3-Oct-25,WCT,2,,1,,97,8.7,688243,,,,3.3,2
CLT,251,25-Sep-25,WCT,2,,1,,99,8.7,687804,,,,4.15,2
CCT,261,1-Jul-25,WCT,1,1457,1,95,90,8.7,441363,,,,1.8,1
CCT,261,1-Jul-25,WCT,2,1594,1,,90,8.7,443546,,,,1.8,1
Buffalo,294,10-Oct-25,WCT,3,,1,,96,8.8,688352,,,,1.5,2
CLT,251,25-Sep-25,WCT,1,,1,,98,8.8,687870,,,,4.15,2
CLT,251,25-Sep-25,WCT,1,,1,,99,8.8,687920,,,,4.15,2
Cow,250,27-Sep-25,WCT,1,,1,,100,8.8,688147,,,,7.2,2
CCT,261,1-Jul-25,WCT,2,1594,1,,86,8.8,442036,,,,1.8,1
Cow,295,2-Jul-25,WCT,2,,1,,82,8.8,437941,,,,7.2,1
Pintler,205,7-Jul-25,WCT,2,1282,1,,90,8.8,444689,,,,5.9,1
Pintler,205,2-Oct-25,WCT,1,,1,,94,8.9,688235,,,,5.9,2
CCT,261,9-Sep-25,WCT,1,,1,,96,8.9,687682,,,,1.8,2
CCT,261,9-Sep-25,WCT,1,,1,,98,8.9,687862,,,,1.8,2
CCT,261,9-Sep-25,WCT,1,,1,,98,8.9,687884,,,,1.8,2
Cow,250,27-Sep-25,WCT,1,,1,,98,8.9,688217,,,,7.2,2
Cow,295,2-Jul-25,WCT,2,,1,,92,8.9,432693,,,,7.2,1
Pintler,205,7-Jul-25,WCT,1,1456,1,,93,8.9,438099,,,,5.9,1
Buffalo,294,15-Jul-25,WCT,1,,1,,92,8.9,443189,,,,1.5,1
Buffalo,294,15-Jul-25,WCT,2,2951,1,,93,8.9,437529,,,,1.5,1
Buffalo,294,15-Jul-25,WCT,2,2951,1,,95,8.9,436399,,,,1.5,1
Buffalo,294,15-Jul-25,WCT,3,2028,1,,91,8.9,435268,,,,1.5,1
Cow,250,27-Sep-25,WCT,1,,1,,93,9,688078,,,,7.2,2
Pintler,205,2-Oct-25,WCT,1,,1,,94,9,688293,,,,5.9,2
CCT,261,9-Sep-25,WCT,1,,1,,95,9,687694,,,,1.8,2
CCT,261,9-Sep-25,WCT,1,,1,,97,9,687700,,,,1.8,2
Cow,250,27-Sep-25,WCT,1,,1,,97,9,688136,,,,7.2,2
Jerry,250,9-Oct-25,WCT,1,,1,,97,9,432741,1,,,2.25,2
Cow,250,27-Sep-25,WCT,1,,1,,98,9,688100,,,,7.2,2
Jerry,250,4-Aug-25,WCT,1,,1,,97,9,435241,,,,2.25,1
Jerry,250,4-Aug-25,WCT,1,,1,,98,9,432741,,,,2.25,1
CLT,251,25-Sep-25,WCT,1,,1,,95,9.1,687825,,,,4.15,2
Cow,250,27-Sep-25,WCT,1,,1,,96,9.1,688030,,,,7.2,2
Buffalo,294,10-Oct-25,WCT,1,,1,,97,9.1,688353,,,,1.5,2
Plimpton,236,3-Oct-25,WCT,1,,1,,98,9.1,437338,1,,,3.3,2
CCT,261,1-Jul-25,WCT,1,1457,1,95,91,9.1,434085,,,,1.8,1
Pintler,205,7-Jul-25,WCT,1,1456,1,,85,9.1,437326,,,,5.9,1
Buffalo,294,15-Jul-25,WCT,2,2951,1,,94,9.1,440949,,,,1.5,1
CCT,261,9-Sep-25,WCT,1,,1,,97,9.2,687628,,,,1.8,2
Cow,250,27-Sep-25,WCT,1,,1,,98,9.2,688008,,,,7.2,2
CCT,261,9-Sep-25,WCT,2,,1,,100,9.2,434750,,,,1.8,2
Buffalo,294,10-Oct-25,WCT,1,,1,,101,9.2,688491,,,,1.5,2
Cow,295,2-Jul-25,WCT,2,,1,,96,9.2,441935,,,,7.2,1
Jerry,250,4-Aug-25,WCT,1,,1,,98,9.2,441681,,,,2.25,1
Jerry,250,4-Aug-25,WCT,1,,1,,95,9.2,434997,,,,2.25,1
CLT,251,25-Sep-25,WCT,1,,1,,95,9.3,687864,,,,4.15,2
Cow,250,27-Sep-25,WCT,1,,1,,96,9.3,688190,,,,7.2,2
Cow,250,27-Sep-25,WCT,1,,1,,99,9.3,687945,,,,7.2,2
Cow,250,27-Sep-25,WCT,1,,1,,99,9.3,687982,,,,7.2,2
Jerry,250,9-Oct-25,WCT,1,,1,,99,9.3,435241,1,,,2.25,2
CCT,261,9-Sep-25,WCT,1,,1,,101,9.3,687704,,,,1.8,2
Cow,250,27-Sep-25,WCT,1,,1,,101,9.3,688042,,,,7.2,2
Cow,250,27-Sep-25,WCT,1,,1,,101,9.3,688016,,,,7.2,2
CCT,261,1-Jul-25,WCT,1,1457,1,97,93,9.3,442918,,,,1.8,1
Buffalo,294,15-Jul-25,WCT,1,,1,,96,9.3,436972,,,,1.5,1
Buffalo,294,15-Jul-25,WCT,2,2951,1,,97,9.3,,,,mort,1.5,1
Jerry,250,4-Aug-25,WCT,1,,1,,98,9.3,442411,,,,2.25,1
CCT,261,9-Sep-25,WCT,1,,1,,96,9.4,687634,,,,1.8,2
Cow,250,27-Sep-25,WCT,1,,1,,97,9.4,688212,,,,7.2,2
CCT,261,9-Sep-25,WCT,1,,1,,98,9.4,687678,,,,1.8,2
CLT,251,25-Sep-25,WCT,3,,1,,99,9.4,436061,,,,4.15,2
Cow,250,27-Sep-25,WCT,1,,1,,99,9.4,688127,,,,7.2,2
CLT,251,25-Sep-25,WCT,1,,1,,100,9.4,687832,,,,4.15,2
CLT,251,25-Sep-25,WCT,1,,1,,100,9.4,687880,,,,4.15,2
CCT,261,9-Sep-25,WCT,1,,1,,100,9.4,687663,,,,1.8,2
CLT,251,25-Sep-25,WCT,3,,1,,101,9.4,438226,,,,4.15,2
Buffalo,294,10-Oct-25,WCT,1,,1,,102,9.4,688345,,,,1.5,2
CCT,261,1-Jul-25,WCT,1,1457,1,97,92,9.4,433547,,,,1.8,1
CCT,261,1-Jul-25,WCT,2,1594,1,,97,9.4,437371,,,,1.8,1
Jerry,250,4-Aug-25,WCT,1,,1,,99,9.4,433884,,,,2.25,1
Jerry,250,4-Aug-25,WCT,1,,1,,99,9.4,438850,,,,2.25,1
Jerry,250,4-Aug-25,WCT,1,,1,,96,9.4,441701,,,,2.25,1
Jerry,250,4-Aug-25,WCT,1,,1,,98,9.4,443172,,,,2.25,1
Cow,250,27-Sep-25,WCT,1,,1,,94,9.5,688218,,,,7.2,2
Cow,250,27-Sep-25,WCT,1,,1,,96,9.5,688083,,,,7.2,2
CLT,251,25-Sep-25,WCT,3,,1,,99,9.5,437876,,,,4.15,2
Cow,250,27-Sep-25,WCT,1,,1,,99,9.5,688088,,,,7.2,2
CLT,251,25-Sep-25,WCT,2,,1,,100,9.5,687752,,,,4.15,2
CLT,251,25-Sep-25,WCT,2,,1,,100,9.5,687735,,,,4.15,2
Cow,250,27-Sep-25,WCT,1,,1,,100,9.5,443462,,,,7.2,2
Jerry,250,9-Oct-25,WCT,1,,1,,100,9.5,438594,1,,,2.25,2
Jerry,250,9-Oct-25,WCT,1,,1,,100,9.5,688341,,,,2.25,2
Buffalo,294,10-Oct-25,WCT,1,,1,,100,9.5,442007,1,,,1.5,2
Buffalo,294,10-Oct-25,WCT,1,,1,,100,9.5,688503,,,,1.5,2
Buffalo,294,10-Oct-25,WCT,1,,1,,100,9.5,688522,,,,1.5,2
CCT,261,1-Jul-25,WCT,1,1457,1,98,94,9.5,434905,,,,1.8,1
Pintler,205,7-Jul-25,WCT,1,1456,1,,92,9.5,441581,,,,5.9,1
Plimpton,236,8-Jul-25,WCT,1,,1,,97,9.5,438054,,,,3.3,1
Buffalo,294,15-Jul-25,WCT,1,,1,,95,9.5,442541,,,,1.5,1
Buffalo,294,15-Jul-25,WCT,3,2028,1,,97,9.5,435904,,,,1.5,1
Jerry,250,4-Aug-25,WCT,3,,1,,99,9.5,435430,,,,2.25,1
CLT,251,25-Sep-25,WCT,3,,1,,96,9.6,444495,,,,4.15,2
Cow,250,27-Sep-25,WCT,1,,1,,97,9.6,687928,,,,7.2,2
CCT,261,9-Sep-25,WCT,1,,1,,98,9.6,687755,,,,1.8,2
Cow,250,27-Sep-25,WCT,1,,1,,98,9.6,688066,,,,7.2,2
Cow,250,27-Sep-25,WCT,1,,1,,98,9.6,440920,,,,7.2,2
Cow,250,27-Sep-25,WCT,1,,1,,99,9.6,688010,,,,7.2,2
CCT,261,9-Sep-25,WCT,1,,1,,100,9.6,687916,,,,1.8,2
Plimpton,236,3-Oct-25,WCT,1,,1,,100,9.6,688386,,,,3.3,2
CCT,261,9-Sep-25,WCT,1,,1,,101,9.6,687754,,,,1.8,2
Jerry,250,4-Aug-25,WCT,1,,1,,98,9.7,437975,,,,2.25,1
Jerry,250,4-Aug-25,WCT,1,,1,,98,9.7,437912,,,,2.25,1
CLT,251,25-Sep-25,WCT,1,,1,,60,9.8,687837,,,,4.15,2
Cow,250,27-Sep-25,WCT,1,,1,,86,9.8,436359,,,,7.2,2
CLT,251,25-Sep-25,WCT,1,,1,,95,9.8,687856,,,,4.15,2
CLT,251,25-Sep-25,WCT,1,,1,,100,9.8,441010,1,,,4.15,2
Buffalo,294,10-Oct-25,WCT,1,,1,,100,9.8,688524,,,,1.5,2
CLT,251,25-Sep-25,WCT,3,,1,,101,9.8,444390,,,,4.15,2
Jerry,250,9-Oct-25,WCT,1,,1,,103,9.8,442955,1,,,2.25,2
CCT,261,9-Sep-25,WCT,1,,1,,105,9.8,687817,,,,1.8,2
Buffalo,294,15-Jul-25,WCT,1,,1,,98,9.8,442272,,,,1.5,1
Jerry,250,4-Aug-25,WCT,1,,1,,99,9.8,433416,,,,2.25,1
Cow,250,27-Sep-25,WCT,1,,1,,99,9.9,687943,,,,7.2,2
Pintler,205,2-Oct-25,WCT,2,,1,,99,9.9,688313,,,,5.9,2
CLT,251,25-Sep-25,WCT,1,,1,,100,9.9,687790,,,,4.15,2
CLT,251,25-Sep-25,WCT,1,,1,,100,9.9,687793,,,,4.15,2
Cow,250,27-Sep-25,WCT,1,,1,,100,9.9,442420,,,,7.2,2
CLT,251,25-Sep-25,WCT,2,,1,,102,9.9,687819,,,,4.15,2
Cow,250,27-Sep-25,WCT,1,,1,,103,9.9,687941,,,,7.2,2
CCT,261,1-Jul-25,WCT,1,1457,1,98,93,9.9,444602,,,,1.8,1
Plimpton,236,8-Jul-25,WCT,3,2249,1,,98,9.9,441331,,,,3.3,1
Dry,210,9-Jul-25,WCT,1,,1,,98,9.9,434744,,,,3.3,1
Buffalo,294,15-Jul-25,WCT,2,2951,1,,96,9.9,438510,,,,1.5,1
Jerry,250,4-Aug-25,WCT,1,,1,,98,9.9,438594,,,,2.25,1
Jerry,250,4-Aug-25,WCT,1,,1,,102,9.9,436368,,,,2.25,1
Jerry,250,4-Aug-25,WCT,1,,1,,98,9.9,438673,,,,2.25,1
Jerry,250,4-Aug-25,WCT,3,,1,,101,9.9,442955,,,,2.25,1
CCT,261,9-Sep-25,WCT,1,,1,,100,10,687898,,,,1.8,2
Jerry,250,9-Oct-25,WCT,1,,1,,100,10,441681,1,,,2.25,2
CLT,251,25-Sep-25,WCT,3,,1,,101,10,434345,,,,4.15,2
CCT,261,9-Sep-25,WCT,2,,1,,103,10,435470,,,,1.8,2
Cow,250,27-Sep-25,WCT,1,,1,,103,10,441062,,,,7.2,2
Buffalo,294,10-Oct-25,WCT,1,,1,,103,10,442018,1,,,1.5,2
CCT,261,9-Sep-25,WCT,1,,1,,104,10,687673,,,,1.8,2
Cow,250,27-Sep-25,WCT,1,,1,,105,10,688149,,,,7.2,2
Cow,295,2-Jul-25,WCT,3,,1,,96,10,441353,,,,7.2,1
Jerry,250,9-Oct-25,WCT,1,,1,,100,10.1,444808,1,,,2.25,2
Pintler,205,2-Oct-25,WCT,1,,1,,101,10.1,688309,,,,5.9,2
Buffalo,294,10-Oct-25,WCT,3,,1,,104,10.1,688420,,,,1.5,2
Cow,250,27-Sep-25,WCT,1,,1,,101,10.2,688114,,,,7.2,2
CLT,251,25-Sep-25,WCT,3,,1,,102,10.2,442568,,,,4.15,2
Plimpton,236,3-Oct-25,WCT,1,,1,,102,10.2,688378,,,,3.3,2
CCT,261,9-Sep-25,WCT,2,,1,,103,10.2,444326,,,,1.8,2
Jerry,250,4-Aug-25,WCT,1,,1,,101,10.2,433821,,,,2.25,1
Jerry,250,9-Oct-25,WCT,1,,1,,100,10.3,438673,1,,,2.25,2
Cow,250,27-Sep-25,WCT,1,,1,,101,10.3,688034,,,,7.2,2
Buffalo,294,10-Oct-25,WCT,1,,1,,101,10.3,444178,,,,1.5,2
Buffalo,294,10-Oct-25,WCT,1,,1,,102,10.3,688514,,,,1.5,2
CCT,261,9-Sep-25,WCT,2,,1,,103,10.3,443171,,,,1.8,2
Cow,250,27-Sep-25,WCT,1,,1,,103,10.3,688101,,,,7.2,2
Buffalo,294,10-Oct-25,WCT,1,,1,,104,10.3,688339,,,,1.5,2
Plimpton,236,8-Jul-25,WCT,1,,1,,98,10.3,442813,,,,3.3,1
CCT,261,9-Sep-25,WCT,2,,1,,102,10.4,435574,,,,1.8,2
Pintler,205,2-Oct-25,WCT,2,,1,,102,10.4,688323,,,,5.9,2
CLT,251,25-Sep-25,WCT,1,,1,,103,10.4,687833,,,,4.15,2
Jerry,250,9-Oct-25,WCT,1,,1,,103,10.4,438566,1,,,2.25,2
Cow,250,27-Sep-25,WCT,1,,1,,104,10.4,687957,,,,7.2,2
Cow,250,27-Sep-25,WCT,1,,1,,107,10.4,687986,,,,7.2,2
Jerry,250,4-Aug-25,WCT,1,,1,,100,10.4,444808,,,,2.25,1
CLT,251,25-Sep-25,WCT,1,,1,,100,10.5,687860,,,,4.15,2
CCT,261,9-Sep-25,WCT,1,,1,,100,10.5,687715,,,,1.8,2
Cow,250,27-Sep-25,WCT,1,,1,,100,10.5,688219,,,,7.2,2
CLT,251,25-Sep-25,WCT,1,,1,,102,10.5,687875,,,,4.15,2
Cow,250,27-Sep-25,WCT,1,,1,,102,10.5,687973,,,,7.2,2
Plimpton,236,3-Oct-25,WCT,1,,1,,103,10.5,688385,,,,3.3,2
Cow,250,27-Sep-25,WCT,1,,1,,104,10.5,688038,,,,7.2,2
Cow,250,27-Sep-25,WCT,1,,1,,104,10.5,688152,,,,7.2,2
Jerry,250,9-Oct-25,WCT,1,,1,,104,10.5,688329,,,,2.25,2
Cow,250,27-Sep-25,WCT,1,,1,,105,10.5,688221,,,,7.2,2
Dry,210,4-Oct-25,WCT,2,,1,,105,10.5,688354,,,,3.3,2
Plimpton,236,8-Jul-25,WCT,1,,1,,101,10.5,434112,,,,3.3,1
Jerry,250,4-Aug-25,WCT,1,,1,,103,10.5,438208,,,,2.25,1
CLT,251,25-Sep-25,WCT,1,,1,,101,10.6,687850,,,,4.15,2
Buffalo,294,10-Oct-25,WCT,1,,1,,105,10.6,688396,,,,1.5,2
Pintler,205,7-Jul-25,WCT,1,1456,1,,97,10.6,436414,,,,5.9,1
Buffalo,294,15-Jul-25,WCT,3,2028,1,,99,10.6,437314,,,,1.5,1
Jerry,250,4-Aug-25,WCT,1,,1,,100,10.6,434995,,,,2.25,1
CLT,251,25-Sep-25,WCT,1,,1,,100,10.7,687849,,,,4.15,2
Cow,250,27-Sep-25,WCT,1,,1,,100,10.7,435250,,,,7.2,2
Jerry,250,9-Oct-25,WCT,1,,1,,101,10.7,688398,,,,2.25,2
CLT,251,25-Sep-25,WCT,2,,1,,104,10.7,687802,,,,4.15,2
Cow,250,27-Sep-25,WCT,1,,1,,104,10.7,688198,,,,7.2,2
CLT,251,30-Jun-25,WCT,1,3260,1,106,100,10.7,443705,,,,4.15,1
Buffalo,294,15-Jul-25,WCT,1,,1,,97,10.7,436093,,,,1.5,1
Buffalo,294,15-Jul-25,WCT,2,2951,1,,100,10.7,444879,,,,1.5,1
Jerry,250,4-Aug-25,WCT,1,,1,,101,10.7,442241,,,,2.25,1
Jerry,250,4-Aug-25,WCT,1,,1,,102,10.7,441711,,,,2.25,1
CCT,261,9-Sep-25,WCT,1,,1,,100,10.8,687646,,,,1.8,2
Cow,250,27-Sep-25,WCT,1,,1,,101,10.8,688084,,,,7.2,2
Cow,250,27-Sep-25,WCT,1,,1,,101,10.8,,,,,7.2,2
CLT,251,25-Sep-25,WCT,1,,1,,105,10.8,687795,,,,4.15,2
Cow,250,27-Sep-25,WCT,1,,1,,105,10.8,688000,,,,7.2,2
Buffalo,294,15-Jul-25,WCT,1,,1,,100,10.8,434167,,,,1.5,1
Jerry,250,4-Aug-25,WCT,1,,1,,103,10.8,438770,,,,2.25,1
Jerry,250,4-Aug-25,WCT,2,,1,,102,10.8,443393,,,,2.25,1
CLT,251,25-Sep-25,WCT,1,,1,,107,10.8,687911,,,,4.15,2
CCT,261,9-Sep-25,WCT,1,,1,,100,10.9,687785,,,,1.8,2
Cow,250,27-Sep-25,WCT,1,,1,,103,10.9,687958,,,,7.2,2
CCT,261,9-Sep-25,WCT,1,,1,,104,10.9,687681,,,,1.8,2
Jerry,250,9-Oct-25,WCT,1,,1,,104,10.9,433416,1,,,2.25,2
CLT,251,25-Sep-25,WCT,3,,1,,108,10.9,434142,,,,4.15,2
CLT,251,25-Sep-25,WCT,2,,1,,103,11,687740,,,,4.15,2
CCT,261,9-Sep-25,WCT,1,,1,,103,11,687676,,,,1.8,2
Jerry,250,9-Oct-25,WCT,2,,1,,103,11,437137,1,,,2.25,2
CCT,261,9-Sep-25,WCT,1,,1,,105,11,687633,,,,1.8,2
Cow,250,27-Sep-25,WCT,1,,1,,105,11,,,,,7.2,2
Cow,250,27-Sep-25,WCT,1,,1,,105,11,433656,,,,7.2,2
Cow,295,2-Jul-25,WCT,1,,1,,107,11,434415,,,,7.2,1
Buffalo,294,15-Jul-25,WCT,1,,1,,101,11,438055,,,,1.5,1
Buffalo,294,15-Jul-25,WCT,2,2951,1,,99,11,435711,,,,1.5,1
Buffalo,294,10-Oct-25,WCT,2,,1,,110,11,688337,,,,1.5,2
Plimpton,236,3-Oct-25,WCT,1,,1,,117,11,434112,1,,,3.3,2
Pintler,205,2-Oct-25,WCT,3,,1,,101,11.1,688296,,,,5.9,2
CCT,261,9-Sep-25,WCT,1,,1,,102,11.1,687722,,,,1.8,2
Jerry,250,9-Oct-25,WCT,2,,1,,102,11.1,432774,1,,,2.25,2
CLT,251,25-Sep-25,WCT,2,,1,,104,11.1,687747,,,,4.15,2
CLT,251,25-Sep-25,WCT,2,,1,,105,11.1,687744,,,,4.15,2
Jerry,250,4-Aug-25,WCT,1,,1,,102,11.1,438566,,,,2.25,1
Buffalo,294,10-Oct-25,WCT,3,,1,,105,11.1,436972,1,,,1.5,2
Buffalo,294,10-Oct-25,WCT,1,,1,,105,11.1,688338,,,,1.5,2
Pintler,205,2-Oct-25,WCT,1,,1,,107,11.1,688314,,,,5.9,2
Jerry,250,9-Oct-25,WCT,1,,1,,103,11.2,688342,,,,2.25,2
Jerry,250,9-Oct-25,WCT,1,,1,,103,11.2,442230,1,,,2.25,2
Cow,250,27-Sep-25,WCT,1,,1,,104,11.2,435822,,,,7.2,2
Cow,295,2-Jul-25,WCT,3,,1,,103,11.2,437304,,,,7.2,1
Buffalo,294,10-Oct-25,WCT,1,,1,,105,11.2,440949,1,,,1.5,2
CCT,261,9-Sep-25,WCT,1,,1,,100,11.3,687635,,,,1.8,2
CCT,261,9-Sep-25,WCT,2,,1,,104,11.3,434408,,,,1.8,2
Buffalo,294,15-Jul-25,WCT,1,,1,,99,11.3,436004,,,,1.5,1
Buffalo,294,15-Jul-25,WCT,2,2951,1,,100,11.3,444720,,,,1.5,1
Jerry,250,4-Aug-25,WCT,1,,1,,101,11.3,442230,,,,2.25,1
Jerry,250,4-Aug-25,WCT,1,,1,,103,11.3,437137,,,,2.25,1
Jerry,250,4-Aug-25,WCT,1,,1,,106,11.3,435523,,,,2.25,1
Jerry,250,4-Aug-25,WCT,1,,1,,103,11.3,432744,,,,2.25,1
CLT,251,25-Sep-25,WCT,2,,1,,105,11.3,435170,1,,,4.15,2
CLT,251,25-Sep-25,WCT,3,,1,,106,11.3,687788,,,,4.15,2
CCT,261,9-Sep-25,WCT,1,,1,,106,11.3,387624,,,,1.8,2
Dry,210,4-Oct-25,WCT,2,,1,,106,11.3,688361,,,,3.3,2
Buffalo,294,10-Oct-25,WCT,1,,1,,107,11.3,688355,,,,1.5,2
Cow,295,2-Jul-25,WCT,1,,1,,107,11.4,437962,,,mort,7.2,1
Buffalo,294,15-Jul-25,WCT,3,2028,1,,100,11.4,434893,,,,1.5,1
CLT,251,25-Sep-25,WCT,2,,1,,106,11.4,687764,,,,4.15,2
Cow,250,27-Sep-25,WCT,1,,1,,106,11.4,687956,,,,7.2,2
Cow,250,27-Sep-25,WCT,1,,1,,225,11.4,,,,,7.2,2
CLT,251,25-Sep-25,WCT,2,,1,,103,11.5,687737,,,,4.15,2
CLT,251,25-Sep-25,WCT,2,,1,,104,11.5,687760,,,,4.15,2
Cow,250,27-Sep-25,WCT,1,,1,,105,11.5,687939,,,,7.2,2
CLT,251,25-Sep-25,WCT,1,,1,,106,11.5,687853,,,,4.15,2
Jerry,250,9-Oct-25,WCT,1,,1,,107,11.5,441989,1,,,2.25,2
CLT,251,25-Sep-25,WCT,2,,1,,103,11.6,687807,,,,4.15,2
Cow,250,27-Sep-25,WCT,1,,1,,103,11.6,444585,,,,7.2,2
Jerry,250,4-Aug-25,WCT,1,,1,,106,11.6,441989,,,,2.25,1
CCT,261,9-Sep-25,WCT,2,,1,,105,11.6,435579,,,,1.8,2
CCT,261,9-Sep-25,WCT,2,,1,,107,11.6,435626,,,,1.8,2
Jerry,250,9-Oct-25,WCT,1,,1,,107,11.6,443411,1,,,2.25,2
Dry,210,4-Oct-25,WCT,2,,1,,108,11.6,688347,,,,3.3,2
CLT,251,25-Sep-25,WCT,1,,1,,110,11.6,438273,1,,,4.15,2
Buffalo,294,15-Jul-25,WCT,1,,1,,101,11.7,437098,,,,1.5,1
Buffalo,294,15-Jul-25,WCT,1,,1,,102,11.7,433897,,,,1.5,1
Buffalo,294,15-Jul-25,WCT,3,2028,1,,100,11.7,443821,,,,1.5,1
Jerry,250,4-Aug-25,WCT,1,,1,,106,11.7,443411,,,,2.25,1
Jerry,250,9-Oct-25,WCT,1,,1,,106,11.7,438850,1,,,2.25,2
Buffalo,294,15-Jul-25,WCT,2,2951,1,,103,11.8,442247,,,,1.5,1
CLT,251,25-Sep-25,WCT,1,,1,,106,11.8,687884,,,,4.15,2
Cow,250,27-Sep-25,WCT,1,,1,,109,11.8,688031,,,,7.2,2
Jerry,250,9-Oct-25,WCT,1,,1,,110,11.8,442004,1,,,2.25,2
Cow,250,27-Sep-25,WCT,1,,1,,111,11.8,688184,,,,7.2,2
Plimpton,236,3-Oct-25,WCT,1,,1,,103,11.9,688410,,,,3.3,2
Cow,295,2-Jul-25,WCT,1,,1,,104,11.9,438313,,,,7.2,1
Buffalo,294,15-Jul-25,WCT,1,,1,,103,11.9,434119,,,,1.5,1
Buffalo,294,15-Jul-25,WCT,3,2028,1,,101,11.9,437464,,,,1.5,1
CLT,251,25-Sep-25,WCT,2,,1,,104,11.9,687777,,,,4.15,2
CLT,251,25-Sep-25,WCT,1,,1,,105,11.9,687904,,,,4.15,2
CCT,261,9-Sep-25,WCT,1,,1,,108,11.9,687707,,,,1.8,2
CLT,251,25-Sep-25,WCT,1,,1,,110,11.9,687869,,,,4.15,2
Cow,250,27-Sep-25,WCT,1,,1,,101,12,688024,,,,7.2,2
CLT,251,25-Sep-25,WCT,2,,1,,105,12,687745,,,,4.15,2
CCT,261,9-Sep-25,WCT,1,,1,,108,12,687645,,,,1.8,2
Buffalo,294,10-Oct-25,WCT,1,,1,,108,12,688519,,,,1.5,2
CCT,261,9-Sep-25,WCT,1,,1,,109,12,442031,,,,1.8,2
Cow,250,27-Sep-25,WCT,1,,1,,109,12,688022,,,,7.2,2
CCT,261,9-Sep-25,WCT,1,,1,,128,12,687896,,,,1.8,2
CCT,261,9-Sep-25,WCT,1,,1,,102,12.1,687665,,,,1.8,2
Jerry,250,4-Aug-25,WCT,1,,1,,108,12.1,433644,,,,2.25,1
Jerry,250,4-Aug-25,WCT,1,,1,,106,12.1,443933,,,,2.25,1
Jerry,250,4-Aug-25,WCT,1,,1,,105,12.1,443362,,,,2.25,1
Cow,250,27-Sep-25,WCT,1,,1,,106,12.1,687979,,,,7.2,2
Cow,250,27-Sep-25,WCT,1,,1,,109,12.1,688125,,,,7.2,2
Buffalo,294,10-Oct-25,WCT,1,,1,,109,12.1,688480,,,,1.5,2
Cow,295,2-Jul-25,WCT,3,,1,,103,12.2,435440,,,,7.2,1
Buffalo,294,15-Jul-25,WCT,3,2028,1,,106,12.2,44237,,,,1.5,1
Jerry,250,4-Aug-25,WCT,1,,1,,105,12.2,444617,,,,2.25,1
CCT,261,9-Sep-25,WCT,1,,1,,107,12.2,687696,,,,1.8,2
CCT,261,9-Sep-25,WCT,2,,1,,108,12.2,444042,,,,1.8,2
Cow,250,27-Sep-25,WCT,1,,1,,108,12.2,688196,,,,7.2,2
Jerry,250,9-Oct-25,WCT,2,,1,,108,12.2,434826,1,,,2.25,2
Jerry,250,9-Oct-25,WCT,1,,1,,108,12.2,688402,,,,2.25,2
Buffalo,294,10-Oct-25,WCT,1,,1,,109,12.2,442541,1,,,1.5,2
Cow,295,2-Jul-25,WCT,1,,1,,104,12.3,435348,,,,7.2,1
Jerry,250,4-Aug-25,WCT,1,,1,,106,12.3,436416,,,,2.25,1
Jerry,250,4-Aug-25,WCT,1,,1,,104,12.3,437006,,,,2.25,1
CCT,261,9-Sep-25,WCT,1,,1,,106,12.3,687642,,,,1.8,2
Jerry,250,9-Oct-25,WCT,1,,1,,106,12.3,688408,,,,2.25,2
Cow,250,27-Sep-25,WCT,1,,1,,107,12.3,437933,,,,7.2,2
Jerry,250,4-Aug-25,WCT,1,,1,,110,12.4,443029,,,,2.25,1
CCT,261,9-Sep-25,WCT,2,,1,,108,12.4,441738,1,,,1.8,2
CLT,251,25-Sep-25,WCT,1,,1,,135,12.4,687840,,,,4.15,2
Pintler,205,7-Jul-25,WCT,1,1456,1,,101,12.5,443612,,,,5.9,1
CLT,251,25-Sep-25,WCT,1,,1,,106,12.5,687767,,,,4.15,2
Buffalo,294,10-Oct-25,WCT,1,,1,,108,12.5,688421,,,,1.5,2
CCT,261,9-Sep-25,WCT,1,,1,,109,12.5,435855,1,,,1.8,2
Buffalo,294,10-Oct-25,WCT,1,,1,,109,12.5,688377,,,,1.5,2
Cow,250,27-Sep-25,WCT,1,,1,,110,12.5,688193,,,,7.2,2
CLT,251,25-Sep-25,WCT,1,,1,,111,12.5,687811,,,,4.15,2
CLT,251,25-Sep-25,WCT,1,,1,,111,12.5,687905,,,,4.15,2
CCT,261,9-Sep-25,WCT,1,,1,,111,12.5,438042,1,,,1.8,2
CCT,261,1-Jul-25,WCT,1,1457,1,109,104,12.6,440989,,,,1.8,1
Cow,295,2-Jul-25,WCT,1,,1,,108,12.6,443776,,,,7.2,1
CLT,251,25-Sep-25,WCT,2,,1,,109,12.6,687775,,,,4.15,2
Jerry,250,9-Oct-25,WCT,1,,1,,110,12.6,443029,1,,,2.25,2
Cow,250,27-Sep-25,WCT,1,,1,,114,12.6,688096,,,,7.2,2
Cow,295,2-Jul-25,WCT,2,,1,,106,12.7,433108,,,,7.2,1
Cow,295,2-Jul-25,WCT,3,,1,,109,12.7,438424,,,,7.2,1
Buffalo,294,15-Jul-25,WCT,3,2028,1,,107,12.7,444534,,,,1.5,1
CLT,251,25-Sep-25,WCT,1,,1,,108,12.7,687821,,,,4.15,2
CLT,251,30-Jun-25,WCT,1,3260,1,107,101,12.8,437329,,,,4.15,1
Cow,250,27-Sep-25,WCT,1,,1,,107,12.8,688113,,,,7.2,2
CLT,251,25-Sep-25,WCT,2,,1,,108,12.8,687815,,,,4.15,2
Plimpton,236,3-Oct-25,WCT,1,,1,,108,12.8,,,2,mort,3.3,2
CCT,261,9-Sep-25,WCT,1,,1,,110,12.8,687659,,,,1.8,2
Cow,250,27-Sep-25,WCT,1,,1,,110,12.8,438602,,,,7.2,2
Buffalo,294,10-Oct-25,WCT,3,,1,,110,12.8,434119,1,,,1.5,2
CCT,261,9-Sep-25,WCT,1,,1,,111,12.8,687892,,,,1.8,2
CLT,251,25-Sep-25,WCT,2,,1,,112,12.8,687756,,,,4.15,2
CLT,251,25-Sep-25,WCT,1,,1,,100,12.9,687906,,,,4.15,2
Pintler,205,7-Jul-25,WCT,1,1456,1,,99,12.9,436210,,,,5.9,1
CLT,251,25-Sep-25,WCT,1,,1,,107,12.9,687917,,,,4.15,2
Cow,250,27-Sep-25,WCT,1,,1,,109,12.9,688137,,,,7.2,2
CLT,251,25-Sep-25,WCT,1,,1,,112,12.9,687731,,,,4.15,2
Cow,250,27-Sep-25,WCT,1,,1,,112,12.9,688145,,,,7.2,2
Cow,295,2-Jul-25,WCT,3,,1,,108,13,438373,,,,7.2,1
Jerry,250,4-Aug-25,WCT,1,,1,,106,13,434826,,,,2.25,1
CLT,251,25-Sep-25,WCT,1,,1,,108,13,687852,,,,4.15,2
Buffalo,294,10-Oct-25,WCT,2,,1,,110,13,443780,1,,,1.5,2
Cow,250,27-Sep-25,WCT,1,,1,,111,13,688028,,,,7.2,2
Plimpton,236,3-Oct-25,WCT,2,,1,,113,13,688248,,,,3.3,2
Buffalo,294,10-Oct-25,WCT,1,,1,,113,13,688375,,,,1.5,2
Pintler,205,2-Oct-25,WCT,1,,1,,108,13.1,433160,1,,,5.9,2
Cow,250,27-Sep-25,WCT,1,,1,,110,13.1,688061,,,,7.2,2
Buffalo,294,10-Oct-25,WCT,1,,1,,111,13.1,438510,1,,,1.5,2
Jerry,250,4-Aug-25,WCT,1,,1,,109,13.2,442004,,,,2.25,1
CCT,261,9-Sep-25,WCT,1,,1,,104,13.2,687664,,,,1.8,2
CLT,251,25-Sep-25,WCT,2,,1,,108,13.2,687812,,,,4.15,2
CLT,251,25-Sep-25,WCT,1,,1,,108,13.2,687914,,,,4.15,2
Plimpton,236,3-Oct-25,WCT,1,,1,,108,13.2,688281,,,,3.3,2
Plimpton,236,3-Oct-25,WCT,2,,1,,109,13.2,688226,,,,3.3,2
CCT,261,9-Sep-25,WCT,1,,1,,111,13.2,442567,1,,,1.8,2
Buffalo,294,10-Oct-25,WCT,1,,1,,112,13.2,688508,,,,1.5,2
Plimpton,236,3-Oct-25,WCT,2,,1,,113,13.2,688271,,,,3.3,2
CCT,261,9-Sep-25,WCT,1,,1,,111,13.3,443313,1,,,1.8,2
Cow,250,27-Sep-25,WCT,1,,1,,114,13.3,688174,,,,7.2,2
CLT,251,30-Jun-25,WCT,1,3260,1,116,110,13.4,442744,,,,4.15,1
Cow,295,2-Jul-25,WCT,1,,1,,110,13.4,,,,,7.2,1
Cow,295,2-Jul-25,WCT,1,,1,,112,13.4,,,,,7.2,1
Cow,250,27-Sep-25,WCT,1,,1,,110,13.4,687990,,,,7.2,2
CLT,251,30-Jun-25,WCT,1,3260,1,110,104,13.5,442936,,,,4.15,1
Buffalo,294,15-Jul-25,WCT,1,,1,,105,13.5,436502,,,,1.5,1
Buffalo,294,15-Jul-25,WCT,1,,1,,106,13.5,437202,,,,1.5,1
Buffalo,294,15-Jul-25,WCT,3,2028,1,,106,13.5,444539,,,,1.5,1
CCT,261,9-Sep-25,WCT,1,,1,,108,13.5,687697,,,,1.8,2
Cow,250,27-Sep-25,WCT,1,,1,,109,13.5,688081,,,,7.2,2
Cow,250,27-Sep-25,WCT,1,,1,,111,13.5,688197,,,,7.2,2
Buffalo,294,10-Oct-25,WCT,1,,1,,112,13.5,443821,1,,,1.5,2
CLT,251,30-Jun-25,WCT,1,3260,1,112,105,13.6,433123,,,,4.15,1
CLT,251,30-Jun-25,WCT,1,3260,1,115,108,13.6,444523,,,,4.15,1
CLT,251,30-Jun-25,WCT,3,2267,1,113,107,13.6,433471,,,,4.15,1
Pintler,205,7-Jul-25,WCT,2,1282,1,,99,13.6,433160,,,,5.9,1
Buffalo,294,15-Jul-25,WCT,2,2951,1,,109,13.6,432639,,,,1.5,1
Jerry,250,4-Aug-25,WCT,1,,1,,110,13.6,444273,,,,2.25,1
Jerry,250,4-Aug-25,WCT,2,,1,,108,13.6,444556,,,,2.25,1
CCT,261,9-Sep-25,WCT,1,,1,,110,13.6,687667,,,,1.8,2
CCT,261,9-Sep-25,WCT,1,,1,,112,13.6,687652,,,,1.8,2
Cow,250,27-Sep-25,WCT,1,,1,,112,13.6,435948,,,,7.2,2
Cow,250,27-Sep-25,WCT,1,,1,,112,13.6,688019,,,,7.2,2
Cow,295,2-Jul-25,WCT,2,,1,,110,13.7,435525,,,,7.2,1
Jerry,250,9-Oct-25,WCT,1,,1,,111,13.7,436406,1,,,2.25,2
Cow,250,27-Sep-25,WCT,1,,1,,115,13.7,688117,,,,7.2,2
Cow,295,2-Jul-25,WCT,1,,1,,107,13.8,435265,,,,7.2,1
Jerry,250,4-Aug-25,WCT,1,,1,,112,13.8,443783,,,,2.25,1
Jerry,250,4-Aug-25,WCT,1,,1,,108,13.8,435801,,,,2.25,1
Dry,210,4-Oct-25,WCT,1,,1,,111,13.8,688415,,,,3.3,2
Cow,250,27-Sep-25,WCT,1,,1,,114,13.8,687992,,,,7.2,2
Cow,295,2-Jul-25,WCT,2,,1,,109,13.9,438258,,,,7.2,1
Cow,295,2-Jul-25,WCT,3,,1,,110,13.9,440980,,,,7.2,1
Pintler,205,7-Jul-25,WCT,3,1220,1,,101,13.9,438147,,,,5.9,1
Jerry,250,4-Aug-25,WCT,1,,1,,112,13.9,443367,,,,2.25,1
CLT,251,25-Sep-25,WCT,1,,1,,107,13.9,687923,,,,4.15,2
Pintler,205,2-Oct-25,WCT,1,,1,,109,13.9,688269,,,,5.9,2
Pintler,205,2-Oct-25,WCT,1,,1,,110,13.9,688290,,,,5.9,2
Pintler,205,2-Oct-25,WCT,1,,1,,113,13.9,688294,,,,5.9,2
Pintler,205,2-Oct-25,WCT,1,,1,,114,13.9,444434,1,,,5.9,2
Jerry,250,4-Aug-25,WCT,1,,1,,112,14,438835,,,,2.25,1
CCT,261,9-Sep-25,WCT,2,,1,,109,14,443699,,,,1.8,2
CCT,261,9-Sep-25,WCT,1,,1,,112,14,687637,,,,1.8,2
CCT,261,9-Sep-25,WCT,1,,1,,113,14,687922,,,,1.8,2
Dry,210,4-Oct-25,WCT,1,,1,,113,14,688379,,,,3.3,2
Buffalo,294,10-Oct-25,WCT,1,,1,,114,14,436093,1,,,1.5,2
Buffalo,294,10-Oct-25,WCT,1,,1,,116,14,,,,,1.5,2
CLT,251,30-Jun-25,WCT,1,3260,1,121,115,14.1,435940,,,,4.15,1
CCT,261,9-Sep-25,WCT,2,,1,,110,14.1,441590,,,,1.8,2
CLT,251,25-Sep-25,WCT,1,,1,,111,14.1,687851,,,,4.15,2
CCT,261,9-Sep-25,WCT,1,,1,,112,14.1,687698,,,,1.8,2
Buffalo,294,10-Oct-25,WCT,1,,1,,112,14.1,688413,,,,1.5,2
CCT,261,9-Sep-25,WCT,2,,1,,114,14.1,444664,,,,1.8,2
Plimpton,236,3-Oct-25,WCT,1,,1,,114,14.1,688275,,,,3.3,2
Dry,210,4-Oct-25,WCT,1,,1,,114,14.1,688397,,,,3.3,2
CLT,251,25-Sep-25,WCT,2,,1,,115,14.1,687749,,,,4.15,2
CLT,251,30-Jun-25,WCT,1,3260,1,111,104,14.2,438701,,,,4.15,1
Buffalo,294,15-Jul-25,WCT,2,2951,1,,110,14.2,444871,,,,1.5,1
Jerry,250,4-Aug-25,WCT,1,,1,,111,14.2,436406,,,,2.25,1
CLT,251,25-Sep-25,WCT,1,,1,,115,14.2,687824,,,,4.15,2
CCT,261,9-Sep-25,WCT,1,,1,,115,14.2,687627,,,,1.8,2
CCT,261,9-Sep-25,WCT,2,,1,,113,14.3,434946,,,,1.8,2
Dry,210,4-Oct-25,WCT,1,,1,,114,14.3,688363,,,,3.3,2
Cow,250,27-Sep-25,WCT,1,,1,,115,14.3,687965,,,,7.2,2
Cow,295,2-Jul-25,WCT,1,,1,,112,14.4,,,,,7.2,1
Cow,295,2-Jul-25,WCT,1,,1,,114,14.4,437227,,,mort,7.2,1
Jerry,250,9-Oct-25,WCT,2,,1,,112,14.4,435801,1,,,2.25,2
Cow,295,2-Jul-25,WCT,1,,1,,113,14.5,,,,,7.2,1
Jerry,250,9-Oct-25,WCT,1,,1,,114,14.5,443376,1,,,2.25,2
Dry,210,4-Oct-25,WCT,1,,1,,115,14.5,688368,,,,3.3,2
Jerry,250,4-Aug-25,WCT,1,,1,,112,14.6,433458,,,,2.25,1
CLT,251,25-Sep-25,WCT,1,,1,,112,14.6,687820,,,,4.15,2
Cow,250,27-Sep-25,WCT,1,,1,,114,14.6,687933,,,,7.2,2
Cow,250,27-Sep-25,WCT,1,,1,,116,14.6,,,,,7.2,2
Cow,250,27-Sep-25,WCT,1,,1,,118,14.6,687959,,,,7.2,2
CLT,251,30-Jun-25,WCT,1,3260,1,121,114,14.7,442400,,,,4.15,1
Cow,295,2-Jul-25,WCT,3,,1,,111,14.7,435083,,,,7.2,1
CCT,261,9-Sep-25,WCT,1,,1,,112,14.7,687626,,,,1.8,2
CCT,261,9-Sep-25,WCT,1,,1,,114,14.7,687650,,,,1.8,2
Plimpton,236,3-Oct-25,WCT,1,,1,,114,14.7,688406,,,,3.3,2
CLT,251,25-Sep-25,WCT,2,,1,,115,14.7,687796,,,,4.15,2
Buffalo,294,10-Oct-25,WCT,2,,1,,116,14.7,444237,1,,,1.5,2
Cow,250,27-Sep-25,WCT,1,,1,,111,14.8,688052,,,,7.2,2
Cow,250,27-Sep-25,WCT,1,,1,,112,14.8,688191,,,,7.2,2
CCT,261,9-Sep-25,WCT,1,,1,,114,14.8,687876,,,,1.8,2
Pintler,205,2-Oct-25,WCT,1,,1,,114,14.8,688297,,,,5.9,2
CCT,261,9-Sep-25,WCT,1,,1,,116,14.8,687644,,,,1.8,2
Cow,250,27-Sep-25,WCT,1,,1,,117,14.8,688141,,,,7.2,2
Jerry,250,9-Oct-25,WCT,1,,1,,118,14.8,442190,1,,,2.25,2
CCT,261,9-Sep-25,WCT,1,,1,,119,14.8,687683,,,,1.8,2
Buffalo,294,15-Jul-25,WCT,2,2951,1,,112,14.9,432950,,,,1.5,1
CLT,251,25-Sep-25,WCT,1,,1,,115,14.9,687901,,,,4.15,2
Jerry,250,4-Aug-25,WCT,1,,1,,112,15,436964,,,,2.25,1
Cow,250,27-Sep-25,WCT,1,,1,,112,15,688176,,,,7.2,2
Cow,250,27-Sep-25,WCT,1,,1,,115,15,435944,,,,7.2,2
CLT,251,25-Sep-25,WCT,3,,1,,116,15,442936,1,,,4.15,2
Cow,250,27-Sep-25,WCT,1,,1,,119,15,687993,,,,7.2,2
CLT,251,30-Jun-25,WCT,3,2267,1,118,111,15.1,436363,,,,4.15,1
Cow,295,2-Jul-25,WCT,2,,1,,109,15.1,432847,,,,7.2,1
Cow,295,2-Jul-25,WCT,2,,1,,114,15.1,443473,,,,7.2,1
Jerry,250,4-Aug-25,WCT,1,,1,,113,15.1,442902,,,,2.25,1
CLT,251,25-Sep-25,WCT,1,,1,,108,15.1,687913,,,,4.15,2
CCT,261,9-Sep-25,WCT,1,,1,,111,15.1,687679,,,,1.8,2
Cow,250,27-Sep-25,WCT,1,,1,,116,15.1,688015,,,,7.2,2
Plimpton,236,3-Oct-25,WCT,1,,1,,116,15.1,688255,,,,3.3,2
Jerry,250,9-Oct-25,WCT,1,,1,,117,15.1,688335,,,,2.25,2
CLT,251,30-Jun-25,WCT,2,1971,1,117,113,15.2,435115,,,,4.15,1
Cow,295,2-Jul-25,WCT,1,,1,,117,15.2,438320,,,,7.2,1
Plimpton,236,8-Jul-25,WCT,1,,1,,114,15.2,436648,,,,3.3,1
Jerry,250,4-Aug-25,WCT,1,,1,,112,15.2,435014,,,,2.25,1
Buffalo,294,10-Oct-25,WCT,1,,1,,116,15.2,436004,,,,1.5,2
Jerry,250,4-Aug-25,WCT,3,,1,,114,15.3,435851,,,,2.25,1
Plimpton,236,3-Oct-25,WCT,1,,1,,113,15.3,688251,,,,3.3,2
Pintler,205,2-Oct-25,WCT,3,,1,,117,15.3,688321,,,,5.9,2
CCT,261,9-Sep-25,WCT,2,,1,,118,15.3,433698,,,,1.8,2
Cow,295,2-Jul-25,WCT,3,,1,,114,15.4,441240,,,,7.2,1
Jerry,250,9-Oct-25,WCT,1,,1,,115,15.4,442790,1,,,2.25,2
CLT,251,25-Sep-25,WCT,2,,1,,116,15.4,687783,,,,4.15,2
Jerry,250,9-Oct-25,WCT,1,,1,,116,15.4,442902,1,,,2.25,2
Buffalo,294,10-Oct-25,WCT,1,,1,,117,15.4,688360,,,,1.5,2
Buffalo,294,15-Jul-25,WCT,2,2951,1,,113,15.5,434476,,,,1.5,1
CCT,261,9-Sep-25,WCT,1,,1,,113,15.5,687709,,,,1.8,2
Pintler,205,2-Oct-25,WCT,1,,1,,116,15.5,688245,,,,5.9,2
Buffalo,294,10-Oct-25,WCT,3,,1,,119,15.5,688383,,,,1.5,2
CCT,261,1-Jul-25,WCT,1,1457,1,115,109,15.6,444711,,,,1.8,1
Cow,295,2-Jul-25,WCT,3,,1,,115,15.6,444708,,,,7.2,1
Cow,250,27-Sep-25,WCT,1,,1,,114,15.6,687998,,,,7.2,2
Jerry,250,9-Oct-25,WCT,1,,1,,118,15.6,688382,,,,2.25,2
Cow,295,2-Jul-25,WCT,2,,1,,116,15.7,444267,,,,7.2,1
Cow,295,2-Jul-25,WCT,3,,1,,112,15.7,442379,,,,7.2,1
Cow,295,2-Jul-25,WCT,3,,1,,113,15.7,435550,,,,7.2,1
Plimpton,236,8-Jul-25,WCT,1,,1,,116,15.7,437269,,,,3.3,1
Jerry,250,4-Aug-25,WCT,1,,1,,113,15.8,433183,,,,2.25,1
CCT,261,9-Sep-25,WCT,2,,1,,114,15.8,435288,,,,1.8,2
CLT,251,25-Sep-25,WCT,3,,1,,117,15.8,438490,,,,4.15,2
Cow,295,2-Jul-25,WCT,2,,1,,115,15.9,442715,,,,7.2,1
Jerry,250,4-Aug-25,WCT,1,,1,,116,15.9,438031,,,,2.25,1
Dry,210,4-Oct-25,WCT,1,,1,,115,15.9,688367,,,,3.3,2
Buffalo,294,10-Oct-25,WCT,2,,1,,120,15.9,688332,,,,1.5,2
CCT,261,1-Jul-25,WCT,3,1352,1,,109,16,436912,,,,1.8,1
Cow,295,2-Jul-25,WCT,1,,1,,117,16,435019,,,,7.2,1
Plimpton,236,8-Jul-25,WCT,1,,1,,116,16,441906,,,,3.3,1
Jerry,250,4-Aug-25,WCT,1,,1,,114,16,442790,,,,2.25,1
Plimpton,236,3-Oct-25,WCT,1,,1,,119,16,688399,,,,3.3,2
Buffalo,294,10-Oct-25,WCT,1,,1,,120,16,688327,,,,1.5,2
Buffalo,294,10-Oct-25,WCT,1,,1,,120,16,688505,,,,1.5,2
Buffalo,294,15-Jul-25,WCT,2,2951,1,,113,16.1,438499,,,,1.5,1
CCT,261,9-Sep-25,WCT,1,,1,,118,16.1,687636,,,,1.8,2
Cow,250,27-Sep-25,WCT,1,,1,,119,16.1,688162,,,,7.2,2
Dry,210,4-Oct-25,WCT,2,,1,,120,16.1,687942,,,,3.3,2
Cow,250,27-Sep-25,WCT,1,,1,,117,16.2,688094,,,,7.2,2
Pintler,205,2-Oct-25,WCT,2,,1,,119,16.2,688319,,,,5.9,2
Pintler,205,2-Oct-25,WCT,3,,1,,119,16.2,688279,,,,5.9,2
CLT,251,25-Sep-25,WCT,1,,1,,120,16.2,687903,,,,4.15,2
CCT,261,9-Sep-25,WCT,1,,1,,120,16.2,687677,,,,1.8,2
Dry,210,4-Oct-25,WCT,1,,1,,120,16.2,688417,,,,3.3,2
CCT,261,1-Jul-25,WCT,1,1457,1,121,114,16.3,432833,,,,1.8,1
Cow,250,27-Sep-25,WCT,1,,1,,119,16.3,687996,,,,7.2,2
Cow,250,27-Sep-25,WCT,1,,1,,122,16.3,687931,,,,7.2,2
Cow,295,2-Jul-25,WCT,2,,1,,115,16.4,442991,,,mort,7.2,1
CLT,251,25-Sep-25,WCT,2,,1,,119,16.4,687808,,,,4.15,2
Buffalo,294,10-Oct-25,WCT,2,,1,,120,16.4,688351,,,,1.5,2
Plimpton,236,8-Jul-25,WCT,2,2196,1,,117,16.5,442209,,,,3.3,1
Jerry,250,4-Aug-25,WCT,2,,1,,117,16.5,442190,,,,2.25,1
Pintler,205,7-Jul-25,WCT,1,1456,1,,107,16.6,441383,,,,5.9,1
Jerry,250,4-Aug-25,WCT,1,,1,,117,16.6,434143,,,,2.25,1
Cow,250,27-Sep-25,WCT,1,,1,,116,16.6,688053,,,,7.2,2
CCT,261,9-Sep-25,WCT,1,,1,,120,16.6,442918,1,,,1.8,2
CLT,251,25-Sep-25,WCT,1,,1,,72,16.7,687846,,,,4.15,2
Cow,295,2-Jul-25,WCT,2,,1,,120,16.7,438737,,,,7.2,1
CCT,261,9-Sep-25,WCT,1,,1,,116,16.7,687666,,,,1.8,2
Plimpton,236,3-Oct-25,WCT,1,,1,,119,16.7,688233,,1,,3.3,2
CLT,251,25-Sep-25,WCT,2,,1,,121,16.7,687727,,,,4.15,2
CCT,261,9-Sep-25,WCT,2,,1,,116,16.8,442967,,,,1.8,2
Cow,250,27-Sep-25,WCT,1,,1,,122,16.8,688155,,,,7.2,2
CLT,251,25-Sep-25,WCT,1,,1,,123,16.8,687830,,,,4.15,2
Buffalo,294,15-Jul-25,WCT,1,,1,,118,16.9,444747,,,,1.5,1
Cow,250,27-Sep-25,WCT,1,,1,,117,16.9,433366,,,,7.2,2
Jerry,250,9-Oct-25,WCT,1,,1,,118,16.9,433143,1,,,2.25,2
Cow,250,27-Sep-25,WCT,1,,1,,123,16.9,687967,,,,7.2,2
Cow,295,2-Jul-25,WCT,2,,1,,118,17,444259,,,,7.2,1
Dry,210,9-Jul-25,WCT,1,,1,,116,17,441801,,,,3.3,1
Jerry,250,4-Aug-25,WCT,2,,1,,119,17,438550,,,,2.25,1
Buffalo,294,10-Oct-25,WCT,1,,1,,117,17,437098,1,,,1.5,2
CLT,251,25-Sep-25,WCT,2,,1,,119,17,687782,,,,4.15,2
Cow,250,27-Sep-25,WCT,1,,1,,119,17,687930,,,,7.2,2
Jerry,250,9-Oct-25,WCT,1,,1,,119,17,434143,1,,,2.25,2
CLT,251,25-Sep-25,WCT,2,,1,,121,17,687726,,,,4.15,2
Pintler,205,2-Oct-25,WCT,1,,1,,123,17,688268,,8,,5.9,2
CLT,251,30-Jun-25,WCT,2,1971,1,128,120,17.1,441521,,,,4.15,1
Pintler,205,2-Oct-25,WCT,1,,1,,117,17.1,441383,1,,,5.9,2
CLT,251,25-Sep-25,WCT,2,,1,,120,17.1,687734,,,,4.15,2
Cow,250,27-Sep-25,WCT,1,,1,,120,17.1,688085,,,,7.2,2
Cow,250,27-Sep-25,WCT,1,,1,,121,17.1,,,,,7.2,2
Buffalo,294,10-Oct-25,WCT,2,,1,,121,17.1,688374,,,,1.5,2
Cow,250,27-Sep-25,WCT,1,,1,,122,17.1,,,,,7.2,2
Cow,295,2-Jul-25,WCT,1,,1,,116,17.2,,,,,7.2,1
Plimpton,236,8-Jul-25,WCT,3,2249,1,,119,17.2,433689,,,,3.3,1
Jerry,250,4-Aug-25,WCT,1,,1,,122,17.2,442733,,,,2.25,1
Cow,250,27-Sep-25,WCT,1,,1,,119,17.2,687999,,,,7.2,2
Cow,250,27-Sep-25,WCT,1,,1,,121,17.2,687926,,,,7.2,2
Cow,295,2-Jul-25,WCT,3,,1,,116,17.3,441409,,,,7.2,1
Cow,295,2-Jul-25,WCT,3,,1,,117,17.3,444570,,,,7.2,1
Cow,250,27-Sep-25,WCT,1,,1,,119,17.3,688109,,,,7.2,2
Cow,250,27-Sep-25,WCT,1,,1,,123,17.3,438258,1,,,7.2,2
CLT,251,30-Jun-25,WCT,1,3260,1,125,117,17.4,442691,,,,4.15,1
Cow,295,2-Jul-25,WCT,3,,1,,117,17.4,443717,,,,7.2,1
Cow,250,27-Sep-25,WCT,1,,1,,115,17.4,688108,,,,7.2,2
Jerry,250,9-Oct-25,WCT,1,,1,,119,17.4,435014,1,,,2.25,2
CCT,261,1-Jul-25,WCT,1,1457,1,123,115,17.6,441794,,,,1.8,1
Pintler,205,2-Oct-25,WCT,1,,1,,118,17.6,688237,,,,5.9,2
Cow,250,27-Sep-25,WCT,1,,1,,120,17.6,435083,1,,,7.2,2
Cow,250,27-Sep-25,WCT,1,,1,,121,17.6,688157,,,,7.2,2
CLT,251,30-Jun-25,WCT,1,3260,1,125,118,17.7,442202,,,,4.15,1
Plimpton,236,8-Jul-25,WCT,1,,1,,118,17.7,443562,,,,3.3,1
Buffalo,294,10-Oct-25,WCT,2,,1,,120,17.7,688349,,,,1.5,2
Cow,250,27-Sep-25,WCT,1,,1,,124,17.7,688002,,,,7.2,2
Pintler,205,7-Jul-25,WCT,1,1456,1,,109,17.8,444040,,,,5.9,1
Cow,250,27-Sep-25,WCT,1,,1,,124,17.8,687975,,,,7.2,2
CLT,251,30-Jun-25,WCT,2,1971,1,124,118,17.9,437568,,,,4.15,1
Cow,295,2-Jul-25,WCT,1,,1,,121,17.9,441061,,,,7.2,1
Cow,250,27-Sep-25,WCT,1,,1,,120,17.9,688059,,,,7.2,2
Cow,250,27-Sep-25,WCT,1,,1,,120,17.9,688020,,,,7.2,2
Cow,295,2-Jul-25,WCT,2,,1,,119,18,443233,,,,7.2,1
Cow,250,27-Sep-25,WCT,1,,1,,118,18,688123,,,,7.2,2
CCT,261,9-Sep-25,WCT,1,,1,,121,18,687660,,,,1.8,2
CLT,251,25-Sep-25,WCT,1,,1,,122,18,687894,,,,4.15,2
Cow,250,27-Sep-25,WCT,1,,1,,122,18,688202,,,,7.2,2
Cow,250,27-Sep-25,WCT,1,,1,,122,18,687968,,,,7.2,2
Cow,250,27-Sep-25,WCT,1,,1,,123,18,434819,,,,7.2,2
Cow,250,27-Sep-25,WCT,1,,1,,123,18,688087,,,,7.2,2
Buffalo,294,10-Oct-25,WCT,2,,1,,123,18,688371,,,,1.5,2
Cow,250,27-Sep-25,WCT,1,,1,,124,18,688163,,,,7.2,2
Cow,295,2-Jul-25,WCT,1,,1,,123,18.1,435555,,,,7.2,1
Plimpton,236,8-Jul-25,WCT,2,2196,1,,118,18.1,443782,,,,3.3,1
Pintler,205,2-Oct-25,WCT,2,,1,,117,18.1,438147,1,,,5.9,2
CLT,251,25-Sep-25,WCT,1,,1,,123,18.1,687835,,,,4.15,2
Plimpton,236,3-Oct-25,WCT,2,,1,,120,18.2,441906,1,5,,3.3,2
Cow,250,27-Sep-25,WCT,1,,1,,125,18.2,687942,,,,7.2,2
Buffalo,294,10-Oct-25,WCT,2,,1,,124,18.3,438499,1,,,1.5,2
Cow,250,27-Sep-25,WCT,1,,1,,125,18.3,688188,,,,7.2,2
Cow,250,27-Sep-25,WCT,1,,1,,126,18.3,688091,,,,7.2,2
Jerry,250,4-Aug-25,WCT,1,,1,,124,18.4,436755,,,,2.25,1
Jerry,250,4-Aug-25,WCT,1,,1,,117,18.4,436385,,,,2.25,1
CLT,251,25-Sep-25,WCT,2,,1,,122,18.4,687803,,,,4.15,2
Cow,250,27-Sep-25,WCT,1,,1,,123,18.4,688182,,,,7.2,2
Plimpton,236,8-Jul-25,WCT,2,2196,1,,121,18.5,443250,,,,3.3,1
Jerry,250,4-Aug-25,WCT,1,,1,,123,18.5,444442,,,,2.25,1
Cow,250,27-Sep-25,WCT,1,,1,,124,18.5,,,,,7.2,2
Cow,250,27-Sep-25,WCT,1,,1,,128,18.5,688057,,,,7.2,2
Jerry,250,4-Aug-25,WCT,1,,1,,123,18.6,444559,,,,2.25,1
Plimpton,236,3-Oct-25,WCT,1,,1,,125,18.6,688317,,,,3.3,2
Cow,250,27-Sep-25,WCT,1,,1,,127,18.6,688146,,,,7.2,2
CCT,261,1-Jul-25,WCT,2,1594,1,,114,18.7,443692,,,,1.8,1
Jerry,250,4-Aug-25,WCT,1,,1,,125,18.7,441929,,,,2.25,1
CCT,261,9-Sep-25,WCT,1,,1,,121,18.7,433547,1,,,1.8,2
Cow,250,27-Sep-25,WCT,1,,1,,127,18.7,687962,,,,7.2,2
Cow,295,2-Jul-25,WCT,1,,1,,125,18.8,442001,,,,7.2,1
CCT,261,9-Sep-25,WCT,1,,1,,124,18.8,444602,1,,,1.8,2
Cow,250,27-Sep-25,WCT,1,,1,,124,18.8,,,,,7.2,2
CCT,261,1-Jul-25,WCT,3,1352,1,,118,18.9,443177,,,,1.8,1
Cow,295,2-Jul-25,WCT,3,,1,,123,18.9,442115,,,,7.2,1
Buffalo,294,10-Oct-25,WCT,1,,1,,121,18.9,688475,,,,1.5,2
CLT,251,30-Jun-25,WCT,2,1971,1,128,120,19,442365,,,,4.15,1
Cow,250,27-Sep-25,WCT,1,,1,,124,19,687955,,,,7.2,2
Cow,250,27-Sep-25,WCT,1,,1,,126,19,687952,,,,7.2,2
Plimpton,236,3-Oct-25,WCT,1,,1,,126,19,437269,1,10,,3.3,2
Plimpton,236,3-Oct-25,WCT,1,,1,,128,19,688229,,,,3.3,2
Cow,250,27-Sep-25,WCT,1,,1,,123,19.2,687947,,,,7.2,2
Cow,250,27-Sep-25,WCT,1,,1,,124,19.2,688098,,,,7.2,2
Cow,250,27-Sep-25,WCT,1,,1,,124,19.2,688001,,,,7.2,2
CCT,261,9-Sep-25,WCT,1,,1,,125,19.2,687657,,,,1.8,2
Jerry,250,9-Oct-25,WCT,1,,1,,127,19.2,438509,1,,,2.25,2
Cow,295,2-Jul-25,WCT,1,,1,,124,19.3,434581,,,,7.2,1
Plimpton,236,8-Jul-25,WCT,2,2196,1,,122,19.3,440891,,,,3.3,1
Jerry,250,9-Oct-25,WCT,1,,1,,121,19.3,436385,1,,,2.25,2
Pintler,205,2-Oct-25,WCT,1,,1,,121,19.4,688259,,10,,5.9,2
Cow,250,27-Sep-25,WCT,1,,1,,122,19.4,688121,,,,7.2,2
CLT,251,25-Sep-25,WCT,1,,1,,123,19.4,687786,,,,4.15,2
Plimpton,236,3-Oct-25,WCT,1,,1,,123,19.4,688239,,,,3.3,2
CLT,251,25-Sep-25,WCT,1,,1,,125,19.4,687810,,,,4.15,2
Cow,250,27-Sep-25,WCT,1,,1,,127,19.4,443373,,,,7.2,2
Dry,210,4-Oct-25,WCT,1,,1,,127,19.4,441801,1,,,3.3,2
CLT,251,25-Sep-25,WCT,1,,1,,128,19.4,687739,,,,4.15,2
Cow,295,2-Jul-25,WCT,2,,1,,126,19.5,433118,,,,7.2,1
Cow,295,2-Jul-25,WCT,3,,1,,120,19.5,435981,,,,7.2,1
Plimpton,236,3-Oct-25,WCT,1,,1,,125,19.5,688262,,,,3.3,2
Cow,250,27-Sep-25,WCT,1,,1,,126,19.5,688159,,,,7.2,2
CLT,251,25-Sep-25,WCT,1,,1,,128,19.5,687761,,,,4.15,2
Dry,210,4-Oct-25,WCT,1,,1,,129,19.5,688357,,,,3.3,2
Pintler,205,7-Jul-25,WCT,2,1282,1,,117,19.6,436653,,,,5.9,1
Jerry,250,4-Aug-25,WCT,1,,1,,122,19.6,434201,,,,2.25,1
Plimpton,236,3-Oct-25,WCT,2,,1,,125,19.6,688280,,,,3.3,2
Cow,250,27-Sep-25,WCT,1,,1,,129,19.6,,,,,7.2,2
Cow,295,2-Jul-25,WCT,2,,1,,125,19.7,433614,,,,7.2,1
Jerry,250,4-Aug-25,WCT,1,,1,,124,19.7,443693,,,,2.25,1
Cow,250,27-Sep-25,WCT,1,,1,,125,19.7,688139,,,,7.2,2
Plimpton,236,3-Oct-25,WCT,1,,1,,122,19.8,443250,1,,,3.3,2
Pintler,205,2-Oct-25,WCT,1,,1,,124,19.8,688295,,7,,5.9,2
Cow,250,27-Sep-25,WCT,1,,1,,126,19.8,687991,,,,7.2,2
CLT,251,25-Sep-25,WCT,3,,1,,128,19.8,434552,,,,4.15,2
Buffalo,294,15-Jul-25,WCT,2,2951,1,,121,20,437028,,,,1.5,1
Buffalo,294,15-Jul-25,WCT,2,2951,1,,123,20,438293,,,,1.5,1
Jerry,250,9-Oct-25,WCT,1,,1,,127,20,437567,1,,,2.25,2
Plimpton,236,3-Oct-25,WCT,1,,1,,116,20.1,688253,,,,3.3,2
Cow,250,27-Sep-25,WCT,1,,1,,124,20.1,688082,,,,7.2,2
Cow,250,27-Sep-25,WCT,1,,1,,128,20.1,688209,,,,7.2,2
Cow,250,27-Sep-25,WCT,1,,1,,129,20.1,687963,,,,7.2,2
Cow,250,27-Sep-25,WCT,1,,1,,129,20.1,688037,,,,7.2,2
CLT,251,25-Sep-25,WCT,3,,1,,126,20.2,68770,,,,4.15,2
Cow,250,27-Sep-25,WCT,1,,1,,128,20.2,688021,,,,7.2,2
CLT,251,25-Sep-25,WCT,2,,1,,125,20.3,687730,,,,4.15,2
Jerry,250,9-Oct-25,WCT,1,,1,,125,20.3,444442,1,,,2.25,2
Cow,250,27-Sep-25,WCT,1,,1,,126,20.3,,,,,7.2,2
Buffalo,294,10-Oct-25,WCT,2,,1,,126,20.3,688407,,,,1.5,2
Buffalo,294,10-Oct-25,WCT,1,,1,,128,20.3,688489,,,,1.5,2
CCT,261,1-Jul-25,WCT,1,1457,1,125,118,20.4,438418,,,,1.8,1
Jerry,250,4-Aug-25,WCT,2,,1,,126,20.4,442979,,,,2.25,1
Plimpton,236,3-Oct-25,WCT,1,,1,,128,20.4,440891,1,,,3.3,2
Pintler,205,7-Jul-25,WCT,1,1456,1,,124,20.5,434346,,,,5.9,1
Plimpton,236,8-Jul-25,WCT,1,,1,,125,20.5,434735,,,,3.3,1
Cow,250,27-Sep-25,WCT,1,,1,,125,20.5,688116,,,,7.2,2
CLT,251,30-Jun-25,WCT,3,2267,1,131,125,20.6,437410,,,,4.15,1
Jerry,250,4-Aug-25,WCT,1,,1,,129,20.6,440969,,,,2.25,1
Pintler,205,2-Oct-25,WCT,3,,1,,122,20.6,688316,,,,5.9,2
Jerry,250,9-Oct-25,WCT,1,,1,,126,20.6,434201,1,,,2.25,2
CLT,251,25-Sep-25,WCT,3,,1,,131,20.6,434971,,,,4.15,2
Cow,295,2-Jul-25,WCT,2,,1,,125,20.7,433867,,,,7.2,1
CLT,251,30-Jun-25,WCT,1,3260,1,129,123,20.8,438207,,,,4.15,1
Jerry,250,4-Aug-25,WCT,1,,1,,126,20.8,437567,,,,2.25,1
CLT,251,25-Sep-25,WCT,1,,1,,130,20.8,687895,,,,4.15,2
CCT,261,9-Sep-25,WCT,2,,1,,128,20.9,434232,,,,1.8,2
Cow,250,27-Sep-25,WCT,1,,1,,129,20.9,,,,,7.2,2
Buffalo,294,10-Oct-25,WCT,2,,1,,130,20.9,688344,,,,1.5,2
CCT,261,1-Jul-25,WCT,2,1594,1,,119,21,443332,,,,1.8,1
Cow,295,2-Jul-25,WCT,1,,1,,125,21,,,,,7.2,1
Buffalo,294,15-Jul-25,WCT,2,2951,1,,123,21,438038,,,,1.5,1
Cow,250,27-Sep-25,WCT,1,,1,,129,21,688040,,,,7.2,2
Cow,250,27-Sep-25,WCT,1,,1,,129,21,688222,,,,7.2,2
Cow,250,27-Sep-25,WCT,1,,1,,129,21,688168,,,,7.2,2
Cow,250,27-Sep-25,WCT,1,,1,,130,21,688144,,,,7.2,2
Dry,210,4-Oct-25,WCT,1,,1,,132,21,688414,,5,,3.3,2
Plimpton,236,3-Oct-25,WCT,1,,1,,128,21.1,443782,1,,,3.3,2
CCT,261,9-Sep-25,WCT,1,,1,,132,21.1,433211,1,,,1.8,2
CLT,251,30-Jun-25,WCT,2,1971,1,134,127,21.2,442592,,,,4.15,1
Cow,295,2-Jul-25,WCT,2,,1,,129,21.2,442903,,,,7.2,1
Cow,295,2-Jul-25,WCT,3,,1,,125,21.2,443992,,,,7.2,1
Cow,250,27-Sep-25,WCT,1,,1,,131,21.2,688018,,,,7.2,2
Cow,295,2-Jul-25,WCT,2,,1,,126,21.3,442995,,,,7.2,1
CCT,261,9-Sep-25,WCT,1,,1,,130,21.3,687625,,,,1.8,2
Cow,250,27-Sep-25,WCT,1,,1,,130,21.3,688181,,,,7.2,2
Cow,295,2-Jul-25,WCT,3,,1,,123,21.4,435508,,,,7.2,1
Cow,250,27-Sep-25,WCT,1,,1,,130,21.4,687935,,,,7.2,2
CCT,261,1-Jul-25,WCT,2,1594,1,,115,21.5,433801,,,,1.8,1
Jerry,250,4-Aug-25,WCT,1,,1,,127,21.5,442597,,,,2.25,1
CCT,261,9-Sep-25,WCT,1,,1,,127,21.5,687720,,,,1.8,2
Pintler,205,2-Oct-25,WCT,1,,1,,129,21.5,688300,,,,5.9,2
Pintler,205,2-Oct-25,WCT,1,,1,,130,21.5,688305,,9,,5.9,2
Pintler,205,7-Jul-25,WCT,1,1456,1,,123,21.6,432691,,,,5.9,1
Cow,250,27-Sep-25,WCT,1,,1,,125,21.6,688047,,,,7.2,2
Plimpton,236,3-Oct-25,WCT,1,,1,,129,21.6,688240,,,,3.3,2
CLT,251,25-Sep-25,WCT,2,,1,,130,21.6,687799,,,,4.15,2
Cow,250,27-Sep-25,WCT,1,,1,,131,21.6,688050,,,,7.2,2
Cow,250,27-Sep-25,WCT,1,,1,,131,21.6,688074,,,,7.2,2
Cow,250,27-Sep-25,WCT,1,,1,,132,21.6,442303,,,,7.2,2
Cow,250,27-Sep-25,WCT,1,,1,,132,21.6,687977,,,,7.2,2
CLT,251,30-Jun-25,WCT,2,1971,1,136,128,21.7,443455,,,,4.15,1
Jerry,250,9-Oct-25,WCT,1,,1,,130,21.7,434277,1,,,2.25,2
CCT,261,9-Sep-25,WCT,1,,1,,131,21.7,687680,,,,1.8,2
Jerry,250,4-Aug-25,WCT,1,,1,,127,21.8,438509,,,,2.25,1
CLT,251,25-Sep-25,WCT,1,,1,,128,21.8,687829,,,,4.15,2
CCT,261,1-Jul-25,WCT,2,1594,1,,121,21.9,433359,,,mort,1.8,1
CCT,261,9-Sep-25,WCT,1,,1,,125,22,687684,,,,1.8,2
CCT,261,9-Sep-25,WCT,1,,1,,130,22,687672,,,,1.8,2
Cow,250,27-Sep-25,WCT,1,,1,,136,22,,,,,7.2,2
CCT,261,9-Sep-25,WCT,1,,1,,121,22.1,687688,,,,1.8,2
Cow,295,2-Jul-25,WCT,1,,1,,128,22.2,,,,,7.2,1
Buffalo,294,15-Jul-25,WCT,2,2951,1,,127,22.2,442954,,,,1.5,1
Cow,250,27-Sep-25,WCT,1,,1,,133,22.2,687972,,,,7.2,2
Pintler,205,2-Oct-25,WCT,1,,1,,134,22.3,688298,,5,,5.9,2
CLT,251,25-Sep-25,WCT,1,,1,,123,22.4,687915,,,,4.15,2
Cow,250,27-Sep-25,WCT,1,,1,,129,22.4,688095,,,,7.2,2
Plimpton,236,3-Oct-25,WCT,2,,1,,130,22.4,688225,,4,,3.3,2
CLT,251,25-Sep-25,WCT,2,,1,,131,22.4,687774,,,,4.15,2
Pintler,205,2-Oct-25,WCT,1,,1,,131,22.4,688250,,1,,5.9,2
Cow,250,27-Sep-25,WCT,1,,1,,133,22.4,688199,,,,7.2,2
Cow,295,2-Jul-25,WCT,1,,1,,128,22.5,436127,,,,7.2,1
Cow,295,2-Jul-25,WCT,2,,1,,127,22.5,441338,,,,7.2,1
Plimpton,236,8-Jul-25,WCT,1,,1,,123,22.5,437273,,,,3.3,1
Cow,250,27-Sep-25,WCT,1,,1,,129,22.5,440902,,,,7.2,2
Cow,295,2-Jul-25,WCT,1,,1,,128,22.6,,,,,7.2,1
Cow,295,2-Jul-25,WCT,2,,1,,130,22.6,444077,,,,7.2,1
Jerry,250,4-Aug-25,WCT,1,,1,,127,22.7,434277,,,,2.25,1
Plimpton,236,3-Oct-25,WCT,1,,1,,130,22.7,688257,,,,3.3,2
Jerry,250,9-Oct-25,WCT,1,,1,,133,22.7,440969,1,,,2.25,2
Buffalo,294,10-Oct-25,WCT,1,,1,,131,22.8,688422,,,,1.5,2
Cow,250,27-Sep-25,WCT,1,,1,,133,22.8,688023,,,,7.2,2
Plimpton,236,8-Jul-25,WCT,1,,1,,130,22.9,440886,,,,3.3,1
Pintler,205,2-Oct-25,WCT,1,,1,,134,22.9,688278,,2,,5.9,2
Pintler,205,2-Oct-25,WCT,3,,1,,134,22.9,688227,,,,5.9,2
Pintler,205,7-Jul-25,WCT,1,1456,1,,130,23,435489,,,,5.9,1
CLT,251,25-Sep-25,WCT,2,,1,,132,23,687778,,,,4.15,2
Jerry,250,4-Aug-25,WCT,1,,1,,125,23.2,441955,,,,2.25,1
Jerry,250,4-Aug-25,WCT,1,,1,,128,23.2,432748,,,,2.25,1
Cow,250,27-Sep-25,WCT,1,,1,,130,23.2,688160,,,,7.2,2
Cow,250,27-Sep-25,WCT,1,,1,,135,23.2,688017,,,,7.2,2
CLT,251,25-Sep-25,WCT,2,,1,,129,23.3,687801,,,,4.15,2
Cow,250,27-Sep-25,WCT,1,,1,,134,23.3,687987,,,,7.2,2
Pintler,205,2-Oct-25,WCT,2,,1,,136,23.3,688254,,,,5.9,2
CCT,261,1-Jul-25,WCT,1,1457,1,130,122,23.4,442254,,,,1.8,1
CCT,261,1-Jul-25,WCT,3,1352,1,,132,23.5,444863,,,,1.8,1
Cow,250,27-Sep-25,WCT,1,,1,,130,23.5,688011,,,,7.2,2
CCT,261,9-Sep-25,WCT,1,,1,,135,23.5,687693,,,,1.8,2
Buffalo,294,10-Oct-25,WCT,1,,1,,135,23.5,688365,,,,1.5,2
CLT,251,30-Jun-25,WCT,3,2267,1,139,133,23.6,434441,,,,4.15,1
Jerry,250,4-Aug-25,WCT,1,,1,,135,23.6,442933,,,,2.25,1
CLT,251,25-Sep-25,WCT,2,,1,,133,23.6,687776,,,,4.15,2
Cow,250,27-Sep-25,WCT,1,,1,,135,23.6,441052,,,,7.2,2
Jerry,250,4-Aug-25,WCT,1,,1,,133,23.7,438603,,,,2.25,1
CCT,261,9-Sep-25,WCT,1,,1,,131,23.7,687909,,,,1.8,2
Cow,295,2-Jul-25,WCT,3,,1,,128,23.8,443075,,,,7.2,1
Jerry,250,4-Aug-25,WCT,1,,1,,134,23.8,442580,,,,2.25,1
Jerry,250,4-Aug-25,WCT,2,,1,,132,23.8,435299,,,,2.25,1
Plimpton,236,3-Oct-25,WCT,1,,1,,132,23.8,688320,,,,3.3,2
CCT,261,9-Sep-25,WCT,2,,1,,134,23.8,438096,,,,1.8,2
Cow,250,27-Sep-25,WCT,1,,1,,134,23.8,,,,,7.2,2
CCT,261,9-Sep-25,WCT,1,,1,,138,23.8,687921,,,,1.8,2
CCT,261,9-Sep-25,WCT,1,,1,,138,23.9,687872,,,,1.8,2
Alkali,250,16-Jul-25,WCT,1,,1,,128,24,442312,,,,1.7,1
Jerry,250,4-Aug-25,WCT,1,,1,,133,24,434758,,,,2.25,1
Jerry,250,9-Oct-25,WCT,1,,1,,136,24,442933,1,,,2.25,2
CLT,251,25-Sep-25,WCT,1,,1,,137,24,687839,,,,4.15,2
CCT,261,1-Jul-25,WCT,2,1594,1,,126,24.1,433211,,,,1.8,1
Cow,250,27-Sep-25,WCT,1,,1,,133,24.1,688099,,,,7.2,2
Buffalo,294,10-Oct-25,WCT,1,,1,,136,24.1,688512,,,,1.5,2
CCT,261,9-Sep-25,WCT,1,,1,,139,24.1,687654,,,,1.8,2
Dry,210,9-Jul-25,WCT,1,,1,,131,24.2,442604,,,,3.3,1
CLT,251,25-Sep-25,WCT,2,,1,,132,24.2,687724,,,,4.15,2
Cow,250,27-Sep-25,WCT,1,,1,,134,24.2,687971,,,,7.2,2
Jerry,250,9-Oct-25,WCT,1,,1,,135,24.2,434758,1,,,2.25,2
CCT,261,1-Jul-25,WCT,1,1457,1,129,122,24.3,435434,,,,1.8,1
Cow,295,2-Jul-25,WCT,3,,1,,127,24.3,438194,,,,7.2,1
Cow,295,2-Jul-25,WCT,1,,1,,132,24.4,435149,,,,7.2,1
CCT,261,1-Jul-25,WCT,3,1352,1,,129,24.5,441935,,,,1.8,1
Jerry,250,9-Oct-25,WCT,1,,1,,134,24.6,688390,,,,2.25,2
CLT,251,30-Jun-25,WCT,2,1971,1,134,127,24.8,434373,,,,4.15,1
Dry,210,9-Jul-25,WCT,1,,1,,132,24.8,438559,,,,3.3,1
CCT,261,9-Sep-25,WCT,1,,1,,136,24.8,437441,1,,,1.8,2
CCT,261,1-Jul-25,WCT,1,1457,1,129,123,24.9,438302,,,,1.8,1
Jerry,250,4-Aug-25,WCT,1,,1,,136,24.9,443533,,,,2.25,1
CLT,251,25-Sep-25,WCT,1,,1,,134,24.9,687868,,,,4.15,2
Plimpton,236,3-Oct-25,WCT,1,,1,,136,24.9,688391,,,,3.3,2
Cow,250,27-Sep-25,WCT,1,,1,,138,24.9,688135,,,,7.2,2
CCT,261,1-Jul-25,WCT,1,1457,1,129,122,25,434790,,,,1.8,1
Plimpton,236,8-Jul-25,WCT,1,,1,,136,25,438107,,,,3.3,1
Plimpton,236,8-Jul-25,WCT,2,2196,1,,134,25,443831,,,,3.3,1
Buffalo,294,15-Jul-25,WCT,1,,1,,128,25,444359,,,,1.5,1
Jerry,250,4-Aug-25,WCT,1,,1,,135,25,433519,,,,2.25,1
Jerry,250,4-Aug-25,WCT,1,,1,,133,25,433796,,,,2.25,1
Cow,250,27-Sep-25,WCT,1,,1,,134,25,,,,,7.2,2
Cow,250,27-Sep-25,WCT,1,,1,,136,25,688029,,,,7.2,2
Cow,250,27-Sep-25,WCT,1,,1,,137,25,434529,,,,7.2,2
Cow,250,27-Sep-25,WCT,1,,1,,138,25,688214,,,,7.2,2
CCT,261,1-Jul-25,WCT,1,1457,1,131,124,25.2,441975,,,,1.8,1
CLT,251,30-Jun-25,WCT,3,2267,1,138,132,25.3,443280,,,,4.15,1
CCT,261,1-Jul-25,WCT,1,1457,1,137,130,25.4,434045,,,,1.8,1
Jerry,250,9-Oct-25,WCT,1,,1,,131,25.4,432741,1,,,2.25,2
Cow,250,27-Sep-25,WCT,1,,1,,134,25.4,688048,,,,7.2,2
CLT,251,25-Sep-25,WCT,2,,1,,136,25.4,687797,,,,4.15,2
Cow,250,27-Sep-25,WCT,1,,1,,139,25.4,688111,,,,7.2,2
Cow,250,27-Sep-25,WCT,1,,1,,137,25.5,688156,,,,7.2,2
CCT,261,9-Sep-25,WCT,1,,1,,138,25.5,687671,,,,1.8,2
Cow,295,2-Jul-25,WCT,1,,1,,136,25.6,,,,,7.2,1
CLT,251,25-Sep-25,WCT,2,,1,,138,25.6,687818,,,,4.15,2
CCT,261,1-Jul-25,WCT,2,1594,1,,123,25.7,434205,,,mort,1.8,1
Cow,295,2-Jul-25,WCT,3,,1,,133,25.7,444384,,,,7.2,1
Jerry,250,9-Oct-25,WCT,1,,1,,136,25.7,442580,1,,,2.25,2
CLT,251,25-Sep-25,WCT,1,,1,,137,25.7,687759,,,,4.15,2
CCT,261,9-Sep-25,WCT,2,,1,,141,25.7,437435,,,,1.8,2
Jerry,250,4-Aug-25,WCT,1,,1,,137,25.8,442741,,,,2.25,1
CLT,251,25-Sep-25,WCT,1,,1,,134,25.8,687733,,,,4.15,2
Pintler,205,2-Oct-25,WCT,1,,1,,138,25.9,688286,,3,,5.9,2
Cow,250,27-Sep-25,WCT,1,,1,,140,25.9,688093,,,,7.2,2
Buffalo,294,15-Jul-25,WCT,1,,1,,131,26,438321,,,,1.5,1
Cow,250,27-Sep-25,WCT,1,,1,,132,26,433118,1,,,7.2,2
Cow,250,27-Sep-25,WCT,1,,1,,136,26,,,,,7.2,2
Cow,250,27-Sep-25,WCT,1,,1,,140,26,688079,,,,7.2,2
Cow,250,27-Sep-25,WCT,1,,1,,140,26,,,,,7.2,2
Cow,250,27-Sep-25,WCT,1,,1,,140,26,,,,,7.2,2
CLT,251,25-Sep-25,WCT,2,,1,,137,26.1,687791,,,,4.15,2
CCT,261,9-Sep-25,WCT,1,,1,,140,26.1,687658,,,,1.8,2
Cow,295,2-Jul-25,WCT,2,,1,,136,26.2,435064,,,,7.2,1
Jerry,250,4-Aug-25,WCT,2,,1,,136,26.2,441985,,,,2.25,1
Plimpton,236,8-Jul-25,WCT,3,2249,1,,143,26.3,433896,,,,3.3,1
Buffalo,294,15-Jul-25,WCT,1,,1,,117,26.3,435315,,,,1.5,1
Jerry,250,4-Aug-25,WCT,1,,1,,137,26.3,435962,,,,2.25,1
CLT,251,25-Sep-25,WCT,1,,1,,135,26.3,687784,,,,4.15,2
Plimpton,236,3-Oct-25,WCT,1,,1,,136,26.3,688238,,,,3.3,2
Cow,250,27-Sep-25,WCT,1,,1,,137,26.3,687985,,,,7.2,2
CLT,251,25-Sep-25,WCT,2,,1,,140,26.3,687763,,,,4.15,2
Jerry,250,9-Oct-25,WCT,3,,1,,140,26.3,442236,1,10,,2.25,2
Cow,250,27-Sep-25,WCT,1,,1,,136,26.4,443915,,,,7.2,2
Jerry,250,4-Aug-25,WCT,1,,1,,136,26.5,433798,,,,2.25,1
CLT,251,25-Sep-25,WCT,1,,1,,135,26.5,687893,,,,4.15,2
Cow,250,27-Sep-25,WCT,1,,1,,139,26.5,688033,,,,7.2,2
CCT,261,9-Sep-25,WCT,1,,1,,140,26.6,687653,,,,1.8,2
CLT,251,25-Sep-25,WCT,1,,1,,143,26.6,687828,,,,4.15,2
CCT,261,9-Sep-25,WCT,1,,1,,136,26.7,687701,,,,1.8,2
Pintler,205,2-Oct-25,WCT,1,,1,,137,26.7,688308,,6,,5.9,2
Pintler,205,7-Jul-25,WCT,1,1456,1,,132,26.8,438112,,,,5.9,1
CLT,251,25-Sep-25,WCT,1,,1,,141,26.8,687843,,,,4.15,2
CLT,251,30-Jun-25,WCT,1,3260,1,139,131,26.9,443709,,,,4.15,1
Plimpton,236,8-Jul-25,WCT,3,2249,1,,136,26.9,444443,,,,3.3,1
Buffalo,294,15-Jul-25,WCT,1,,1,,135,26.9,435667,,,,1.5,1
Jerry,250,4-Aug-25,WCT,1,,1,,142,26.9,442236,,,,2.25,1
CCT,261,1-Jul-25,WCT,1,1457,1,138,131,27,434706,,,mort,1.8,1
CCT,261,1-Jul-25,WCT,1,1457,1,139,133,27,435491,,,,1.8,1
CCT,261,1-Jul-25,WCT,1,1457,1,139,133,27,433389,,,,1.8,1
CCT,261,1-Jul-25,WCT,2,1594,1,,122,27,443092,,,,1.8,1
CLT,251,25-Sep-25,WCT,1,,1,,134,27,442365,1,,,4.15,2
Plimpton,236,3-Oct-25,WCT,1,,1,,140,27,438107,1,,,3.3,2
CLT,251,25-Sep-25,WCT,1,,1,,127,27.1,687873,,,,4.15,2
CLT,251,25-Sep-25,WCT,1,,1,,140,27.1,687758,,,,4.15,2
Pintler,205,7-Jul-25,WCT,1,1456,1,,128,27.2,435807,,,,5.9,1
Jerry,250,4-Aug-25,WCT,1,,1,,138,27.2,438216,,,,2.25,1
Jerry,250,9-Oct-25,WCT,1,,1,,142,27.2,444762,1,,,2.25,2
Jerry,250,9-Oct-25,WCT,1,,1,,142,27.3,438216,1,,,2.25,2
Plimpton,236,3-Oct-25,WCT,3,,1,,147,27.3,688282,,9,,3.3,2
Cow,295,2-Jul-25,WCT,1,,1,,137,27.4,,,,,7.2,1
Cow,250,27-Sep-25,WCT,1,,1,,136,27.4,688211,,,,7.2,2
CLT,251,25-Sep-25,WCT,1,,1,,140,27.4,687792,,,,4.15,2
Cow,250,27-Sep-25,WCT,1,,1,,143,27.5,688045,,,,7.2,2
Jerry,250,4-Aug-25,WCT,1,,1,,143,27.6,438396,,,,2.25,1
Jerry,250,9-Oct-25,WCT,1,,1,,137,27.6,433798,1,6,,2.25,2
Jerry,250,9-Oct-25,WCT,1,,1,,141,27.6,444156,1,,,2.25,2
Plimpton,236,8-Jul-25,WCT,2,2196,1,,138,27.7,435571,,,,3.3,1
Cow,250,27-Sep-25,WCT,1,,1,,142,27.7,688058,,,,7.2,2
CCT,261,1-Jul-25,WCT,1,1457,1,140,134,27.8,444557,,,,1.8,1
CCT,261,1-Jul-25,WCT,3,1352,1,,132,27.8,443050,,,,1.8,1
Pintler,205,2-Oct-25,WCT,1,,1,,138,27.9,688283,,4,,5.9,2
CCT,261,1-Jul-25,WCT,2,1594,1,,137,28,441543,,,,1.8,1
Cow,295,2-Jul-25,WCT,2,,1,,136,28,432761,,,,7.2,1
Buffalo,294,15-Jul-25,WCT,2,2951,1,,136,28,443429,,,,1.5,1
Jerry,250,4-Aug-25,WCT,1,,1,,141,28,438322,,,,2.25,1
Jerry,250,4-Aug-25,WCT,2,,1,,140,28,444762,,,,2.25,1
Buffalo,294,10-Oct-25,WCT,2,,1,,142,28,688328,,,,1.5,2
Cow,250,27-Sep-25,WCT,1,,1,,143,28,687978,,,,7.2,2
Cow,295,2-Jul-25,WCT,3,,1,,137,28.1,444715,,,,7.2,1
Cow,295,2-Jul-25,WCT,3,,1,,142,28.1,435838,,,,7.2,1
Plimpton,236,8-Jul-25,WCT,2,2196,1,,140,28.1,433696,,,,3.3,1
Buffalo,294,15-Jul-25,WCT,1,,1,,140,28.2,434705,,,,1.5,1
Cow,250,27-Sep-25,WCT,1,,1,,140,28.2,,,,,7.2,2
CCT,261,9-Sep-25,WCT,2,,1,,142,28.2,436119,,,,1.8,2
Jerry,250,4-Aug-25,WCT,2,,1,,143,28.4,442532,,,,2.25,1
CLT,251,25-Sep-25,WCT,2,,1,,140,28.4,687805,,,,4.15,2
Jerry,250,4-Aug-25,WCT,1,,1,,144,28.5,433076,,,,2.25,1
CCT,261,9-Sep-25,WCT,1,,1,,145,28.5,687708,,,,1.8,2
Cow,295,2-Jul-25,WCT,2,,1,,138,28.7,435055,,,,7.2,1
Plimpton,236,8-Jul-25,WCT,1,,1,,143,28.7,443482,,,,3.3,1
Jerry,250,4-Aug-25,WCT,1,,1,,137,28.7,437077,,,,2.25,1
CLT,251,25-Sep-25,WCT,2,,1,,139,28.7,443709,1,,,4.15,2
CCT,261,9-Sep-25,WCT,2,,1,,143,28.7,442196,,,,1.8,2
CCT,261,9-Sep-25,WCT,1,,1,,144,28.7,687711,,,,1.8,2
Pintler,205,7-Jul-25,WCT,2,1282,1,,139,29,438461,,,,5.9,1
Plimpton,236,8-Jul-25,WCT,1,,1,,151,29,437158,,,,3.3,1
Dry,210,9-Jul-25,WCT,1,,1,,141,29,442561,,,,3.3,1
Cow,250,27-Sep-25,WCT,1,,1,,146,29,688044,,,,7.2,2
Jerry,250,4-Aug-25,WCT,1,,1,,143,29.1,443769,,,,2.25,1
Plimpton,236,3-Oct-25,WCT,1,,1,,144,29.1,688315,,,,3.3,2
Plimpton,236,8-Jul-25,WCT,2,2196,1,,141,29.2,434923,,,,3.3,1
Jerry,250,4-Aug-25,WCT,1,,1,,142,29.2,444156,,,,2.25,1
Plimpton,236,3-Oct-25,WCT,1,,1,,143,29.2,688260,,,,3.3,2
CCT,261,1-Jul-25,WCT,3,1352,1,,124,29.4,437441,,,,1.8,1
CCT,261,9-Sep-25,WCT,1,,1,,142,29.4,434790,1,,,1.8,2
Plimpton,236,3-Oct-25,WCT,1,,1,,143,29.4,441471,1,,,3.3,2
Plimpton,236,3-Oct-25,WCT,2,,1,,144,29.4,688247,,3,,3.3,2
Plimpton,236,8-Jul-25,WCT,2,2196,1,,141,29.6,433679,,,,3.3,1
Jerry,250,9-Oct-25,WCT,2,,1,,142,29.7,435962,1,4,,2.25,2
Cow,250,27-Sep-25,WCT,1,,1,,143,29.7,687932,,,,7.2,2
Cow,250,27-Sep-25,WCT,1,,1,,146,29.7,688003,,,,7.2,2
Cow,295,2-Jul-25,WCT,2,,1,,132,29.8,442615,,,,7.2,1
Dry,210,9-Jul-25,WCT,1,,1,,141,29.8,434853,,,,3.3,1
Cow,250,27-Sep-25,WCT,1,,1,,144,29.8,688026,,,,7.2,2
CLT,251,25-Sep-25,WCT,2,,1,,142,29.9,687750,,,,4.15,2
CLT,251,30-Jun-25,WCT,1,3260,1,150,143,30,433236,,,,4.15,1
CCT,261,1-Jul-25,WCT,3,1352,1,,138,30,442583,,,,1.8,1
Cow,250,27-Sep-25,WCT,1,,1,,136,30,688138,,,,7.2,2
Cow,250,27-Sep-25,WCT,1,,1,,144,30,688043,,,,7.2,2
CLT,251,25-Sep-25,WCT,1,,1,,146,30,687918,,,,4.15,2
Plimpton,236,3-Oct-25,WCT,1,,1,,151,30,437158,1,,,3.3,2
Plimpton,236,3-Oct-25,WCT,1,,1,,143,30.1,688236,,,,3.3,2
CCT,261,9-Sep-25,WCT,2,,1,,147,30.1,443238,1,,,1.8,2
Cow,250,27-Sep-25,WCT,1,,1,,136,30.4,688071,,,,7.2,2
Cow,250,27-Sep-25,WCT,1,,1,,146,30.4,688072,,,,7.2,2
Cow,250,27-Sep-25,WCT,1,,1,,148,30.4,687964,,,,7.2,2
CCT,261,9-Sep-25,WCT,2,,1,,148,30.5,442771,,,,1.8,2
Cow,250,27-Sep-25,WCT,1,,1,,150,30.5,688180,,,,7.2,2
Cow,295,2-Jul-25,WCT,3,,1,,144,30.6,433212,,,,7.2,1
CCT,261,9-Sep-25,WCT,2,,1,,146,30.6,441056,,,,1.8,2
Jerry,250,4-Aug-25,WCT,1,,1,,143,30.7,436376,,,,2.25,1
Buffalo,294,10-Oct-25,WCT,3,,1,,143,30.7,688336,,,,1.5,2
Cow,250,27-Sep-25,WCT,1,,1,,147,30.7,688210,,,,7.2,2
Cow,295,2-Jul-25,WCT,1,,1,,145,30.8,,,,,7.2,1
Buffalo,294,15-Jul-25,WCT,2,2951,1,,144,30.8,434198,,,,1.5,1
Plimpton,236,8-Jul-25,WCT,1,,1,,138,30.9,441471,,,,3.3,1
Jerry,250,4-Aug-25,WCT,1,,1,,144,30.9,433946,,,,2.25,1
CCT,261,9-Sep-25,WCT,1,,1,,143,30.9,687674,,,,1.8,2
Cow,250,27-Sep-25,WCT,1,,1,,146,31,444821,,,,7.2,2
Cow,295,2-Jul-25,WCT,1,,1,,145,31.1,,,,,7.2,1
Cow,250,27-Sep-25,WCT,1,,1,,145,31.1,688032,,,,7.2,2
Buffalo,294,10-Oct-25,WCT,1,,1,,146,31.1,443429,1,,,1.5,2
CCT,261,1-Jul-25,WCT,1,1457,1,149,139,31.3,444258,,,,1.8,1
CCT,261,1-Jul-25,WCT,2,1594,1,,132,31.3,441986,,,,1.8,1
Dry,210,4-Oct-25,WCT,1,,1,,149,31.3,688362,,8,,3.3,2
Dry,210,4-Oct-25,WCT,1,,1,,149,31.4,,,2,mort,3.3,2
Pintler,205,7-Jul-25,WCT,2,1282,1,,136,31.5,435178,,,,5.9,1
Jerry,250,4-Aug-25,WCT,1,,1,,146,31.5,442620,,,,2.25,1
CCT,261,9-Sep-25,WCT,1,,1,,145,31.5,444863,1,,,1.8,2
Cow,295,2-Jul-25,WCT,1,,1,,146,31.6,442982,,,,7.2,1
Pintler,205,7-Jul-25,WCT,3,1220,1,,133,31.6,442577,,,,5.9,1
Jerry,250,4-Aug-25,WCT,1,,1,,144,31.6,436229,,,,2.25,1
Jerry,250,4-Aug-25,WCT,2,,1,,145,31.6,438244,,,,2.25,1
CCT,261,9-Sep-25,WCT,1,,1,,148,31.6,687699,,,,1.8,2
CLT,251,30-Jun-25,WCT,1,3260,1,156,148,31.7,,,,Mort,4.15,1
CCT,261,1-Jul-25,WCT,1,1457,1,145,138,31.7,442196,,,,1.8,1
Cow,295,2-Jul-25,WCT,3,,1,,141,31.7,442688,,,,7.2,1
Buffalo,294,15-Jul-25,WCT,1,,1,,139,31.7,,,,mort,1.5,1
CLT,251,25-Sep-25,WCT,2,,1,,145,31.7,687729,,,,4.15,2
CCT,261,9-Sep-25,WCT,1,,1,,147,31.7,441543,1,,,1.8,2
Cow,250,27-Sep-25,WCT,1,,1,,148,31.8,433748,,,,7.2,2
CCT,261,1-Jul-25,WCT,1,1457,1,139,134,31.9,434041,,,,1.8,1
Dry,210,9-Jul-25,WCT,3,,1,,146,32,443175,,,,3.3,1
Buffalo,294,15-Jul-25,WCT,2,2951,1,,143,32,442360,,,,1.5,1
Cow,250,27-Sep-25,WCT,1,,1,,143,32,,,,,7.2,2
Cow,250,27-Sep-25,WCT,1,,1,,146,32,688056,,,,7.2,2
Jerry,250,9-Oct-25,WCT,1,,1,,146,32,436229,1,1,,2.25,2
Dry,210,9-Jul-25,WCT,3,,1,,139,32.1,441767,,,,3.3,1
CLT,251,30-Jun-25,WCT,2,1971,1,154,146,32.2,438597,,,,4.15,1
CCT,261,9-Sep-25,WCT,1,,1,,149,32.2,442981,1,,,1.8,2
Plimpton,236,8-Jul-25,WCT,1,,1,,147,32.3,438500,,,,3.3,1
CLT,251,25-Sep-25,WCT,2,,1,,144,32.3,687769,,,,4.15,2
Jerry,250,9-Oct-25,WCT,1,,1,,150,32.3,688424,,,,2.25,2
CCT,261,1-Jul-25,WCT,1,1457,1,148,139,32.6,442981,,,,1.8,1
Dry,210,9-Jul-25,WCT,1,,1,,141,32.6,438482,,,,3.3,1
CLT,251,25-Sep-25,WCT,1,,1,,146,32.6,434373,1,,,4.15,2
CCT,261,9-Sep-25,WCT,2,,1,,149,32.6,441536,,,,1.8,2
Jerry,250,4-Aug-25,WCT,1,,1,,149,32.7,437609,,,,2.25,1
Dry,210,4-Oct-25,WCT,1,,1,,151,32.7,688364,,9,,3.3,2
Jerry,250,4-Aug-25,WCT,1,,1,,144,32.8,444393,,,,2.25,1
CCT,261,1-Jul-25,WCT,2,1594,1,,139,32.9,437942,,,,1.8,1
Jerry,250,9-Oct-25,WCT,1,,1,,154,33.2,443064,1,,,2.25,2
CCT,261,9-Sep-25,WCT,1,,1,,153,33.3,687879,,,,1.8,2
Cow,295,2-Jul-25,WCT,3,,1,,146,33.4,437388,,,,7.2,1
Plimpton,236,8-Jul-25,WCT,1,,1,,148,33.4,442887,,,,3.3,1
CCT,261,9-Sep-25,WCT,1,,1,,147,33.4,441986,1,,,1.8,2
Cow,295,2-Jul-25,WCT,3,,1,,147,33.7,434567,,,,7.2,1
Cow,250,27-Sep-25,WCT,1,,1,,150,33.7,434989,,,,7.2,2
CLT,251,25-Sep-25,WCT,2,,1,,147,33.8,687746,,,,4.15,2
Cow,250,27-Sep-25,WCT,1,,1,,150,34,688142,,,,7.2,2
Cow,250,27-Sep-25,WCT,1,,1,,151,34,,,,,7.2,2
Dry,210,4-Oct-25,WCT,1,,1,,152,34,688403,,,,3.3,2
CLT,251,30-Jun-25,WCT,2,1971,1,152,145,34.1,444347,,,,4.15,1
CCT,261,1-Jul-25,WCT,3,1352,1,,139,34.1,438338,,,,1.8,1
Cow,295,2-Jul-25,WCT,1,,1,,146,34.2,,,,,7.2,1
Jerry,250,4-Aug-25,WCT,1,,1,,147,34.2,442850,,,,2.25,1
Jerry,250,4-Aug-25,WCT,1,,1,,150,34.3,442950,,,,2.25,1
CCT,261,1-Jul-25,WCT,2,1594,1,,140,34.4,444194,,,,1.8,1
Jerry,250,4-Aug-25,WCT,1,,1,,152,34.4,441527,,,,2.25,1
CCT,261,9-Sep-25,WCT,2,,1,,152,34.5,436983,1,,,1.8,2
CCT,261,9-Sep-25,WCT,2,,1,,152,34.5,443894,,,,1.8,2
Plimpton,236,3-Oct-25,WCT,1,,1,,154,34.5,436273,1,,,3.3,2
Plimpton,236,8-Jul-25,WCT,3,2249,1,,152,34.6,436273,,,,3.3,1
Jerry,250,9-Oct-25,WCT,1,,1,,149,34.6,444393,1,,,2.25,2
Jerry,250,4-Aug-25,WCT,1,,1,,152,35,443064,,,,2.25,1
Cow,250,27-Sep-25,WCT,1,,1,,134,35,687981,,,,7.2,2
Jerry,250,4-Aug-25,WCT,3,,1,,144,35.3,4443367,,,,2.25,1
Cow,295,2-Jul-25,WCT,1,,1,,152,35.4,435814,,,,7.2,1
Buffalo,294,10-Oct-25,WCT,1,,1,,155,35.4,434837,1,,,1.5,2
CLT,251,25-Sep-25,WCT,1,,1,,150,35.5,438597,1,,,4.15,2
Cow,295,2-Jul-25,WCT,3,,1,,150,35.7,443062,,,,7.2,1
Plimpton,236,8-Jul-25,WCT,2,2196,1,,156,35.8,442916,,,,3.3,1
Cow,250,27-Sep-25,WCT,1,,1,,150,35.8,,,,,7.2,2
CLT,251,30-Jun-25,WCT,1,3260,1,153,146,35.9,434664,,,,4.15,1
CCT,261,1-Jul-25,WCT,3,1352,1,,142,36,442888,,,,1.8,1
Cow,250,27-Sep-25,WCT,1,,1,,135,36,688164,,,,7.2,2
Cow,250,27-Sep-25,WCT,1,,1,,152,36,442688,1,,,7.2,2
Cow,250,27-Sep-25,WCT,1,,1,,155,36,688170,,,,7.2,2
Plimpton,236,8-Jul-25,WCT,1,,1,,152,36.1,441578,,,,3.3,1
Buffalo,294,15-Jul-25,WCT,1,,1,,150,36.1,442179,,,,1.5,1
CCT,261,9-Sep-25,WCT,2,,1,,156,36.3,434045,,,,1.8,2
Cow,250,27-Sep-25,WCT,1,,1,,155,36.4,688203,,,,7.2,2
Pintler,205,7-Jul-25,WCT,1,1456,1,,137,36.5,441770,,,,5.9,1
Cow,250,27-Sep-25,WCT,1,,1,,151,36.5,688154,,,,7.2,2
Cow,250,27-Sep-25,WCT,1,,1,,154,36.5,443834,1,,,7.2,2
Cow,295,2-Jul-25,WCT,3,,1,,149,36.6,443834,,,,7.2,1
CLT,251,25-Sep-25,WCT,2,,1,,147,36.6,687780,,,,4.15,2
Cow,250,27-Sep-25,WCT,1,,1,,150,36.6,688134,,,,7.2,2
CLT,251,25-Sep-25,WCT,2,,1,,148,36.7,687757,,,,4.15,2
CCT,261,9-Sep-25,WCT,1,,1,,153,36.7,687662,,,,1.8,2
Pintler,205,2-Oct-25,WCT,3,,1,,148,36.9,688249,,,,5.9,2
CCT,261,1-Jul-25,WCT,3,1352,1,,143,37,438797,,,,1.8,1
Jerry,250,4-Aug-25,WCT,3,,1,,149,37.1,442257,,,,2.25,1
Cow,295,2-Jul-25,WCT,1,,1,,154,37.2,,,,,7.2,1
Cow,250,27-Sep-25,WCT,1,,1,,151,37.5,688117,,,,7.2,2
CLT,251,25-Sep-25,WCT,3,,1,,152,37.5,687771,,,,4.15,2
Pintler,205,2-Oct-25,WCT,2,,1,,154,37.6,688299,,,,5.9,2
Dry,210,9-Jul-25,WCT,1,,1,,152,37.7,443135,,,,3.3,1
Cow,250,27-Sep-25,WCT,1,,1,,156,37.7,688122,,,,7.2,2
Cow,295,2-Jul-25,WCT,1,,1,,154,37.8,,,,,7.2,1
CCT,261,9-Sep-25,WCT,1,,1,,158,37.8,687690,,,,1.8,2
Cow,250,27-Sep-25,WCT,1,,1,,152,38,687961,,,,7.2,2
Cow,250,27-Sep-25,WCT,1,,1,,155,38,688140,,,,7.2,2
CLT,251,30-Jun-25,WCT,2,1971,1,160,154,38.1,434118,,,,4.15,1
CCT,261,1-Jul-25,WCT,1,1457,1,148,140,38.1,443238,,,,1.8,1
CCT,261,9-Sep-25,WCT,2,,1,,155,38.2,438434,,,,1.8,2
Cow,250,27-Sep-25,WCT,1,,1,,159,38.2,688046,,,,7.2,2
Plimpton,236,8-Jul-25,WCT,2,2196,1,,167,38.3,434668,,,,3.3,1
Dry,210,4-Oct-25,WCT,3,,1,,157,38.4,688372,,6,,3.3,2
Jerry,250,9-Oct-25,WCT,1,,1,,161,38.5,443517,1,2,,2.25,2
Buffalo,294,10-Oct-25,WCT,1,,1,,158,38.7,688495,,,,1.5,2
Cow,250,27-Sep-25,WCT,1,,1,,160,38.9,688036,,,,7.2,2
Jerry,250,9-Oct-25,WCT,1,,1,,159,39,688389,,5,,2.25,2
Buffalo,294,10-Oct-25,WCT,3,,1,,155,39.1,442179,1,4,,1.5,2
Buffalo,294,15-Jul-25,WCT,3,2028,1,,139,39.2,433861,,,,1.5,1
CLT,251,25-Sep-25,WCT,1,,1,,155,39.2,687789,,,,4.15,2
Plimpton,236,3-Oct-25,WCT,3,,1,,156,39.2,442916,1,8,,3.3,2
Cow,250,27-Sep-25,WCT,1,,1,,156,39.3,687970,,,,7.2,2
CCT,261,9-Sep-25,WCT,1,,1,,155,39.4,434757,1,,,1.8,2
CCT,261,1-Jul-25,WCT,2,1594,1,,148,39.5,444261,,,,1.8,1
Dry,210,9-Jul-25,WCT,1,,1,,149,39.5,438694,,,,3.3,1
Jerry,250,4-Aug-25,WCT,1,,1,,154,39.5,434253,,,,2.25,1
CCT,261,9-Sep-25,WCT,1,,1,,154,39.5,687874,,,,1.8,2
Cow,295,2-Jul-25,WCT,1,,1,,159,39.7,435226,,,,7.2,1
Plimpton,236,8-Jul-25,WCT,1,,1,,153,39.7,443128,,,,3.3,1
CLT,251,25-Sep-25,WCT,1,,1,,150,39.7,444347,1,,,4.15,2
CCT,261,1-Jul-25,WCT,1,1457,1,147,139,39.8,436983,,,,1.8,1
Cow,295,2-Jul-25,WCT,2,,1,,157,39.8,442213,,,,7.2,1
Cow,295,2-Jul-25,WCT,1,,1,,156,39.9,438421,,,,7.2,1
CCT,261,9-Sep-25,WCT,2,,1,,154,39.9,687670,,,,1.8,2
CCT,261,9-Sep-25,WCT,1,,1,,157,39.9,437942,1,,,1.8,2
CCT,261,9-Sep-25,WCT,1,,1,,159,39.9,687639,,,,1.8,2
Cow,295,2-Jul-25,WCT,3,,1,,154,40,438675,,,,7.2,1
Buffalo,294,15-Jul-25,WCT,1,,1,,154,40,434837,,,,1.5,1
Cow,250,27-Sep-25,WCT,1,,1,,158,40,436842,,,,7.2,2
Cow,250,27-Sep-25,WCT,1,,1,,158,40,688070,,,,7.2,2
Cow,295,2-Jul-25,WCT,3,,1,,151,40.3,435471,,,,7.2,1
Buffalo,294,15-Jul-25,WCT,2,2951,1,,151,40.3,442308,,,,1.5,1
Buffalo,294,15-Jul-25,WCT,2,2951,1,,153,40.3,438377,,,,1.5,1
Jerry,250,4-Aug-25,WCT,1,,1,,158,40.3,443610,,,,2.25,1
CCT,261,1-Jul-25,WCT,1,1457,1,157,147,40.4,444461,,,,1.8,1
Cow,295,2-Jul-25,WCT,3,,1,,155,40.8,443101,,,,7.2,1
Cow,295,2-Jul-25,WCT,1,,1,,158,40.9,433243,,,,7.2,1
Cow,250,27-Sep-25,WCT,1,,1,,159,40.9,688092,,,,7.2,2
Cow,250,27-Sep-25,WCT,1,,1,,159,40.9,441284,,,,7.2,2
Cow,250,27-Sep-25,WCT,1,,1,,159,40.9,,,,,7.2,2
CCT,261,9-Sep-25,WCT,1,,1,,160,41,687648,,,,1.8,2
Dry,210,9-Jul-25,WCT,2,,1,,153,41.1,437134,,,,3.3,1
Cow,250,27-Sep-25,WCT,1,,1,,157,41.2,,,,,7.2,2
Cow,250,27-Sep-25,WCT,1,,1,,158,41.2,688089,,,,7.2,2
CLT,251,25-Sep-25,WCT,1,,1,,159,41.2,687765,,,,4.15,2
Jerry,250,9-Oct-25,WCT,2,,1,,159,41.3,442518,1,9,,2.25,2
Jerry,250,4-Aug-25,WCT,3,,1,,159,41.4,443517,,,,2.25,1
Dry,210,9-Jul-25,WCT,1,,1,,156,41.5,434163,,,,3.3,1
Buffalo,294,15-Jul-25,WCT,1,,1,,154,41.5,442859,,,,1.5,1
CCT,261,9-Sep-25,WCT,1,,1,,158,41.5,435344,1,,,1.8,2
Buffalo,294,15-Jul-25,WCT,1,,1,,158,41.7,434841,,,,1.5,1
Jerry,250,9-Oct-25,WCT,1,,1,,159,41.8,434253,1,7,,2.25,2
Jerry,250,4-Aug-25,WCT,1,,1,,159,41.9,436344,,,,2.25,1
CCT,261,9-Sep-25,WCT,1,,1,,158,41.9,687703,,,,1.8,2
CLT,251,25-Sep-25,WCT,2,,1,,161,41.9,687725,,,,4.15,2
CCT,261,1-Jul-25,WCT,1,1457,1,152,144,42,435344,,,,1.8,1
Cow,250,27-Sep-25,WCT,1,,1,,160,42,688131,,,,7.2,2
Dry,210,9-Jul-25,WCT,1,,1,,156,42.3,,,,mort,3.3,1
Cow,250,27-Sep-25,WCT,1,,1,,160,42.3,438421,1,,,7.2,2
Dry,210,9-Jul-25,WCT,1,,1,,157,42.4,438177,,,,3.3,1
Dry,210,9-Jul-25,WCT,2,,1,,158,42.4,436039,,,,3.3,1
Dry,210,4-Oct-25,WCT,1,,1,,161,42.4,688330,,4,,3.3,2
Plimpton,236,8-Jul-25,WCT,1,,1,,161,42.6,,,,mort,3.3,1
CLT,251,25-Sep-25,WCT,1,,1,,158,42.7,687841,,,,4.15,2
CCT,261,1-Jul-25,WCT,1,1457,1,156,148,42.8,443345,,,,1.8,1
Cow,295,2-Jul-25,WCT,3,,1,,158,43,436529,,,,7.2,1
Cow,250,27-Sep-25,WCT,1,,1,,160,43.1,,,,,7.2,2
CCT,261,1-Jul-25,WCT,1,1457,1,161,152,43.2,436393,,,,1.8,1
Cow,295,2-Jul-25,WCT,2,,1,,161,43.3,435453,,,,7.2,1
Jerry,250,4-Aug-25,WCT,1,,1,,159,43.4,442518,,,,2.25,1
Cow,250,27-Sep-25,WCT,1,,1,,163,43.7,,,,,7.2,2
CCT,261,1-Jul-25,WCT,3,1352,1,,147,43.8,434757,,,,1.8,1
Cow,295,2-Jul-25,WCT,3,,1,,156,43.8,435028,,,,7.2,1
Cow,250,27-Sep-25,WCT,1,,1,,169,43.8,,,,,7.2,2
Cow,250,27-Sep-25,WCT,1,,1,,100,44,,,,,7.2,2
Plimpton,236,3-Oct-25,WCT,1,,1,,159,44,443128,1,,,3.3,2
Buffalo,294,10-Oct-25,WCT,3,,1,,163,44,442859,1,10,,1.5,2
CCT,261,9-Sep-25,WCT,2,,1,,160,44.2,434792,,,,1.8,2
CCT,261,9-Sep-25,WCT,1,,1,,164,44.3,687640,,,,1.8,2
Pintler,205,7-Jul-25,WCT,1,1456,1,,145,44.4,441258,,,,5.9,1
Cow,250,27-Sep-25,WCT,1,,1,,162,44.5,688090,,,,7.2,2
Dry,210,9-Jul-25,WCT,1,,1,,163,44.6,433311,,,,3.3,1
Buffalo,294,10-Oct-25,WCT,3,,1,,163,44.6,688416,,8,,1.5,2
Cow,295,2-Jul-25,WCT,3,,1,,154,44.8,444331,,,,7.2,1
Cow,250,27-Sep-25,WCT,1,,1,,168,45.4,,,,,7.2,2
Plimpton,236,8-Jul-25,WCT,1,,1,,166,45.5,443260,,,,3.3,1
Buffalo,294,10-Oct-25,WCT,3,,1,,165,45.5,688350,,6,,1.5,2
CCT,261,1-Jul-25,WCT,3,1352,1,,151,45.6,438427,,,,1.8,1
CCT,261,1-Jul-25,WCT,1,1457,1,162,153,46,441376,,,,1.8,1
CCT,261,1-Jul-25,WCT,1,1457,1,159,150,46.2,435683,,,,1.8,1
CCT,261,9-Sep-25,WCT,2,,1,,165,46.2,433932,,,,1.8,2
CCT,261,9-Sep-25,WCT,1,,1,,166,46.6,687842,,,,1.8,2
CLT,251,30-Jun-25,WCT,1,3260,1,178,169,47,444125,,,,4.15,1
CCT,261,9-Sep-25,WCT,1,,1,,167,47,444261,1,,,1.8,2
Cow,250,27-Sep-25,WCT,1,,1,,168,47.2,688106,,,,7.2,2
CCT,261,1-Jul-25,WCT,2,1594,1,,146,47.6,438677,,,,1.8,1
CCT,261,1-Jul-25,WCT,3,1352,1,,159,47.6,438604,,,,1.8,1
Cow,250,27-Sep-25,WCT,1,,1,,168,47.7,688110,, ,,7.2,2
CCT,261,1-Jul-25,WCT,3,1352,1,,154,47.9,436812,,,,1.8,1
CCT,261,9-Sep-25,WCT,1,,1,,165,48,687689,,,,1.8,2
CCT,261,1-Jul-25,WCT,2,1594,1,,158,48.1,437124,,,,1.8,1
Cow,295,2-Jul-25,WCT,1,,1,,166,48.2,441731,,,,7.2,1
CCT,261,9-Sep-25,WCT,2,,1,,168,48.2,438604,,,,1.8,2
CCT,261,9-Sep-25,WCT,1,,1,,166,48.3,437124,,,,1.8,2
CCT,261,1-Jul-25,WCT,2,1594,1,,160,48.4,437053,,,,1.8,1
Plimpton,236,3-Oct-25,WCT,1,,1,,168,48.5,443260,1,6,,3.3,2
Cow,250,27-Sep-25,WCT,1,,1,,170,48.6,687988,,,,7.2,2
Cow,250,27-Sep-25,WCT,1,,1,,169,48.9,,,,,7.2,2
CLT,251,25-Sep-25,WCT,1,,1,,165,49.1,687919,,,,4.15,2
CCT,261,9-Sep-25,WCT,2,,1,,170,49.1,687643,,,,1.8,2
Buffalo,294,10-Oct-25,WCT,2,,1,,172,49.4,688404,,9,,1.5,2
Cow,295,2-Jul-25,WCT,2,,1,,169,50,443088,,,,7.2,1
Cow,250,27-Sep-25,WCT,1,,1,,172,50,688035,,,,7.2,2
CLT,251,25-Sep-25,WCT,1,,1,,169,50.2,687831,,,,4.15,2
CCT,261,1-Jul-25,WCT,1,1457,1,176,166,50.3,437456,,,,1.8,1
CCT,261,1-Jul-25,WCT,1,1457,1,180,172,50.3,444173,,,,1.8,1
Cow,250,27-Sep-25,WCT,1,,1,,172,50.4,688065,,,,7.2,2
Dry,210,9-Jul-25,WCT,1,,1,,168,50.7,437142,,,,3.3,1
Cow,250,27-Sep-25,WCT,1,,1,,171,50.8,,,,,7.2,2
Cow,250,27-Sep-25,WCT,1,,1,,168,51,688195,,,,7.2,2
Jerry,250,9-Oct-25,WCT,1,,1,,175,51,442736,1,8,,2.25,2
CCT,261,9-Sep-25,WCT,1,,1,,168,51.1,687631,,,,1.8,2
CCT,261,9-Sep-25,WCT,1,,1,,171,51.1,444032,1,,,1.8,2
Buffalo,294,15-Jul-25,WCT,1,,1,,167,51.2,435433,,,,1.5,1
CLT,251,25-Sep-25,WCT,1,,1,,153,51.2,687857,,,,4.15,2
CCT,261,9-Sep-25,WCT,1,,1,,171,51.5,687871,,,,1.8,2
Jerry,250,4-Aug-25,WCT,1,,1,,170,51.6,438522,,,,2.25,1
Cow,295,2-Jul-25,WCT,2,,1,,167,51.9,445708,,,,7.2,1
Buffalo,294,15-Jul-25,WCT,2,2951,1,,164,51.9,442716,,,,1.5,1
Cow,250,27-Sep-25,WCT,1,,1,,171,52,688169,,,,7.2,2
CCT,261,1-Jul-25,WCT,1,1457,1,161,152,52.2,444032,,,,1.8,1
Buffalo,294,15-Jul-25,WCT,2,2951,1,,167,52.5,433475,,,,1.5,1
CCT,261,1-Jul-25,WCT,1,1457,1,173,164,52.9,443548,,,,1.8,1
Cow,250,27-Sep-25,WCT,1,,1,,171,52.9,688068,,,,7.2,2
Cow,250,27-Sep-25,WCT,1,,1,,172,53,443637,,,,7.2,2
CCT,261,9-Sep-25,WCT,1,,1,,174,53.1,687787,,6,,1.8,2
CCT,261,9-Sep-25,WCT,1,,1,,175,53.1,687814,,,,1.8,2
Dry,210,9-Jul-25,WCT,1,,1,,168,53.2,44070,,,,3.3,1
Plimpton,236,8-Jul-25,WCT,1,,1,,175,53.4,434712,,,,3.3,1
Dry,210,4-Oct-25,WCT,1,,1,,171,53.4,688412,,7,,3.3,2
Alkali,250,11-Oct-25,WCT,1,,1,,179,53.4,,,9,,1.7,2
CCT,261,9-Sep-25,WCT,1,,1,,169,53.5,687816,,8,,1.8,2
CCT,261,9-Sep-25,WCT,1,,1,,170,53.5,434105,1,,,1.8,2
Cow,250,27-Sep-25,WCT,1,,1,,176,53.6,,,,,7.2,2
Jerry,250,4-Aug-25,WCT,1,,1,,168,53.7,433222,,,,2.25,1
Cow,250,27-Sep-25,WCT,1,,1,,178,54,,,,,7.2,2
CLT,251,25-Sep-25,WCT,1,,1,,175,54.1,444125,1,,,4.15,2
Jerry,250,4-Aug-25,WCT,1,,1,,174,54.2,442736,,,,2.25,1
Cow,250,27-Sep-25,WCT,1,,1,,171,54.2,,,,,7.2,2
CCT,261,1-Jul-25,WCT,2,1594,1,,163,54.5,434017,,,,1.8,1
CCT,261,9-Sep-25,WCT,1,,1,,166,54.5,687655,,,,1.8,2
Cow,295,2-Jul-25,WCT,1,,1,,175,54.7,,,,,7.2,1
CCT,261,1-Jul-25,WCT,1,1457,1,183,171,54.8,444209,,,mort,1.8,1
Dry,210,9-Jul-25,WCT,3,,1,,168,54.8,435694,,,,3.3,1
Cow,250,27-Sep-25,WCT,1,,1,,174,54.8,687984,,,,7.2,2
CCT,261,9-Sep-25,WCT,1,,1,,175,55.1,436223,1,,,1.8,2
Alkali,250,16-Jul-25,WCT,1,,1,,167,55.2,441766,,,,1.7,1
Dry,210,4-Oct-25,WCT,2,,1,,178,55.2,688370,,,,3.3,2
Cow,295,2-Jul-25,WCT,3,,1,,165,55.4,443323,,,,7.2,1
Cow,295,2-Jul-25,WCT,3,,1,,173,55.4,442295,,,,7.2,1
Buffalo,294,15-Jul-25,WCT,2,2951,1,,171,55.6,442890,,,,1.5,1
Cow,295,2-Jul-25,WCT,3,,1,,168,55.7,436542,,,,7.2,1
Buffalo,294,15-Jul-25,WCT,1,,1,,178,55.8,434374,,,,1.5,1
Buffalo,294,15-Jul-25,WCT,1,,1,,173,55.9,444737,,,,1.5,1
CCT,261,1-Jul-25,WCT,1,1457,1,173,164,56,443254,,,,1.8,1
Cow,250,27-Sep-25,WCT,1,,1,,173,56,688054,,,,7.2,2
Plimpton,236,3-Oct-25,WCT,1,,1,,176,56,434712,1,7,,3.3,2
CCT,261,1-Jul-25,WCT,2,1594,1,,163,56.1,436223,,,,1.8,1
CCT,261,9-Sep-25,WCT,1,,1,,171,56.1,687887,,,,1.8,2
Cow,250,27-Sep-25,WCT,1,,1,,176,56.3,688060,,,,7.2,2
CCT,261,1-Jul-25,WCT,1,1457,1,173,162,56.4,437923,,,,1.8,1
CCT,261,1-Jul-25,WCT,3,1352,1,,166,56.5,432777,,,,1.8,1
Cow,250,27-Sep-25,WCT,1,,1,,175,56.5,435750,,,,7.2,2
CCT,261,9-Sep-25,WCT,1,,1,,183,56.5,687661,,,,1.8,2
Cow,295,2-Jul-25,WCT,3,,1,,171,56.7,435386,,,,7.2,1
CCT,261,9-Sep-25,WCT,1,,1,,178,56.8,437456,1,,,1.8,2
Cow,250,27-Sep-25,WCT,1,,1,,180,56.8,,,,,7.2,2
Cow,250,27-Sep-25,WCT,1,,1,,178,57.1,,,,,7.2,2
Cow,295,2-Jul-25,WCT,3,,1,,173,57.2,437957,,,,7.2,1
CCT,261,9-Sep-25,WCT,1,,1,,178,57.3,687912,,3,,1.8,2
Buffalo,294,10-Oct-25,WCT,1,,1,,180,57.4,442890,1,,,1.5,2
Dry,210,9-Jul-25,WCT,1,,1,,177,57.7,442373,,,,3.3,1
CCT,261,1-Jul-25,WCT,2,1594,1,,157,57.9,442216,,,,1.8,1
Cow,250,27-Sep-25,WCT,1,,1,,180,57.9,687994,,,,7.2,2
Buffalo,294,15-Jul-25,WCT,1,,1,,176,58,433750,,,,1.5,1
Buffalo,294,15-Jul-25,WCT,2,2951,1,,174,58,441564,,,,1.5,1
Pintler,205,7-Jul-25,WCT,2,1282,1,,158,58.3,,,,mort,5.9,1
CCT,261,1-Jul-25,WCT,1,1457,1,175,165,58.5,437237,,,,1.8,1
Cow,250,27-Sep-25,WCT,1,,1,,181,58.5,,,,,7.2,2
Pintler,205,2-Oct-25,WCT,3,,1,,177,59,388246,,,,5.9,2
CCT,261,1-Jul-25,WCT,3,1352,1,,170,59.4,,,,mort,1.8,1
CCT,261,9-Sep-25,WCT,2,,1,,174,59.5,433800,1,,,1.8,2
Cow,295,2-Jul-25,WCT,1,,1,,193,59.6,441978,,,,7.2,1
CLT,251,25-Sep-25,WCT,1,,1,,180,59.6,687885,,,,4.15,2
CCT,261,9-Sep-25,WCT,1,,1,,180,59.9,687861,,7,,1.8,2
Cow,250,27-Sep-25,WCT,1,,1,,180,59.9,688143,,,,7.2,2
Buffalo,294,10-Oct-25,WCT,2,,1,,185,59.9,688369,,3,,1.5,2
Buffalo,294,10-Oct-25,WCT,3,,1,,182,60,688409,,7,,1.5,2
Cow,250,27-Sep-25,WCT,1,,1,,185,60,688004,,,,7.2,2
CCT,261,1-Jul-25,WCT,1,1457,1,170,160,60.6,444898,,,,1.8,1
CCT,261,1-Jul-25,WCT,1,1457,1,179,168,60.6,444606,,,,1.8,1
CCT,261,1-Jul-25,WCT,2,1594,1,,169,60.6,433800,,,,1.8,1
CCT,261,9-Sep-25,WCT,1,,1,,183,60.7,687695,,,,1.8,2
Dry,210,4-Oct-25,WCT,2,,1,,186,60.7,688384,,3,,3.3,2
CCT,261,1-Jul-25,WCT,1,1457,1,172,162,60.8,434105,,,,1.8,1
CLT,251,25-Sep-25,WCT,1,,1,,192,61,687751,,,,4.15,2
CCT,261,1-Jul-25,WCT,1,1457,1,176,166,61.4,444333,,,,1.8,1
Cow,250,27-Sep-25,WCT,1,,1,,183,61.5,688051,,,,7.2,2
Cow,295,2-Jul-25,WCT,2,,1,,178,61.7,441568,,,,7.2,1
Cow,250,27-Sep-25,WCT,1,,1,,181,61.7,688183,,,,7.2,2
Cow,250,27-Sep-25,WCT,1,,1,,185,61.7,688194,,,,7.2,2
CCT,261,9-Sep-25,WCT,1,,1,,177,61.9,687668,,,,1.8,2
Cow,295,2-Jul-25,WCT,1,,1,,178,62.2,435154,,,,7.2,1
Buffalo,294,15-Jul-25,WCT,1,,1,,175,62.2,442572,,,,1.5,1
Pintler,205,7-Jul-25,WCT,1,1456,1,,165,62.3,441595,,,,5.9,1
CCT,261,9-Sep-25,WCT,2,,1,,184,62.3,687629,,,,1.8,2
CCT,261,9-Sep-25,WCT,2,,1,,174,62.4,437959,,,,1.8,2
CCT,261,1-Jul-25,WCT,1,1457,1,169,158,62.5,435911,,,,1.8,1
CCT,261,1-Jul-25,WCT,2,1594,1,,183,62.8,437292,,,,1.8,1
CCT,261,1-Jul-25,WCT,2,1594,1,,172,63,433232,,,,1.8,1
Cow,295,2-Jul-25,WCT,1,,1,,177,63,,,,,7.2,1
Cow,250,27-Sep-25,WCT,1,,1,,183,63.1,688128,,,,7.2,2
CCT,261,9-Sep-25,WCT,1,,1,,186,63.1,687649,,,,1.8,2
CCT,261,1-Jul-25,WCT,2,1594,1,,161,63.4,442822,,,,1.8,1
CCT,261,9-Sep-25,WCT,1,,1,,188,63.4,687638,,,,1.8,2
CCT,261,1-Jul-25,WCT,1,1457,1,174,164,63.6,434736,,,,1.8,1
CCT,261,9-Sep-25,WCT,1,,1,,178,63.7,437237,1,,,1.8,2
Alkali,250,11-Oct-25,WCT,1,,1,,179,64,,,1,,1.7,2
Jerry,250,9-Oct-25,WCT,1,,1,,186,64,444519,1,3,,2.25,2
Buffalo,294,15-Jul-25,WCT,2,2951,1,,181,64.2,441227,,,,1.5,1
CCT,261,9-Sep-25,WCT,2,,1,,179,64.2,443079,1,,,1.8,2
Cow,250,27-Sep-25,WCT,1,,1,,186,64.2,,,,,7.2,2
Cow,250,27-Sep-25,WCT,1,,1,,181,64.3,435386,1,,,7.2,2
Cow,250,27-Sep-25,WCT,1,,1,,189,64.6,688076,,,,7.2,2
Dry,210,9-Jul-25,WCT,1,,1,,183,64.7,443559,,,,3.3,1
Cow,250,27-Sep-25,WCT,1,,1,,185,64.8,443957,,,,7.2,2
Alkali,250,16-Jul-25,WCT,1,,1,,176,65.1,434902,,,,1.7,1
Cow,295,2-Jul-25,WCT,3,,1,,187,65.2,441187,,,,7.2,1
CCT,261,9-Sep-25,WCT,1,,1,,179,65.3,687651,,,,1.8,2
Cow,250,27-Sep-25,WCT,1,,1,,181,65.3,688165,,,,7.2,2
CCT,261,9-Sep-25,WCT,1,,1,,185,65.4,687647,,,,1.8,2
CCT,261,9-Sep-25,WCT,1,,1,,194,65.7,687897,,2,,1.8,2
CCT,261,9-Sep-25,WCT,1,,1,,184,65.8,687888,,1,,1.8,2
Cow,250,27-Sep-25,WCT,1,,1,,187,65.8,444571,,,,7.2,2
Cow,250,27-Sep-25,WCT,1,,1,,190,66.5,,,,,7.2,2
Cow,295,2-Jul-25,WCT,1,,1,,186,66.7,436201,,,,7.2,1
Cow,250,27-Sep-25,WCT,2,,1,,193,66.7,440964,1,,,7.2,2
Dry,210,9-Jul-25,WCT,1,,1,,188,66.8,442750,,,,3.3,1
Alkali,250,16-Jul-25,WCT,2,,1,,178,67,441920,,,,1.7,1
CCT,261,9-Sep-25,WCT,1,,1,,185,67,432777,1,,,1.8,2
CCT,261,9-Sep-25,WCT,2,,1,,177,67.6,435329,,,,1.8,2
Cow,295,2-Jul-25,WCT,3,,1,,187,67.8,440964,,,,7.2,1
CCT,261,9-Sep-25,WCT,1,,1,,183,67.8,687723,,,,1.8,2
CCT,261,9-Sep-25,WCT,1,,1,,185,68,442566,1,,,1.8,2
Cow,250,27-Sep-25,WCT,1,,1,,187,68.1,688187,,,,7.2,2
Cow,295,2-Jul-25,WCT,3,,1,,192,68.2,436026,,,,7.2,1
Cow,250,27-Sep-25,WCT,1,,1,,190,68.2,441981,,,,7.2,2
CCT,261,9-Sep-25,WCT,2,,1,,185,68.3,444165,,,,1.8,2
Cow,295,2-Jul-25,WCT,3,,1,,179,68.8,436059,,,,7.2,1
Cow,250,27-Sep-25,WCT,2,,1,,183,68.9,434429,1,,,7.2,2
CCT,261,1-Jul-25,WCT,2,1594,1,,175,69,437281,,,,1.8,1
Pintler,205,7-Jul-25,WCT,1,1456,1,,180,69.2,442547,,,,5.9,1
CCT,261,9-Sep-25,WCT,2,,1,,184,69.2,434397,,,,1.8,2
Buffalo,294,15-Jul-25,WCT,1,,1,,190,69.6,437359,,,,1.5,1
Jerry,250,4-Aug-25,WCT,1,,1,,187,69.7,444519,,,,2.25,1
Cow,250,27-Sep-25,WCT,1,,1,,193,69.8,688161,,,,7.2,2
Cow,250,27-Sep-25,WCT,1,,1,,188,70,,,,,7.2,2
CCT,261,1-Jul-25,WCT,1,1457,1,181,170,70.3,441557,,,,1.8,1
CCT,261,9-Sep-25,WCT,1,,1,,196,70.3,687641,,,,1.8,2
Cow,250,27-Sep-25,WCT,1,,1,,193,70.4,688130,,,,7.2,2
CCT,261,1-Jul-25,WCT,1,1457,1,187,178,70.5,442757,,,,1.8,1
CCT,261,1-Jul-25,WCT,1,1457,1,184,172,70.7,443079,,,,1.8,1
CCT,261,1-Jul-25,WCT,1,1457,1,189,178,70.7,442372,,,,1.8,1
Cow,250,27-Sep-25,WCT,1,,1,,188,70.7,,,,,7.2,2
Buffalo,294,10-Oct-25,WCT,1,,1,,194,70.9,688499,,,,1.5,2
Cow,295,2-Jul-25,WCT,1,,1,,186,71,443488,,,,7.2,1
Cow,250,27-Sep-25,WCT,1,,1,,193,71,,,,,7.2,2
Cow,295,2-Jul-25,WCT,1,,1,,187,71.4,443867,,,mort,7.2,1
Cow,295,2-Jul-25,WCT,2,,1,,192,71.4,441751,,,,7.2,1
CCT,261,9-Sep-25,WCT,1,,1,,192,71.5,437292,1,10,,1.8,2
Cow,250,27-Sep-25,WCT,1,,1,,193,71.5,,,,,7.2,2
CCT,261,1-Jul-25,WCT,1,1457,1,191,181,71.8,442566,,,,1.8,1
Cow,250,27-Sep-25,WCT,1,,1,,195,72.1,443086,,,,7.2,2
CCT,261,9-Sep-25,WCT,1,,1,,198,72.7,687910,,,,1.8,2
CCT,261,1-Jul-25,WCT,1,1457,1,178,167,72.8,436735,,,,1.8,1
Cow,295,2-Jul-25,WCT,1,,1,,188,73.1,441060,,,,7.2,1
Cow,250,27-Sep-25,WCT,1,,1,,180,73.1,434764,,,,7.2,2
Cow,295,2-Jul-25,WCT,1,,1,,188,73.2,,,,,7.2,1
Cow,295,2-Jul-25,WCT,2,,1,,196,73.2,434698,,,,7.2,1
Cow,295,2-Jul-25,WCT,2,,1,,200,73.3,438300,,,,7.2,1
CCT,261,9-Sep-25,WCT,1,,1,,185,73.3,687834,,,,1.8,2
Cow,295,2-Jul-25,WCT,3,,1,,181,73.5,434429,,,,7.2,1
Cow,250,27-Sep-25,WCT,1,,1,,195,74,434030,,,,7.2,2
Cow,295,2-Jul-25,WCT,1,,1,,191,74.9,,,,,7.2,1
CCT,261,1-Jul-25,WCT,2,1594,1,,172,75,443066,,,,1.8,1
CCT,261,9-Sep-25,WCT,1,,1,,184,75.4,444606,1,,,1.8,2
Cow,250,27-Sep-25,WCT,1,,1,,192,75.6,,,,,7.2,2
Cow,250,27-Sep-25,WCT,1,,1,,204,75.6,,,,,7.2,2
Cow,295,2-Jul-25,WCT,1,,1,,196,75.9,438102,,,,7.2,1
CCT,261,1-Jul-25,WCT,1,1457,1,192,182,76.7,441072,,,,1.8,1
Cow,295,2-Jul-25,WCT,1,,1,,196,76.8,434164,,,,7.2,1
Buffalo,294,15-Jul-25,WCT,1,,1,,199,76.9,441197,,,,1.5,1
Cow,250,27-Sep-25,WCT,1,,1,,193,77,438683,,1,,7.2,2
CCT,261,1-Jul-25,WCT,2,1594,1,,176,77.8,444246,,,,1.8,1
Buffalo,294,15-Jul-25,WCT,1,,1,,196,77.9,443401,,,,1.5,1
Buffalo,294,15-Jul-25,WCT,1,,1,,191,78.3,434182,,,,1.5,1
Cow,250,27-Sep-25,WCT,1,,1,,191,78.4,688192,,,,7.2,2
Cow,250,27-Sep-25,WCT,1,,1,,201,78.4,688216,,,,7.2,2
Cow,250,27-Sep-25,WCT,1,,1,,194,78.6,688041,,,,7.2,2
CCT,261,1-Jul-25,WCT,1,1457,1,198,186,78.9,444590,,,,1.8,1
CCT,261,1-Jul-25,WCT,1,1457,1,185,173,79,436647,,,,1.8,1
Pintler,205,7-Jul-25,WCT,3,1220,1,,172,79.1,436041,,,,5.9,1
Cow,295,2-Jul-25,WCT,1,,1,,195,79.2,,,,,7.2,1
Dry,210,4-Oct-25,WCT,1,,1,,200,79.4,443559,1,1,,3.3,2
Buffalo,294,15-Jul-25,WCT,1,,1,,200,79.7,443733,,,,1.5,1
Cow,250,27-Sep-25,WCT,1,,1,,194,80.2,688115,,,,7.2,2
Cow,250,27-Sep-25,WCT,1,,1,,197,80.3,688201,,,,7.2,2
Cow,250,27-Sep-25,WCT,1,,1,,204,80.6,688172,,,,7.2,2
Alkali,250,11-Oct-25,WCT,1,,1,,201,81,,,10,,1.7,2
CCT,261,9-Sep-25,WCT,1,,1,,194,82,443066,1,4,,1.8,2
Cow,295,2-Jul-25,WCT,2,,1,,205,83.1,441075,,,,7.2,1
Cow,295,2-Jul-25,WCT,2,,1,,202,83.6,444342,,,,7.2,1
CCT,261,9-Sep-25,WCT,1,,1,,198,83.7,687886,,,,1.8,2
Buffalo,294,10-Oct-25,WCT,1,,1,,200,83.8,434182,1,5,,1.5,2
Cow,295,2-Jul-25,WCT,1,,1,,201,84,,,,,7.2,1
Dry,210,9-Jul-25,WCT,1,,1,,209,84.1,434506,,,,3.3,1
Cow,250,27-Sep-25,WCT,2,,1,,198,84.3,434789,1,,,7.2,2
Cow,250,27-Sep-25,WCT,1,,1,,205,84.4,687823,,,,7.2,2
Cow,250,27-Sep-25,WCT,1,,1,,198,84.5,444868,,,,7.2,2
Cow,295,2-Jul-25,WCT,2,,1,,195,85.2,434789,,,,7.2,1
Cow,250,27-Sep-25,WCT,1,,1,,205,85.3,433025,1,,,7.2,2
Cow,295,2-Jul-25,WCT,1,,1,,211,85.6,442996,,,,7.2,1
CCT,261,9-Sep-25,WCT,1,,1,,196,85.6,438312,1,,,1.8,2
CCT,261,9-Sep-25,WCT,1,,1,,195,85.9,687692,,,,1.8,2
Cow,250,27-Sep-25,WCT,1,,1,,205,85.9,,,,,7.2,2
Cow,295,2-Jul-25,WCT,1,,1,,199,86,444770,,,,7.2,1
Cow,295,2-Jul-25,WCT,1,,1,,202,86.3,433025,,,,7.2,1
Cow,250,27-Sep-25,WCT,1,,1,,197,86.3,688025,,,,7.2,2
CCT,261,9-Sep-25,WCT,2,,1,,196,86.4,444550,1,,,1.8,2
Buffalo,294,10-Oct-25,WCT,3,,1,,200,86.7,688394,,2,,1.5,2
Cow,250,27-Sep-25,WCT,1,,1,,207,86.7,,,,,7.2,2
Cow,250,27-Sep-25,WCT,1,,1,,209,86.9,,,,,7.2,2
Dry,210,9-Jul-25,WCT,1,,1,,203,87.1,443539,,,,3.3,1
Buffalo,294,10-Oct-25,WCT,1,,1,,197,87.1,688405,,1,,1.5,2
Cow,250,27-Sep-25,WCT,1,,1,,205,87.1,688105,,,,7.2,2
CCT,261,1-Jul-25,WCT,1,1457,1,195,184,87.2,438312,,,,1.8,1
Cow,250,27-Sep-25,WCT,1,,1,,211,87.2,443243,1,,,7.2,2
Cow,295,2-Jul-25,WCT,1,,1,,218,87.5,434414,,,,7.2,1
Buffalo,294,15-Jul-25,WCT,2,2951,1,,204,88,433913,,,,1.5,1
Cow,250,27-Sep-25,WCT,1,,1,,202,88,,,,,7.2,2
Alkali,250,16-Jul-25,WCT,2,,1,,193,88.3,444549,,,,1.7,1
Cow,295,2-Jul-25,WCT,2,,1,,212,88.5,444605,,,,7.2,1
CCT,261,1-Jul-25,WCT,2,1594,1,,192,88.9,442290,,,,1.8,1
Cow,295,2-Jul-25,WCT,3,,1,,203,88.9,443965,,,,7.2,1
Cow,250,27-Sep-25,WCT,1,,1,,203,90,688064,,,,7.2,2
Cow,295,2-Jul-25,WCT,1,,1,,206,90.1,,,,,7.2,1
Cow,295,2-Jul-25,WCT,3,,1,,199,90.2,434335,,,,7.2,1
Cow,295,2-Jul-25,WCT,3,,1,,204,90.2,434131,,,,7.2,1
Buffalo,294,15-Jul-25,WCT,1,,1,,203,90.5,442445,,,,1.5,1
Cow,295,2-Jul-25,WCT,3,,1,,198,90.7,434196,,,,7.2,1
Cow,250,27-Sep-25,WCT,1,,1,,206,91,,,,,7.2,2
Cow,295,2-Jul-25,WCT,1,,1,,205,91.1,434141,,,,7.2,1
Cow,250,27-Sep-25,WCT,1,,1,,203,91.1,688067,,,,7.2,2
Cow,250,27-Sep-25,WCT,1,,1,,210,91.1,,,,,7.2,2
Cow,250,27-Sep-25,WCT,1,,1,,213,91.1,438017,,,,7.2,2
Cow,250,27-Sep-25,WCT,1,,1,,205,92.7,688167,,,,7.2,2
Cow,250,27-Sep-25,WCT,1,,1,,209,93,,,,,7.2,2
Cow,295,2-Jul-25,WCT,1,,1,,215,94.8,443243,,,,7.2,1
Cow,250,27-Sep-25,WCT,1,,1,,205,94.9,687997,,,,7.2,2
Cow,295,2-Jul-25,WCT,3,,1,,211,95.6,444827,,,,7.2,1
CCT,261,1-Jul-25,WCT,1,1457,1,214,203,95.7,435378,,,,1.8,1
Cow,250,27-Sep-25,WCT,1,,1,,215,96.6,687927,,,,7.2,2
Cow,250,27-Sep-25,WCT,1,,1,,212,97,687974,,,,7.2,2
Buffalo,294,15-Jul-25,WCT,1,,1,,204,97.4,437521,,,,1.5,1
CCT,261,9-Sep-25,WCT,1,,1,,209,98.5,442290,1,,,1.8,2
CCT,261,1-Jul-25,WCT,1,1457,1,205,193,98.9,442189,,,,1.8,1
Cow,250,27-Sep-25,WCT,1,,1,,210,99.1,441804,,,,7.2,2
Cow,250,27-Sep-25,WCT,1,,1,,222,99.5,,,,,7.2,2
Alkali,250,16-Jul-25,WCT,1,,1,,199,99.9,441107,,,,1.7,1
Buffalo,294,15-Jul-25,WCT,1,,1,,217,100.8,443765,,,,1.5,1
Buffalo,294,15-Jul-25,WCT,3,2028,1,,209,100.9,436487,,,,1.5,1
Cow,295,2-Jul-25,WCT,3,,1,,211,101.1,433167,,,,7.2,1
Buffalo,294,15-Jul-25,WCT,1,,1,,212,101.2,433940,,,,1.5,1
Buffalo,294,15-Jul-25,WCT,1,,1,,215,101.7,435526,,,,1.5,1
Cow,250,27-Sep-25,WCT,1,,1,,218,101.8,436814,,,,7.2,2
Cow,250,27-Sep-25,WCT,1,,1,,219,102,688063,,,,7.2,2
Buffalo,294,15-Jul-25,WCT,3,2028,1,,208,102.1,438784,,,,1.5,1
Cow,250,27-Sep-25,WCT,1,,1,,215,103,,,,,7.2,2
Cow,250,27-Sep-25,WCT,1,,1,,215,106.3,688208,,,,7.2,2
Cow,295,2-Jul-25,WCT,3,,1,,222,107,438800,,,,7.2,1
CCT,261,9-Sep-25,WCT,1,,1,,216,107,687877,,9,,1.8,2
Cow,295,2-Jul-25,WCT,1,,1,,217,107.5,,,,,7.2,1
Buffalo,294,15-Jul-25,WCT,2,2951,1,,211,107.6,444401,,,,1.5,1
Cow,295,2-Jul-25,WCT,1,,1,,218,108.1,442075,,,,7.2,1
Cow,250,27-Sep-25,WCT,1,,1,,213,109.1,436888,,,,7.2,2
Cow,295,2-Jul-25,WCT,3,,1,,213,111.3,443525,,,,7.2,1
Cow,295,2-Jul-25,WCT,3,,1,,219,111.9,433208,,,,7.2,1
Cow,250,27-Sep-25,WCT,1,,1,,223,111.9,,,,,7.2,2
Cow,250,27-Sep-25,WCT,1,,1,,227,112.2,688104,,,,7.2,2
Cow,295,2-Jul-25,WCT,1,,1,,221,113.2,434170,,,,7.2,1
Alkali,250,11-Oct-25,WCT,1,,1,,220,113.4,,,3,,1.7,2
Cow,295,2-Jul-25,WCT,1,,1,,236,113.8,438086,,,,7.2,1
Cow,250,27-Sep-25,WCT,1,,1,,220,114.1,688133,,,,7.2,2
Jake Canyon,421,16-Jul-25,WCT,1,,1,,221,114.3,444142,,,,1.2,1
Cow,295,2-Jul-25,WCT,3,,1,,221,115.2,441735,,,,7.2,1
Buffalo,294,15-Jul-25,WCT,1,,1,,220,115.3,434867,,,,1.5,1
Cow,250,27-Sep-25,WCT,1,,1,,227,115.8,442097,,8,,7.2,2
Cow,295,2-Jul-25,WCT,2,,1,,224,118.2,444304,,,,7.2,1
Alkali,250,16-Jul-25,WCT,1,,1,,209,118.5,438185,,,,1.7,1
Cow,295,2-Jul-25,WCT,2,,1,,233,118.7,441042,,,,7.2,1
Alkali,250,11-Oct-25,WCT,1,,1,,222,120.1,444549,1,4,,1.7,2
Cow,250,27-Sep-25,WCT,1,,1,,224,121.8,688014,,,,7.2,2
Cow,250,27-Sep-25,WCT,1,,1,,220,122.5,688213,,,,7.2,2
Cow,250,27-Sep-25,WCT,1,,1,,216,123,688027,,,,7.2,2
Cow,250,27-Sep-25,WCT,1,,1,,233,123,435794,,4,,7.2,2
Cow,250,27-Sep-25,WCT,1,,1,,223,123.2,438760,,,,7.2,2
Cow,250,27-Sep-25,WCT,2,,1,,236,123.4,440964,1,,,7.2,2
Cow,250,27-Sep-25,WCT,1,,1,,234,123.6,435057,,3,,7.2,2
Cow,295,2-Jul-25,WCT,1,,1,,233,123.7,436813,,,,7.2,1
Cow,250,27-Sep-25,WCT,1,,1,,233,123.8,443208,,7,,7.2,2
Alkali,250,11-Oct-25,WCT,1,,1,,225,124.4,,,2,,1.7,2
Cow,295,2-Jul-25,WCT,1,,1,,230,124.8,,,,,7.2,1
Cow,250,27-Sep-25,WCT,1,,1,,244,124.8,443823,,10,,7.2,2
Cow,250,27-Sep-25,WCT,1,,1,,229,125,688179,,,,7.2,2
Cow,295,2-Jul-25,WCT,3,,1,,222,125.1,443760,,,,7.2,1
Cow,295,2-Jul-25,WCT,1,,1,,228,126.2,443984,,,,7.2,1
Cow,295,2-Jul-25,WCT,1,,1,,234,126.8,435330,,,,7.2,1
Cow,250,27-Sep-25,WCT,1,,1,,236,127.1,,,,,7.2,2
Cow,295,2-Jul-25,WCT,3,,1,,235,127.5,437954,,,,7.2,1
Cow,250,27-Sep-25,WCT,1,,1,,224,128.3,435488,,,,7.2,2
Jake Canyon,421,16-Jul-25,WCT,1,,1,,222,130,441922,,,,1.2,1
Alkali,250,16-Jul-25,WCT,1,,1,,229,135.5,443749,,,,1.7,1
Cow,295,2-Jul-25,WCT,3,,1,,229,135.8,444192,,,,7.2,1
Cow,250,27-Sep-25,WCT,1,,1,,215,138.4,437403,,6,,7.2,2
Cow,250,27-Sep-25,WCT,1,,1,,243,139.7,433353,,9,,7.2,2
Cow,250,27-Sep-25,WCT,2,,1,,236,140.3,444304,1,,,7.2,2
Cow,250,27-Sep-25,WCT,1,,1,,244,144.4,688039,,,,7.2,2
Cow,295,2-Jul-25,WCT,1,,1,,236,145.6,438217,,,,7.2,1
Cow,250,27-Sep-25,WCT,1,,1,,245,146.3,444499,,,,7.2,2
Cow,295,2-Jul-25,WCT,2,,1,,239,147.8,441546,,,,7.2,1
Buffalo,294,15-Jul-25,WCT,1,,1,,236,148.2,437110,,,,1.5,1
Cow,295,2-Jul-25,WCT,1,,1,,235,151,438262,,,,7.2,1
Cow,250,27-Sep-25,WCT,1,,1,,248,151,688107,,,,7.2,2
Cow,295,2-Jul-25,WCT,1,,1,,256,152.4,432624,,,,7.2,1
Cow,295,2-Jul-25,WCT,1,,1,,238,153,433377,,,,7.2,1
Cow,295,2-Jul-25,WCT,3,,1,,239,155.7,441999,,,,7.2,1
Cow,250,27-Sep-25,WCT,1,,1,,248,156.4,483487,1,2,,7.2,2
Buffalo,294,15-Jul-25,WCT,2,2951,1,,251,156.5,443914,,,,1.5,1
Cow,295,2-Jul-25,WCT,3,,1,,236,157.9,438487,,,,7.2,1
Jake Canyon,421,16-Jul-25,WCT,1,,1,,220,161.2,435894,,,,1.2,1
CCT,261,9-Sep-25,WCT,1,,1,,231,162.9,687889,,5,,1.8,2
Cow,295,2-Jul-25,WCT,1,,1,,248,163,441012,,,,7.2,1
Jake Canyon,421,16-Jul-25,WCT,1,,1,,223,163.4,444911,,,,1.2,1
Alkali,250,11-Oct-25,WCT,1,,1,,243,166.3,,,5,,1.7,2
Cow,250,27-Sep-25,WCT,1,,1,,256,166.7,,,,,7.2,2
Cow,295,2-Jul-25,WCT,3,,1,,245,167.8,441791,,,,7.2,1
Buffalo,294,15-Jul-25,WCT,1,,1,,254,168.4,442978,,,,1.5,1
Cow,250,27-Sep-25,WCT,1,,1,,210,187,442848,,,,7.2,2
Buffalo,294,15-Jul-25,WCT,1,,1,,264,196.7,444446,,,,1.5,1
Cow,295,2-Jul-25,WCT,2,,1,,270,202.2,437915,,,,7.2,1
Alkali,250,11-Oct-25,WCT,1,,1,,261,204.1,,,6,,1.7,2
Cow,295,2-Jul-25,WCT,1,,1,,275,214.2,434749,,,,7.2,1
Cow,250,27-Sep-25,WCT,1,,1,,277,242.4,438547,,5,,7.2,2
Cow,295,2-Jul-25,WCT,1,,1,,286,254.7,441941,,,,7.2,1
Cow,295,2-Jul-25,WCT,1,,1,,287,264.4,433668,,,,7.2,1
Cow,295,2-Jul-25,WCT,3,,1,,311,339.4,440981,,,,7.2,1
Alkali,250,11-Oct-25,WCT,1,,1,,330,380,,,8,,1.7,2
CLT,251,25-Sep-25,WCT,3,,1,,37,0.4,,,,mort,4.15,2
CLT,251,25-Sep-25,WCT,1,,1,,40,,,,,,4.15,2
CCT,261,9-Sep-25,WCT,3,,1,,41,,,,,,1.8,2
CCT,261,9-Sep-25,WCT,3,,1,,42,,,,,,1.8,2
CLT,251,25-Sep-25,WCT,1,,1,,45,,,,,,4.15,2
CCT,261,9-Sep-25,WCT,3,,1,,51,,,,,,1.8,2
CCT,261,9-Sep-25,WCT,3,,1,,51,,,,,,1.8,2
CCT,261,9-Sep-25,WCT,3,,1,,51,,,,,,1.8,2
CCT,261,9-Sep-25,WCT,3,,1,,52,,,,,,1.8,2
CCT,261,9-Sep-25,WCT,3,,1,,53,,,,,,1.8,2
CCT,261,9-Sep-25,WCT,3,,1,,54,,,,,,1.8,2
CCT,261,9-Sep-25,WCT,3,,1,,56,,,,,,1.8,2
CCT,261,9-Sep-25,WCT,3,,1,,56,,,,,,1.8,2
CCT,261,9-Sep-25,WCT,3,,1,,56,,,,,,1.8,2
Cow,250,27-Sep-25,WCT,2,,1,,56,,,,,,7.2,2
Cow,250,27-Sep-25,WCT,3,,1,,56,,,,,,7.2,2
CCT,261,9-Sep-25,WCT,3,,1,,59,,,,,,1.8,2
Cow,250,27-Sep-25,WCT,3,,1,,59,,,,,,7.2,2
Cow,250,27-Sep-25,WCT,3,,1,,62,,,,,,7.2,2
Cow,250,27-Sep-25,WCT,3,,1,,63,,,,,,7.2,2
CLT,251,25-Sep-25,WCT,1,,1,,64,,,,,,4.15,2
Cow,250,27-Sep-25,WCT,3,,1,,64,,,,,,7.2,2
CLT,251,25-Sep-25,WCT,1,,1,,67,,,,,,4.15,2
CLT,251,25-Sep-25,WCT,1,,1,,67,,,,,,4.15,2
CLT,251,25-Sep-25,WCT,1,,1,,67,,,,,,4.15,2
CLT,251,25-Sep-25,WCT,1,,1,,67,,,,,,4.15,2
CLT,251,25-Sep-25,WCT,1,,1,,69,,,,,,4.15,2
CLT,251,25-Sep-25,WCT,1,,1,,70,,,,,,4.15,2
CLT,251,25-Sep-25,WCT,1,,1,,74,,,,,,4.15,2
CLT,251,25-Sep-25,WCT,1,,1,,76,,,,,,4.15,2
Cow,250,27-Sep-25,WCT,2,,1,,76,,,,,,7.2,2
Cow,250,27-Sep-25,WCT,3,,1,,76,,,,,,7.2,2
Cow,250,27-Sep-25,WCT,2,,1,,78,,,,,,7.2,2
CCT,261,9-Sep-25,WCT,3,,1,,80,,,,,,1.8,2
Cow,250,27-Sep-25,WCT,2,,1,,80,,,,,,7.2,2
Cow,250,27-Sep-25,WCT,2,,1,,80,,,,,,7.2,2
Cow,250,27-Sep-25,WCT,2,,1,,80,,,,,,7.2,2
Cow,250,27-Sep-25,WCT,3,,1,,80,,,,,,7.2,2
Cow,250,27-Sep-25,WCT,2,,1,,81,,,,,,7.2,2
CLT,251,25-Sep-25,WCT,1,,1,,82,,,,,,4.15,2
CLT,251,25-Sep-25,WCT,1,,1,,82,,,,,,4.15,2
Cow,250,27-Sep-25,WCT,2,,1,,82,,,,,,7.2,2
CLT,251,25-Sep-25,WCT,1,,1,,83,,,,,,4.15,2
CCT,261,9-Sep-25,WCT,3,,1,,83,,,,,,1.8,2
Cow,250,27-Sep-25,WCT,2,,1,,83,,,,,,7.2,2
Cow,250,27-Sep-25,WCT,2,,1,,83,,,,,,7.2,2
Cow,250,27-Sep-25,WCT,3,,1,,83,,,,,,7.2,2
CLT,251,25-Sep-25,WCT,1,,1,,84,,,,,,4.15,2
Cow,250,27-Sep-25,WCT,2,,1,,84,,,,,,7.2,2
Cow,250,27-Sep-25,WCT,2,,1,,84,,,,,,7.2,2
Cow,250,27-Sep-25,WCT,2,,1,,84,,,,,,7.2,2
Cow,250,27-Sep-25,WCT,3,,1,,84,,,,,,7.2,2
Cow,250,27-Sep-25,WCT,3,,1,,84,,,,,,7.2,2
Cow,250,27-Sep-25,WCT,2,,1,,85,,,,,,7.2,2
Cow,250,27-Sep-25,WCT,2,,1,,86,,,,,,7.2,2
Cow,250,27-Sep-25,WCT,3,,1,,86,,,,,,7.2,2
Cow,250,27-Sep-25,WCT,3,,1,,86,,,,,,7.2,2
CLT,251,25-Sep-25,WCT,1,,1,,87,,,,,,4.15,2
Cow,250,27-Sep-25,WCT,2,,1,,87,,,,,,7.2,2
Cow,250,27-Sep-25,WCT,2,,1,,87,,,,,,7.2,2
Cow,250,27-Sep-25,WCT,3,,1,,87,,,,,,7.2,2
Cow,250,27-Sep-25,WCT,3,,1,,87,,,,,,7.2,2
Cow,250,27-Sep-25,WCT,2,,1,,88,,,,,,7.2,2
Cow,250,27-Sep-25,WCT,2,,1,,88,,,,,,7.2,2
Cow,250,27-Sep-25,WCT,2,,1,,89,,,,,,7.2,2
Cow,250,27-Sep-25,WCT,2,,1,,89,,,,,,7.2,2
Cow,250,27-Sep-25,WCT,3,,1,,89,,,,,,7.2,2
CLT,251,25-Sep-25,WCT,1,,1,,90,,,,,,4.15,2
Cow,250,27-Sep-25,WCT,2,,1,,90,,,,,,7.2,2
Cow,250,27-Sep-25,WCT,2,,1,,90,,,,,,7.2,2
Cow,250,27-Sep-25,WCT,2,,1,,90,,,,,,7.2,2
Cow,250,27-Sep-25,WCT,2,,1,,90,,,,,,7.2,2
Cow,250,27-Sep-25,WCT,3,,1,,90,,,,,,7.2,2
Cow,250,27-Sep-25,WCT,2,,1,,91,,,,,,7.2,2
Cow,250,27-Sep-25,WCT,2,,1,,91,,,,,,7.2,2
Cow,250,27-Sep-25,WCT,2,,1,,91,,,,,,7.2,2
Cow,250,27-Sep-25,WCT,3,,1,,91,,,,,,7.2,2
CLT,251,25-Sep-25,WCT,1,,1,,92,,,,,,4.15,2
CLT,251,25-Sep-25,WCT,1,,1,,92,,,,,,4.15,2
CLT,251,25-Sep-25,WCT,1,,1,,92,,,,,,4.15,2
Cow,250,27-Sep-25,WCT,2,,1,,92,,,,,,7.2,2
Cow,250,27-Sep-25,WCT,2,,1,,92,,,,,,7.2,2
Cow,250,27-Sep-25,WCT,2,,1,,92,,,,,,7.2,2
Cow,250,27-Sep-25,WCT,2,,1,,92,,,,,,7.2,2
Cow,250,27-Sep-25,WCT,3,,1,,92,,,,,,7.2,2
CLT,251,25-Sep-25,WCT,1,,1,,93,,,,,,4.15,2
CCT,261,9-Sep-25,WCT,3,,1,,93,,,,,,1.8,2
Cow,250,27-Sep-25,WCT,2,,1,,93,,,,,,7.2,2
Cow,250,27-Sep-25,WCT,2,,1,,93,,,,,,7.2,2
Cow,250,27-Sep-25,WCT,2,,1,,93,,,,,,7.2,2
Cow,250,27-Sep-25,WCT,2,,1,,93,,,,,,7.2,2
Cow,250,27-Sep-25,WCT,3,,1,,93,,,,,,7.2,2
CLT,251,25-Sep-25,WCT,1,,1,,94,,435115,1,,,4.15,2
CLT,251,25-Sep-25,WCT,1,,1,,94,,,,,,4.15,2
Cow,250,27-Sep-25,WCT,2,,1,,94,,,,,,7.2,2
Cow,250,27-Sep-25,WCT,3,,1,,94,,,,,,7.2,2
Cow,250,27-Sep-25,WCT,3,,1,,94,,,,,,7.2,2
Cow,250,27-Sep-25,WCT,3,,1,,94,,,,,,7.2,2
CLT,251,25-Sep-25,WCT,1,,1,,95,,,,,,4.15,2
CCT,261,9-Sep-25,WCT,3,,1,,95,,,,,,1.8,2
Cow,250,27-Sep-25,WCT,2,,1,,95,,,,,,7.2,2
Cow,250,27-Sep-25,WCT,2,,1,,95,,,,,,7.2,2
Cow,250,27-Sep-25,WCT,2,,1,,95,,,,,,7.2,2
Cow,250,27-Sep-25,WCT,2,,1,,96,,,,,,7.2,2
Cow,250,27-Sep-25,WCT,2,,1,,96,,,,,,7.2,2
Cow,250,27-Sep-25,WCT,2,,1,,96,,,,,,7.2,2
Cow,250,27-Sep-25,WCT,3,,1,,96,,,,,,7.2,2
CCT,261,9-Sep-25,WCT,3,,1,,97,,,,,,1.8,2
Cow,250,27-Sep-25,WCT,2,,1,,97,,,,,,7.2,2
Cow,250,27-Sep-25,WCT,2,,1,,97,,,,,,7.2,2
Cow,250,27-Sep-25,WCT,2,,1,,97,,,,,,7.2,2
Cow,250,27-Sep-25,WCT,2,,1,,97,,,,,,7.2,2
Cow,250,27-Sep-25,WCT,2,,1,,97,,,,,,7.2,2
Cow,250,27-Sep-25,WCT,2,,1,,97,,,,,,7.2,2
Cow,250,27-Sep-25,WCT,2,,1,,97,,,,,,7.2,2
Cow,250,27-Sep-25,WCT,3,,1,,97,,,,,,7.2,2
CLT,251,25-Sep-25,WCT,1,,1,,98,,,,,,4.15,2
Cow,250,27-Sep-25,WCT,2,,1,,98,,,,,,7.2,2
Cow,250,27-Sep-25,WCT,2,,1,,98,,,,,,7.2,2
Cow,250,27-Sep-25,WCT,2,,1,,98,,,,,,7.2,2
Cow,250,27-Sep-25,WCT,2,,1,,98,,,,,,7.2,2
Cow,250,27-Sep-25,WCT,2,,1,,98,,,,,,7.2,2
CLT,251,25-Sep-25,WCT,1,,1,,99,,,,,,4.15,2
Cow,250,27-Sep-25,WCT,2,,1,,99,,,,,,7.2,2
Cow,250,27-Sep-25,WCT,2,,1,,99,,,,,,7.2,2
CLT,251,25-Sep-25,WCT,1,,1,,100,,,,,,4.15,2
CLT,251,25-Sep-25,WCT,1,,1,,100,,,,,,4.15,2
CLT,251,25-Sep-25,WCT,1,,1,,100,,,,,,4.15,2
CCT,261,9-Sep-25,WCT,3,,1,,100,,,,,,1.8,2
Cow,250,27-Sep-25,WCT,2,,1,,100,,,,,,7.2,2
Cow,250,27-Sep-25,WCT,2,,1,,100,,,,,,7.2,2
Cow,250,27-Sep-25,WCT,2,,1,,101,,,,,,7.2,2
Cow,250,27-Sep-25,WCT,2,,1,,101,,,,,,7.2,2
Cow,250,27-Sep-25,WCT,2,,1,,101,,,,,,7.2,2
CLT,251,25-Sep-25,WCT,1,,1,,102,,,,,,4.15,2
Cow,250,27-Sep-25,WCT,2,,1,,102,,,,,,7.2,2
Cow,250,27-Sep-25,WCT,2,,1,,102,,,,,,7.2,2
Cow,250,27-Sep-25,WCT,2,,1,,102,,,,,,7.2,2
Cow,250,27-Sep-25,WCT,2,,1,,103,,,,,,7.2,2
Cow,250,27-Sep-25,WCT,3,,1,,103,,,,,,7.2,2
CLT,251,25-Sep-25,WCT,1,,1,,104,,441776,1,,,4.15,2
CLT,251,25-Sep-25,WCT,1,,1,,104,,,,,,4.15,2
CLT,251,25-Sep-25,WCT,1,,1,,104,,,,,,4.15,2
CLT,251,25-Sep-25,WCT,1,,1,,104,,,,,,4.15,2
Cow,250,27-Sep-25,WCT,2,,1,,104,,,,,,7.2,2
Cow,250,27-Sep-25,WCT,2,,1,,104,,,,,,7.2,2
Cow,250,27-Sep-25,WCT,2,,1,,104,,,,,,7.2,2
Cow,250,27-Sep-25,WCT,2,,1,,104,,,,,,7.2,2
Cow,250,27-Sep-25,WCT,2,,1,,104,,,,,,7.2,2
Cow,250,27-Sep-25,WCT,3,,1,,104,,,,,,7.2,2
Cow,250,27-Sep-25,WCT,2,,1,,105,,,,,,7.2,2
Cow,250,27-Sep-25,WCT,2,,1,,105,,,,,,7.2,2
Cow,250,27-Sep-25,WCT,2,,1,,105,,,,,,7.2,2
CLT,251,25-Sep-25,WCT,1,,1,,106,,,,,,4.15,2
Cow,250,27-Sep-25,WCT,2,,1,,106,,,,,,7.2,2
Cow,250,27-Sep-25,WCT,2,,1,,106,,,,,,7.2,2
Cow,250,27-Sep-25,WCT,2,,1,,106,,,,,,7.2,2
CLT,251,25-Sep-25,WCT,1,,1,,107,,,,,,4.15,2
CLT,251,25-Sep-25,WCT,1,,1,,108,,,,,,4.15,2
CLT,251,25-Sep-25,WCT,1,,1,,108,,,,,,4.15,2
CCT,261,9-Sep-25,WCT,3,,1,,108,,,,,,1.8,2
CCT,261,9-Sep-25,WCT,3,,1,,108,,,,,,1.8,2
Cow,250,27-Sep-25,WCT,2,,1,,108,,,,,,7.2,2
Cow,250,27-Sep-25,WCT,2,,1,,108,,,,,,7.2,2
Cow,250,27-Sep-25,WCT,2,,1,,108,,,,,,7.2,2
CLT,251,25-Sep-25,WCT,1,,1,,109,,,,,,4.15,2
CLT,251,25-Sep-25,WCT,1,,1,,111,,,,,,4.15,2
CLT,251,25-Sep-25,WCT,1,,1,,111,,,,,,4.15,2
CLT,251,25-Sep-25,WCT,1,,1,,111,,,,,,4.15,2
Cow,250,27-Sep-25,WCT,2,,1,,111,,,,,,7.2,2
Cow,250,27-Sep-25,WCT,2,,1,,111,,,,,,7.2,2
Cow,250,27-Sep-25,WCT,2,,1,,111,,,,,,7.2,2
CLT,251,25-Sep-25,WCT,1,,1,,112,,,,,,4.15,2
Cow,250,27-Sep-25,WCT,2,,1,,112,,,,,,7.2,2
Cow,250,27-Sep-25,WCT,3,,1,,113,,,,,,7.2,2
Cow,250,27-Sep-25,WCT,2,,1,,114,,,,,,7.2,2
Cow,250,27-Sep-25,WCT,2,,1,,114,,,,,,7.2,2
Cow,250,27-Sep-25,WCT,2,,1,,114,,,,,,7.2,2
Cow,250,27-Sep-25,WCT,2,,1,,114,,,,,,7.2,2
Cow,250,27-Sep-25,WCT,2,,1,,114,,,,,,7.2,2
Cow,250,27-Sep-25,WCT,2,,1,,114,,,,,,7.2,2
Cow,250,27-Sep-25,WCT,2,,1,,114,,,,,,7.2,2
Cow,250,27-Sep-25,WCT,2,,1,,115,,,,,,7.2,2
Cow,250,27-Sep-25,WCT,2,,1,,115,,,,,,7.2,2
Cow,250,27-Sep-25,WCT,2,,1,,115,,,,,,7.2,2
Cow,250,27-Sep-25,WCT,2,,1,,115,,,,,,7.2,2
Cow,250,27-Sep-25,WCT,3,,1,,115,,,,,,7.2,2
CLT,251,25-Sep-25,WCT,1,,1,,116,,,,,,4.15,2
CLT,251,25-Sep-25,WCT,1,,1,,116,,,,,,4.15,2
Cow,250,27-Sep-25,WCT,2,,1,,116,,,,,,7.2,2
Cow,250,27-Sep-25,WCT,2,,1,,116,,,,,,7.2,2
Cow,250,27-Sep-25,WCT,2,,1,,116,,,,,,7.2,2
Cow,250,27-Sep-25,WCT,3,,1,,116,,,,,,7.2,2
CLT,251,25-Sep-25,WCT,1,,1,,117,,,,,,4.15,2
Cow,250,27-Sep-25,WCT,2,,1,,117,,,,,,7.2,2
Cow,250,27-Sep-25,WCT,2,,1,,118,,,,,,7.2,2
Cow,250,27-Sep-25,WCT,2,,1,,118,,,,,,7.2,2
Cow,250,27-Sep-25,WCT,2,,1,,118,,,,,,7.2,2
Cow,250,27-Sep-25,WCT,3,,1,,118,,,,,,7.2,2
Cow,250,27-Sep-25,WCT,3,,1,,118,,,,,,7.2,2
Cow,250,27-Sep-25,WCT,2,,1,,119,,,,,,7.2,2
Cow,250,27-Sep-25,WCT,2,,1,,119,,,,,,7.2,2
CLT,251,25-Sep-25,WCT,1,,1,,120,,,,,,4.15,2
Cow,250,27-Sep-25,WCT,2,,1,,120,,,,,,7.2,2
Cow,250,27-Sep-25,WCT,2,,1,,121,,,,,,7.2,2
Cow,250,27-Sep-25,WCT,2,,1,,122,,,,,,7.2,2
Cow,250,27-Sep-25,WCT,3,,1,,123,,,,,,7.2,2
Cow,250,27-Sep-25,WCT,3,,1,,123,,,,,,7.2,2
CLT,251,25-Sep-25,WCT,1,,1,,124,,,,,,4.15,2
Cow,250,27-Sep-25,WCT,2,,1,,124,,,,,,7.2,2
Cow,250,27-Sep-25,WCT,2,,1,,124,,,,,,7.2,2
CLT,251,25-Sep-25,WCT,1,,1,,125,,,,,,4.15,2
CLT,251,25-Sep-25,WCT,1,,1,,125,,442400,1,,,4.15,2
Cow,250,27-Sep-25,WCT,2,,1,,125,,,,,,7.2,2
CLT,251,25-Sep-25,WCT,1,,1,,126,,,,,,4.15,2
CLT,251,25-Sep-25,WCT,1,,1,,126,,,,,,4.15,2
Cow,250,27-Sep-25,WCT,2,,1,,126,,,,,,7.2,2
Cow,250,27-Sep-25,WCT,2,,1,,126,,,,,,7.2,2
Cow,250,27-Sep-25,WCT,3,,1,,126,,,,,,7.2,2
CLT,251,25-Sep-25,WCT,1,,1,,127,,,,,,4.15,2
CLT,251,25-Sep-25,WCT,1,,1,,127,,,,,,4.15,2
Cow,250,27-Sep-25,WCT,2,,1,,127,,,,,,7.2,2
Cow,250,27-Sep-25,WCT,3,,1,,127,,,,,,7.2,2
CLT,251,25-Sep-25,WCT,1,,1,,128,,435940,1,,,4.15,2
Cow,250,27-Sep-25,WCT,2,,1,,128,,,,,,7.2,2
Cow,250,27-Sep-25,WCT,2,,1,,128,,,,,,7.2,2
Cow,250,27-Sep-25,WCT,2,,1,,128,,,,,,7.2,2
Cow,250,27-Sep-25,WCT,2,,1,,130,,,,,,7.2,2
Cow,250,27-Sep-25,WCT,2,,1,,130,,,,,,7.2,2
Cow,250,27-Sep-25,WCT,3,,1,,130,,,,,,7.2,2
Cow,250,27-Sep-25,WCT,3,,1,,131,,,,,,7.2,2
Cow,250,27-Sep-25,WCT,2,,1,,132,,,,,,7.2,2
CLT,251,25-Sep-25,WCT,1,,1,,133,,,,,,4.15,2
CLT,251,25-Sep-25,WCT,1,,1,,133,,,,,,4.15,2
Cow,250,27-Sep-25,WCT,2,,1,,133,,,,,,7.2,2
Cow,250,27-Sep-25,WCT,3,,1,,133,,,,,,7.2,2
Cow,250,27-Sep-25,WCT,2,,1,,135,,,,,,7.2,2
Cow,250,27-Sep-25,WCT,2,,1,,135,,,,,,7.2,2
CLT,251,25-Sep-25,WCT,1,,1,,136,,,,,,4.15,2
CLT,251,25-Sep-25,WCT,1,,1,,137,,,,,,4.15,2
Cow,250,27-Sep-25,WCT,2,,1,,139,,,,,,7.2,2
CLT,251,25-Sep-25,WCT,1,,1,,140,,,,,,4.15,2
CCT,261,9-Sep-25,WCT,3,,1,,140,,,,,,1.8,2
Cow,250,27-Sep-25,WCT,2,,1,,140,,,,,,7.2,2
Cow,250,27-Sep-25,WCT,2,,1,,141,,,,,,7.2,2
CLT,251,25-Sep-25,WCT,1,,1,,142,,,,,,4.15,2
Cow,250,27-Sep-25,WCT,2,,1,,142,,,,,,7.2,2
CLT,251,25-Sep-25,WCT,1,,1,,143,,,,,,4.15,2
CLT,251,25-Sep-25,WCT,1,,1,,143,,,,,,4.15,2
Cow,250,27-Sep-25,WCT,2,,1,,143,,,,,,7.2,2
Cow,250,27-Sep-25,WCT,2,,1,,143,,,,,,7.2,2
Cow,250,27-Sep-25,WCT,2,,1,,143,,,,,,7.2,2
Cow,250,27-Sep-25,WCT,2,,1,,143,,,,,,7.2,2
Cow,250,27-Sep-25,WCT,2,,1,,145,,,,,,7.2,2
CLT,251,25-Sep-25,WCT,1,,1,,146,,,,,,4.15,2
Cow,250,27-Sep-25,WCT,2,,1,,146,,,,,,7.2,2
CLT,251,25-Sep-25,WCT,1,,1,,147,,,,,,4.15,2
CLT,251,25-Sep-25,WCT,1,,1,,147,,,,,,4.15,2
Cow,250,27-Sep-25,WCT,2,,1,,147,,,,,,7.2,2
Cow,250,27-Sep-25,WCT,2,,1,,147,,,,,,7.2,2
Cow,250,27-Sep-25,WCT,2,,1,,147,,,,,,7.2,2
CLT,251,25-Sep-25,WCT,1,,1,,148,,,,,,4.15,2
CLT,251,25-Sep-25,WCT,1,,1,,148,,,,,,4.15,2
CLT,251,25-Sep-25,WCT,1,,1,,148,,,,,,4.15,2
Cow,250,27-Sep-25,WCT,2,,1,,148,,,,,,7.2,2
Cow,250,27-Sep-25,WCT,2,,1,,148,,,,,,7.2,2
Cow,295,2-Jul-25,WCT,2,,1,,184,,437235,,,WxL mistake w 16.1,7.2,1
Buffalo,294,15-Jul-25,WCT,1,,1,,120,,,,,Jail break fish,1.5,1
Jake Canyon,421,16-Jul-25,WCT,2,,0,,,,,,,,1.2,1
CLT,251,25-Sep-25,WCT,1,,1,,151,,,,,,4.15,2
Cow,250,27-Sep-25,WCT,2,,1,,152,,,,,,7.2,2
CLT,251,25-Sep-25,WCT,1,,1,,154,,,,,,4.15,2
Cow,250,27-Sep-25,WCT,2,,1,,154,,,,,,7.2,2
Cow,250,27-Sep-25,WCT,3,,1,,154,,,,,,7.2,2
Cow,250,27-Sep-25,WCT,2,,1,,157,,,,,,7.2,2
Cow,250,27-Sep-25,WCT,2,,1,,157,,,,,,7.2,2
CCT,261,9-Sep-25,WCT,3,,1,,159,,,,,,1.8,2
Cow,250,27-Sep-25,WCT,2,,1,,159,,,,,,7.2,2
CCT,261,9-Sep-25,WCT,3,,1,,164,,,,,,1.8,2
Cow,250,27-Sep-25,WCT,2,,1,,164,,,,,,7.2,2
Cow,250,27-Sep-25,WCT,3,,1,,165,,,,,,7.2,2
CLT,251,25-Sep-25,WCT,1,,1,,169,,,,,,4.15,2
Cow,250,27-Sep-25,WCT,2,,1,,171,,,,,,7.2,2
Cow,250,27-Sep-25,WCT,2,,1,,176,,,,,,7.2,2
Cow,250,27-Sep-25,WCT,2,,1,,177,,,,,,7.2,2
Cow,250,27-Sep-25,WCT,2,,1,,182,,,,,,7.2,2
Cow,250,27-Sep-25,WCT,3,,1,,182,,,,,,7.2,2
CLT,251,25-Sep-25,WCT,1,,1,,186,,,,,,4.15,2
Cow,250,27-Sep-25,WCT,2,,1,,187,,,,,,7.2,2
Cow,250,27-Sep-25,WCT,3,,1,,187,,,,,,7.2,2
Cow,250,27-Sep-25,WCT,2,,1,,188,,,,,,7.2,2
Cow,250,27-Sep-25,WCT,3,,1,,192,,,,,,7.2,2
Cow,250,27-Sep-25,WCT,2,,1,,194,,,,,,7.2,2
Cow,250,27-Sep-25,WCT,2,,1,,195,,,,,,7.2,2
Cow,250,27-Sep-25,WCT,3,,1,,202,,,,,,7.2,2
Cow,250,27-Sep-25,WCT,2,,1,,203,,,,,,7.2,2
Cow,250,27-Sep-25,WCT,2,,1,,217,,,,,,7.2,2
Cow,250,27-Sep-25,WCT,2,,1,,219,,,,,,7.2,2
Cow,250,27-Sep-25,WCT,3,,1,,225,,,,,,7.2,2
Cow,250,27-Sep-25,WCT,2,,1,,230,,,,,,7.2,2
Cow,250,27-Sep-25,WCT,2,,1,,232,,,,,,7.2,2
Cow,250,27-Sep-25,WCT,2,,1,,240,,,,,,7.2,2
Cow,250,27-Sep-25,WCT,2,,1,,260,,,,,,7.2,2
